id,parte,modulo_numero,modulo_titulo,numero,dificuldade,enunciado,codigo_placa,alternativa_correta,comentario,incorreta_1,incorreta_2,incorreta_3,fonte
p1-m1-q1,1,1,"Placas, Cores e Caminhos",1,facil,"Ao ver a placa de “Área Escolar”, o que o motorista deve fazer?",A-33a,Reduzir a velocidade e redobrar a atenção com crianças e pedestres.,A placa alerta o condutor sobre o risco aumentado e exige prudência.,"Seguir na mesma velocidade, já que é uma rua comum.",Buzinar para avisar os pedestres.,Acelerar para passar antes do sinal vermelho.,/Users/lucianodiisouza/Documents/projects/autocurso-2000/Banco Nacional de Questões.pdf
p1-m1-q2,1,1,"Placas, Cores e Caminhos",2,intermediario,"Ao virar à direita ou à esquerda, qual atitude básica?",,Sinalizar a manobra antes de virar.,"O condutor deve sempre sinalizar a direção antes de virar para avisar os demais usuários da via
e evitar acidentes.",Virar em alta velocidade.,Parar sobre a faixa de pedestres.,Buzinar e entrar sem olhar.,/Users/lucianodiisouza/Documents/projects/autocurso-2000/Banco Nacional de Questões.pdf
p1-m1-q3,1,1,"Placas, Cores e Caminhos",3,intermediario,"Cruzamento sem semáforo. Você vai virar à esquerda e há pedestres iniciando a
travessia na faixa. Ao mesmo tempo, vem carro no sentido contrário. O que fazer?",,"Parar, ceder passagem aos pedestres e também aos veículos do sentido contrário, só
convertendo quando tudo estiver seguro e sinalizado.","Conforme estabelece o Art. 70 e o Art. 214, inciso IV do CTB, o pedestre que já iniciou a
travessia na faixa tem prioridade absoluta, sendo infração grave não ceder-lhe passagem. Adicionalmente, o
Art. 38, Parágrafo único, estabelece que o condutor que for realizar a manobra de conversão à esquerda deve
ceder passagem aos pedestres e aos veículos que transitam em sentido contrário pela pista.",Virar rápido no espaço entre eles.,Buzinar para todos saírem.,Forçar a entrada com farol alto.,/Users/lucianodiisouza/Documents/projects/autocurso-2000/Banco Nacional de Questões.pdf
p1-m1-q4,1,1,"Placas, Cores e Caminhos",4,intermediario,"Cruzamento sem sinalização entre uma rodovia e uma via local. Quem tem
preferência?",,Quem trafega pela rodovia.,"Conforme estabelece o art. 29, inciso III, alínea ""a"" do CTB, quando veículos, transitando por
fluxos que se cruzem, se aproximarem de local não sinalizado, terá preferência de passagem, no caso de
apenas um fluxo ser proveniente de rodovia, aquele que estiver circulando por ela.",Quem vem mais rápido pela via local.,Quem buzina.,Quem chega primeiro.,/Users/lucianodiisouza/Documents/projects/autocurso-2000/Banco Nacional de Questões.pdf
p1-m1-q5,1,1,"Placas, Cores e Caminhos",5,dificil,"Em um cruzamento, se o agente de trânsito ordenar ao condutor que avance, mas o
semáforo estiver vermelho, qual ordem deve ser obedecida?",,"Seguir a ordem do agente, avançando com cuidado.","Conforme estabelece o art. 89, inciso I do CTB, a sinalização de trânsito segue uma ordem de
prevalência hierárquica, sendo que as ordens do agente de trânsito prevalecem sobre as normas de circulação
e outros sinais, incluindo as indicações do semáforo. Portanto, o condutor deve sempre obedecer à orientação
do agente.",Ficar parado por causa do vermelho.,Buzinar e exigir o verde.,Fazer retorno para evitar a ordem.,/Users/lucianodiisouza/Documents/projects/autocurso-2000/Banco Nacional de Questões.pdf
p1-m1-q6,1,1,"Placas, Cores e Caminhos",6,facil,"Em um cruzamento de área escolar sem semáforo, onde há pedestres esperando para
atravessar, qual é a conduta obrigatória do motorista, conforme o CTB?",,Parar e dar preferência de passagem aos pedestres.,"Conforme estabelece o art. 214, inciso IV do CTB, deixar de dar preferência de passagem a
pedestre ou a ciclista que se encontre na faixa a ele destinada ou que não haja faixa, mas que já tenha iniciado
a travessia é infração gravíssima.",Acelerar e passar antes.,Parar sobre a faixa para mostrar presença.,Buzinar para liberar a passagem.,/Users/lucianodiisouza/Documents/projects/autocurso-2000/Banco Nacional de Questões.pdf
p1-m1-q7,1,1,"Placas, Cores e Caminhos",7,facil,"Em um cruzamento não sinalizado, qual é a ordem de preferência de passagem entre os
veículos?",,O veículo que vem pela direita.,"Conforme estabelece o Art. 29, inciso III do CTB, a preferência deve seguir uma ordem definida:
primeiro, prevalecem os veículos que se deslocam sobre trilhos (inciso XII); em seguida, nos casos em que
apenas um fluxo for proveniente de rodovia, a preferência é de quem estiver circulando pela rodovia (alínea
'a'); se for uma rotatória, a preferência é de quem estiver circulando por ela (alínea 'b'); e, por fim, quando
nenhuma das regras anteriores se aplicar, a preferência de passagem será do veículo que vier pela direita do
condutor (alínea 'c').",Quem buzina mais.,Quem chegar primeiro e acelerar.,O maior veículo.,/Users/lucianodiisouza/Documents/projects/autocurso-2000/Banco Nacional de Questões.pdf
p1-m1-q8,1,1,"Placas, Cores e Caminhos",8,facil,"Em cruzamento sem sinalização, quem tem preferência?",,O veículo que vem pela sua direita.,"Conforme estabelece o Art. 29, inciso III do CTB, a preferência deve seguir uma ordem definida:
primeiro, prevalecem os veículos que se deslocam sobre trilhos (inciso XII); em seguida, nos casos em que
apenas um fluxo for proveniente de rodovia, a preferência é de quem estiver circulando pela rodovia (alínea
'a'); se for uma rotatória, a preferência é de quem estiver circulando por ela (alínea 'b'); e, por fim, quando
nenhuma das regras anteriores se aplicar, a preferência de passagem será do veículo que vier pela direita do
condutor (alínea 'c').",O maior veículo sempre.,Quem buzina mais.,Quem vem pela esquerda.,/Users/lucianodiisouza/Documents/projects/autocurso-2000/Banco Nacional de Questões.pdf
p1-m1-q9,1,1,"Placas, Cores e Caminhos",9,intermediario,"Um condutor que está em uma estrada de terra, em via rural, não vê placa de
sinalização e conduz o veículo com velocidade superior 60 km/h. A ação está correta?",,"Errado. Em estrada (não pavimentada) a máxima é 60 km/h, reduzir ainda mais se houver
poeira, buracos, animais ou pessoas.","Deve reduzir a velocidade por questão de segurança e por ter aderência menor dos pneus em
vias não pavimentada. Art. 61, §1º inciso II, alínea ""c"" do CTB.","Certo, porque não tem fiscalização.","Certo, se não tiver curva.","Certo, se for de dia.",/Users/lucianodiisouza/Documents/projects/autocurso-2000/Banco Nacional de Questões.pdf
p1-m1-q10,1,1,"Placas, Cores e Caminhos",10,dificil,"Em um cruzamento com semáforo apagado, o que fazer?",,Reduzir a velocidade e utilizar a regra da direita,Deve-se aplicar as normas gerais de preferência.,Avançar normalmente.,Parar apenas se quiser.,Acelerar para passar antes.,/Users/lucianodiisouza/Documents/projects/autocurso-2000/Banco Nacional de Questões.pdf
p1-m1-q11,1,1,"Placas, Cores e Caminhos",11,intermediario,Faixa de pedestre elevada serve para:,,Forçar redução de velocidade e dar prioridade segura ao pedestre.,Dispositivo físico de acalmamento de tráfego.,Enfeitar a rua sem função prática.,Servir de estacionamento temporário.,Facilitar ultrapassagens.,/Users/lucianodiisouza/Documents/projects/autocurso-2000/Banco Nacional de Questões.pdf
p1-m1-q12,1,1,"Placas, Cores e Caminhos",12,facil,A presença de uma faixa de pedestres exige do motorista:,,Parar e dar preferência ao pedestre.,Prioridade máxima ao pedestre.,Acelerar para liberar logo a via.,Tocar buzina para o pedestre correr.,Virar o volante sobre a faixa.,/Users/lucianodiisouza/Documents/projects/autocurso-2000/Banco Nacional de Questões.pdf
p1-m1-q13,1,1,"Placas, Cores e Caminhos",13,facil,Faixa exclusiva de ônibus (horário válido):,,"Não pode ser usada por carro, só cruzar para conversão onde permitido.",Exclusividade melhora o transporte coletivo e a segurança.,Pode ser usada para adiantar a viagem.,Pode estacionar “rapidinho”.,Pode trafegar à noite sempre.,/Users/lucianodiisouza/Documents/projects/autocurso-2000/Banco Nacional de Questões.pdf
p1-m1-q14,1,1,"Placas, Cores e Caminhos",14,intermediario,Motociclista em semáforo deve parar:,,"No bolsão de motos, se existir, ou atrás da faixa de pedestres.","O bolsão é espaço seguro, caso não exista, respeita-se a faixa.",No meio dos carros.,"Depois da faixa de pedestres, já na esquina.",Em cima da faixa de pedestres,/Users/lucianodiisouza/Documents/projects/autocurso-2000/Banco Nacional de Questões.pdf
p1-m1-q15,1,1,"Placas, Cores e Caminhos",15,facil,Como os veículos são identificados formalmente?,,"São identificados por meio de placas externas dianterias e traseiras, com letras e números.",A identificação de veículos por placas está prevista no art. 115 do CTB.,Com cores que o proprietário escolhe.,Com enfeites ou adesivos colocados pelo condutor.,O condutor coloca cada roda de uma cor.,/Users/lucianodiisouza/Documents/projects/autocurso-2000/Banco Nacional de Questões.pdf
p1-m1-q16,1,1,"Placas, Cores e Caminhos",16,facil,Por que o motociclista deve sinalizar antes de virar para direita ou para a esquerda?,,Para avisar aos outros a sua intenção e evitar colisões.,"A sinalização é um ato de segurança, não apenas obrigação.",Só por educação.,Para evitar multa apenas.,Para chamar atenção.,/Users/lucianodiisouza/Documents/projects/autocurso-2000/Banco Nacional de Questões.pdf
p1-m1-q17,1,1,"Placas, Cores e Caminhos",17,facil,Quais veículos têm apenas placa traseira?,,Motocicletas e motonetas.,"De acordo com o art. 115, § 6º do CTB",Todos os carros de passeio.,Somente ônibus.,Apenas caminhões.,/Users/lucianodiisouza/Documents/projects/autocurso-2000/Banco Nacional de Questões.pdf
p1-m1-q18,1,1,"Placas, Cores e Caminhos",18,facil,Qual é a função das faixas da esquerda em uma via de várias faixas?,,Servem para ultrapassagem e para veículos mais rápidos.,Isso mantém o fluxo seguro e organizado.,Para caminhões e ônibus.,Para veículos lentos.,Para estacionar.,/Users/lucianodiisouza/Documents/projects/autocurso-2000/Banco Nacional de Questões.pdf
p1-m1-q19,1,1,"Placas, Cores e Caminhos",19,dificil,"Quando há obras na via e sinalização provisória para acesso a imóveis, o condutor deve:",,Seguir as orientações dos agentes ou trabalhadores da obra.,A sinalização provisória garante segurança durante intervenções.,Forçar a passagem.,Ignorar as barreiras.,Fazer manobra pela contramão.,/Users/lucianodiisouza/Documents/projects/autocurso-2000/Banco Nacional de Questões.pdf
p1-m1-q20,1,1,"Placas, Cores e Caminhos",20,intermediario,Aproximação de rotatória sem placa de pare nem semáforo. O que fazer?,,"Reduzir, observar e dar passagem a quem já circula dentro.","Preferência interna é a regra. Art. 29, inciso III, alínea b do CTB",Entrar acelerando porque não tem placa.,Parar dentro da rotatória para decidir a saída.,Parar o veículo completamente.,/Users/lucianodiisouza/Documents/projects/autocurso-2000/Banco Nacional de Questões.pdf
p1-m1-q21,1,1,"Placas, Cores e Caminhos",21,intermediario,"Como se classifica uma pista urbana e elevada, com acesso controlado, sem
cruzamentos, com placas de 80 km/h?",,Via de trânsito rápido.,A classificação de vias encontra-se no anexo do CTB.,Via coletora.,Via local.,Estrada.,/Users/lucianodiisouza/Documents/projects/autocurso-2000/Banco Nacional de Questões.pdf
p1-m1-q22,1,1,"Placas, Cores e Caminhos",22,intermediario,"Você está em uma via coletora (40 km/h) e vê placa uma 30 km/h . Qual conduta o
motorista deve adotar?",,"Obedecer o limite de 30 km/h, pois sinalização específica prevalece.",Placa vigente regula a via naquele trecho.,Manter 40 km/h da coletora.,Seguir na velocidade que entender melhor.,Ignorar porque é temporária.,/Users/lucianodiisouza/Documents/projects/autocurso-2000/Banco Nacional de Questões.pdf
p1-m1-q23,1,1,"Placas, Cores e Caminhos",23,intermediario,"Em certa rotatória há placas dando preferência a quem se aproxima. Qual é a
regra que vale?",,"Vale a sinalização do local, pois essa prevalece.",Sinalização pode alterar a preferência local.,Vale a regra geral sempre.,Vale quem buzina.,Vale quem está mais rápido.,/Users/lucianodiisouza/Documents/projects/autocurso-2000/Banco Nacional de Questões.pdf
p1-m1-q24,1,1,"Placas, Cores e Caminhos",24,facil,"Quando o semáforo passa para a cor amarela, o que um condutor consciente deve fazer?",,Reduzir a velocidade e preparar-se para parar.,A interpretação correta do sinal é uma ação cognitiva essencial.,Acelerar para aproveitar o sinal.,Parar bruscamente no meio da via.,Buzinar para os pedestres atravessarem rápido.,/Users/lucianodiisouza/Documents/projects/autocurso-2000/Banco Nacional de Questões.pdf
p1-m1-q25,1,1,"Placas, Cores e Caminhos",25,facil,Qual a conduta a ser adotada quando ver uma escola e alunos na calçada?,,Reduzir bem a velocidade e ficar atento a travessias.,Devem ser respeitadas as sinalizações de trânsito e as áreas de segurança.,Seguir no limite da via sem reduzir.,Buzinar para avisar.,Acelerar para passar rápido.,/Users/lucianodiisouza/Documents/projects/autocurso-2000/Banco Nacional de Questões.pdf
p1-m1-q26,1,1,"Placas, Cores e Caminhos",26,intermediario,"No contexto da sinalização horizontal de estacionamentos, o que a cor azul (faixa
azul) das vagas representa?",,Vaga destinada a pessoas com deficiência.,"O símbolo azul identifica vagas PCD. A sinalização de vagas especiais de estacionamento deve
seguir o padrão de cor azul e ser complementada pela sinalização vertical e pelo símbolo internacional de
acesso (para PCD) ou pelo Símbolo Internacional de Acesso para Idosos. A cor azul é universalmente utilizada
para indicar estas vagas de uso preferencial ou exclusivo.",Vaga rotativa.,Vaga para idosos.,Vaga para carga e descarga.,/Users/lucianodiisouza/Documents/projects/autocurso-2000/Banco Nacional de Questões.pdf
p1-m1-q27,1,1,"Placas, Cores e Caminhos",27,intermediario,Um motorista vê uma placa de curva perigosa. O que deve fazer?,,Reduzir a velocidade e manter controle do veículo.,"A placa de ""Curva Perigosa"" é uma advertência da condição adversa da via. A Direção Defensiva
exige que o motorista reduza a velocidade no trecho reto antes da curva para que, ao entrar nela, possa
manter a estabilidade e evitar que a força centrífuga jogue o veículo para a contramão ou para fora da pista.",Frear bruscamente no meio da curva.,Acelerar para sair logo.,Ignorar a sinalização.,/Users/lucianodiisouza/Documents/projects/autocurso-2000/Banco Nacional de Questões.pdf
p1-m1-q28,1,1,"Placas, Cores e Caminhos",28,intermediario,"Um motorista, dirigindo em excesso de velocidade, vê uma placa de curva
perigosa e continua na mesma velocidade. Qual o risco?",,Perder o controle e causar um sinistro.,"A placa de ""Curva Perigosa"" é uma advertência da condição adversa da via. A Direção Defensiva
exige que o motorista reduza a velocidade no trecho reto antes da curva para que, ao entrar nela, possa
manter a estabilidade e evitar que a força centrífuga jogue o veículo para a contramão ou para fora da pista.",Melhorar o tempo de viagem.,Reduzir o consumo de combustível.,Evitar filas.,/Users/lucianodiisouza/Documents/projects/autocurso-2000/Banco Nacional de Questões.pdf
p1-m1-q29,1,1,"Placas, Cores e Caminhos",29,dificil,"Carlos estaciona seu veículo de passeio em uma vaga com a placa contendo o texto
“Exceto Carga e Descarga – 30 min”. Ele pode permanecer ali com o veículo?",,"Não, pois a vaga é exclusiva para veículos de carga por até 30 minutos.","Conforme estabelece o Art. 181, inciso XVII do CTB, estacionar em desacordo com as condições
regulamentadas especificamente pela placa (no caso, ""Exceto Carga e Descarga"") é infração grave, sujeita a
multa e remoção do veículo. A sinalização vertical restringe o uso da vaga apenas para a finalidade de carga e
descarga, vedando o estacionamento de veículos de passeio ou a permanência por motivos que não o
manuseio de mercadorias.","Sim, se não houver caminhões.","Sim, por menos de 10 minutos.","Sim, desde que com pisca-alerta ligado.",/Users/lucianodiisouza/Documents/projects/autocurso-2000/Banco Nacional de Questões.pdf
p1-m1-q30,1,1,"Placas, Cores e Caminhos",30,dificil,"Um condutor vê a placa acima junto a outra com o texto “Exceto veículos de emergência”.
O que isso significa?",R-14,"A restrição não se aplica a veículos de emergência, como ambulâncias, em serviço.","Conforme as normas de Sinalização de Regulamentação do CONTRAN, a placa principal indica
uma proibição. A placa adicional com a inscrição “Exceto veículos de emergência” atua como um painel
complementar, que estabelece uma exceção à regra geral de proibição. Essa exceção é crucial para garantir
que, em situações de urgência e emergência, o local esteja reservado e desimpedido para o acesso rápido e
vital desses veículos.",Todos os veículos estão liberados.,Somente ônibus podem passar.,É uma placa de advertência.,/Users/lucianodiisouza/Documents/projects/autocurso-2000/Banco Nacional de Questões.pdf
p1-m1-q31,1,1,"Placas, Cores e Caminhos",31,dificil,Cláudia está de moto e vê a placa acima. Ela pode seguir?,R-10,"Não, pois motocicletas também são veículos automotores.","A proibição se aplica a todos os veículos automotores, incluindo motocicletas, motonetas e
triciclos.","Sim, pois vale apenas para carros.","Sim, se estiver em baixa velocidade.",Apenas se for moradora da rua.,/Users/lucianodiisouza/Documents/projects/autocurso-2000/Banco Nacional de Questões.pdf
p1-m1-q32,1,1,"Placas, Cores e Caminhos",32,dificil,"Em curvas indicadas por uma placa como esta acima, por que é importante olhar para o
ponto de saída da curva?",A-1b,Para orientar o traçado da direção e manter a trajetória estável.,Antecipar o olhar ajuda a guiar o veículo com suavidade e segurança.,Para observar o retrovisor direito.,Para reduzir o consumo de combustível.,Para verificar o velocímetro.,/Users/lucianodiisouza/Documents/projects/autocurso-2000/Banco Nacional de Questões.pdf
p1-m1-q33,1,1,"Placas, Cores e Caminhos",33,dificil,"Felipe segue pela faixa da direita e encontra a placa acima, seguida de “Fim da proibição
de mudar de faixa”. O que isso significa?",R-8b,Que ele pode mudar de faixa a partir da segunda placa.,"A placa de “fim de proibição” define o ponto exato onde a manobra volta a ser permitida com
segurança.",Que a proibição vale até o fim da via.,Que a manobra continua proibida.,Que só motos podem mudar de faixa.,/Users/lucianodiisouza/Documents/projects/autocurso-2000/Banco Nacional de Questões.pdf
p1-m1-q34,1,1,"Placas, Cores e Caminhos",34,dificil,"Júlia conduz um ônibus e encontra a placa acima próxima a uma rotatória. Qual é o
comportamento correto?",R-5a,Seguir em frente e utilizar a rotatória para mudar de sentido.,"A rotatória é o ponto adequado para retornar, respeitando a proibição localizada.",Fazer o retorno antes da rotatória.,Parar sobre a via.,Encostar no acostamento e manobrar.,/Users/lucianodiisouza/Documents/projects/autocurso-2000/Banco Nacional de Questões.pdf
p1-m1-q35,1,1,"Placas, Cores e Caminhos",35,dificil,O formato circular com borda vermelha da placa indica,,Uma proibição expressa ao condutor.,"As placas circulares de fundo branco e borda vermelha pertencem à classe de regulamentação,
sinalizando ordens obrigatórias.",Uma informação turística.,Uma advertência temporária.,Um serviço de utilidade pública.,/Users/lucianodiisouza/Documents/projects/autocurso-2000/Banco Nacional de Questões.pdf
p1-m1-q36,1,1,"Placas, Cores e Caminhos",36,dificil,A placa com formato triangular invertido tem como função,,Facilitar o reconhecimento mesmo à distância e indicar atenção.,"O triângulo invertido é símbolo internacional de advertência e cortesia no trânsito, facilmente
identificado por qualquer condutor.",Diferenciar as placas de informação turística.,Servir apenas para fins estéticos.,Indicar uma área de estacionamento.,/Users/lucianodiisouza/Documents/projects/autocurso-2000/Banco Nacional de Questões.pdf
p1-m1-q37,1,1,"Placas, Cores e Caminhos",37,dificil,O que acontece se o condutor ignorar essa placa e não parar onde for obrigado?,A-15,Ele comete infração gravíssima.,Deixar de parar diante da placa PARE é infração gravíssima (CTB art. 208).,Ele será apenas advertido verbalmente.,Não acontece nada.,O veículo é removido imediatamente.,/Users/lucianodiisouza/Documents/projects/autocurso-2000/Banco Nacional de Questões.pdf
p1-m1-q38,1,1,"Placas, Cores e Caminhos",38,intermediario,O que essa placa está avisando?,A-17,Que a pista tem irregularidades no pavimento.,"A placa alerta sobre buracos, remendos ou deformações na via.",Que há um quebra-molas.,Que a pista é nova e lisa.,Que há obras à frente.,/Users/lucianodiisouza/Documents/projects/autocurso-2000/Banco Nacional de Questões.pdf
p1-m1-q39,1,1,"Placas, Cores e Caminhos",39,intermediario,O que indica a placa acima - Cruz de Santo André?,A-41,"O início de uma passagem de nível, onde a pista cruza com uma linha de trem.","A placa alerta que o motorista está prestes a cruzar trilhos ferroviários e deve redobrar a
atenção.",Uma ponte sobre o rio.,Um cruzamento entre duas vias urbanas.,Um local de pedágio.,/Users/lucianodiisouza/Documents/projects/autocurso-2000/Banco Nacional de Questões.pdf
p1-m1-q40,1,1,"Placas, Cores e Caminhos",40,intermediario,O que indica a placa acima?,R-33,O sentido obrigatório de circulação na rotatória - Neste caso anti-horário.,"O símbolo de setas circulares indica o sentido único que todos os veículos devem seguir na
rotatória.",O ponto de parada obrigatória.,A entrada proibida na via.,A preferência de pedestres.,/Users/lucianodiisouza/Documents/projects/autocurso-2000/Banco Nacional de Questões.pdf
p1-m1-q41,1,1,"Placas, Cores e Caminhos",41,intermediario,O que indica a placa acima?,R-44,"Que pedestres e ciclistas devem compartilhar o mesmo espaço com atenção e respeito
mútuo.",Essa placa indica convivência entre pedestres e ciclistas.,Que apenas ciclistas podem circular.,Que é proibido o trânsito de bicicletas.,Que pedestres devem usar bicicletas para passar.,/Users/lucianodiisouza/Documents/projects/autocurso-2000/Banco Nacional de Questões.pdf
p1-m1-q42,1,1,"Placas, Cores e Caminhos",42,intermediario,O que o motorista deve fazer ao ver essa placa?,A-20a,Reduzir a velocidade e usar freio motor.,A redução de velocidade antes da descida garante segurança e controle do veículo.,Acelerar para descer mais rápido.,Ligar o pisca-alerta.,Frear só quando o carro já estiver em alta velocidade.,/Users/lucianodiisouza/Documents/projects/autocurso-2000/Banco Nacional de Questões.pdf
p1-m1-q43,1,1,"Placas, Cores e Caminhos",43,intermediario,Qual o significado da placa acima?,A-31,Indica a presença ou o cruzamento de máquinas agrícolas na pista.,"Indica a presença ou o cruzamento de máquinas agrícolas na pista, comuns em zonas rurais,
áreas de produção ou colheita, e alerta o condutor a reduzir a velocidade e manter distãncia segura.","Indica que o condutor deve ultrapassar sempre que possível, mesmo sem visibilidade.",Indica que o condutor deve ignorar o aviso e seguir em alta velocidade.,Indica que o condutor deve ultrapassar pelo acostamento.,/Users/lucianodiisouza/Documents/projects/autocurso-2000/Banco Nacional de Questões.pdf
p1-m1-q44,1,1,"Placas, Cores e Caminhos",44,intermediario,Por que a placa acima é importante em vias urbanas com semáforo?,R-25c,Porque ajuda a definir fluxos compatíveis com o tempo semafórico.,"Garante harmonia entre sinalização vertical e semafórica, evitando conflitos.",Porque indica estacionamento permitido.,Porque dispensa o uso da seta.,Porque reduz a visibilidade.,/Users/lucianodiisouza/Documents/projects/autocurso-2000/Banco Nacional de Questões.pdf
p1-m1-q45,1,1,"Placas, Cores e Caminhos",45,dificil,Qual é a diferença entre a curva indicada pela placa acima à esquerda e a da direita?,A-2a,A acima à esquerda indica uma curva menos acentuada.,"A-2a é usada para curvas suaves e a A-1a, para curvas acentuadas.",A acima à esquerda indica uma curva muito mais fechada.,A acima à esquerda proíbe o tráfego de caminhões.,A acima à esquerda é usada apenas em rotatórias.,/Users/lucianodiisouza/Documents/projects/autocurso-2000/Banco Nacional de Questões.pdf
p1-m1-q46,1,1,"Placas, Cores e Caminhos",46,dificil,"Qual é a diferença entre a placa “Trânsito de pedestres” e a placa “Passagem sinalizada
de pedestres”?",A-32a e A-32b,"A primeira indica o trânsito frequente de pedestres, enquanto a segunda indica a presença
de faixa de pedestres sinalizada.","A diferença está na representação da faixa no pictograma: a A-32b mostra o pedestre sobre a
faixa sinalizada, enquanto a A-32a indica apenas a presença de pedestres circulando com frequência.",Ambas têm o mesmo significado.,A primeira é obrigatória e a segunda é proibitiva.,A placa indica travessia de ciclistas.,/Users/lucianodiisouza/Documents/projects/autocurso-2000/Banco Nacional de Questões.pdf
p1-m1-q47,1,1,"Placas, Cores e Caminhos",47,dificil,"Qual é o principal motivo de sinistros em locais com junções sucessivas contrárias,
conforme sinalizado acima?",A-11a,Falta de atenção do motorista que não percebe os veículos entrando ou cruzando.,A distração é a causa mais comum de colisões laterais nesses pontos.,Defeito no veículo.,Falta de acostamento.,Má conservação da pintura da placa.,/Users/lucianodiisouza/Documents/projects/autocurso-2000/Banco Nacional de Questões.pdf
p1-m1-q48,1,1,"Placas, Cores e Caminhos",48,dificil,Qual o principal erro que causa sinistro em cruzamentos como o da placa?,A-11a,Falta de atenção e avanço sem observar os outros veículos.,A distração e o avanço apressado são causas comuns de colisão lateral.,Usar o cinto de segurança.,Manter velocidade reduzida.,Parar para observar o trânsito.,/Users/lucianodiisouza/Documents/projects/autocurso-2000/Banco Nacional de Questões.pdf
p1-m1-q49,1,1,"Placas, Cores e Caminhos",49,intermediario,Qual o principal objetivo da restrição indicada pela placa acima?,R-38,Aumentar a segurança e preservar o fluxo adequado de veículos leves.,A restrição evita congestionamentos e riscos estruturais.,Reduzir a velocidade dos ônibus nas rodovias.,Induzir o uso de veículos particulares.,Garantir estacionamento público.,/Users/lucianodiisouza/Documents/projects/autocurso-2000/Banco Nacional de Questões.pdf
p1-m1-q50,1,1,"Placas, Cores e Caminhos",50,intermediario,"Se a via deixa de ser duplicada e surge a placa acima, o que isso significa para o
condutor?",R-28,Que haverá tráfego nos dois sentidos em um mesmo pavimento.,Essa sinalização marca o fim da separação física de pistas.,Que a via passa a ser exclusiva para ônibus.,Que deve parar o veículo.,Que o limite de velocidade aumenta.,/Users/lucianodiisouza/Documents/projects/autocurso-2000/Banco Nacional de Questões.pdf
p1-m1-q51,1,1,"Placas, Cores e Caminhos",51,facil,A placa “PARE” exige que o motorista:,R-1,Faça parada total e só siga após garantir segurança.,"Parar completamente é uma obrigação legal, mesmo se o cruzamento parecer livre.",Diminua a marcha e buzine antes de cruzar.,Avance se tiver prioridade.,Pare apenas se houver pedestres.,/Users/lucianodiisouza/Documents/projects/autocurso-2000/Banco Nacional de Questões.pdf
p1-m1-q52,1,1,"Placas, Cores e Caminhos",52,facil,A placa “Sentido Proibido” serve para:,R-3,"A entrada de veículos naquela via ou faixa é proibida, pois o tráfego flui no sentido
contrário.","É usada para manter a ordem de fluxo e evitar entrada em vias de sentido único no sentido
contrário.",Avisar sobre obras na pista.,Indicar estacionamento regulamentado.,Mostrar a existência de pedágio.,/Users/lucianodiisouza/Documents/projects/autocurso-2000/Banco Nacional de Questões.pdf
p1-m1-q53,1,1,"Placas, Cores e Caminhos",53,facil,A placa acima obriga o condutor a:,R-25a,Virar à esquerda no local indicado.,A seta curvada indica que o motorista deve obrigatoriamente virar à esquerda.,Seguir em frente.,Virar à direita.,Fazer retorno.,/Users/lucianodiisouza/Documents/projects/autocurso-2000/Banco Nacional de Questões.pdf
p1-m1-q54,1,1,"Placas, Cores e Caminhos",54,facil,A placa acima proíbe o motorista de:,R-4a,"Fazer conversão à esquerda, inclusive retorno.",A seta cortada para a esquerda representa a proibição de virar ou retornar nessa direção.,Fazer conversão à direita.,Parar o veículo.,Entrar em via preferencial.,/Users/lucianodiisouza/Documents/projects/autocurso-2000/Banco Nacional de Questões.pdf
p1-m1-q55,1,1,"Placas, Cores e Caminhos",55,facil,A principal diferença entre a placa “Dê a Preferência” e a placa “PARE” é que:,,"Na placa “dê a preferência” o condutor só para se houver necessidade, na placa “pare” a
parada é obrigatória.","“Dê a Preferência” indica atenção e redução de velocidade, com parada apenas se necessário,
já “PARE” exige parada total.",Ambas obrigam parada total.,A “Dê a Preferência” é usada em rodovias e a “PARE” apenas em cidades.,A “Dê a Preferência” indica via sem cruzamento.,/Users/lucianodiisouza/Documents/projects/autocurso-2000/Banco Nacional de Questões.pdf
p1-m1-q56,1,1,"Placas, Cores e Caminhos",56,facil,A principal função da placa acima é:,A-42a,"Alertar o motorista sobre o início de uma pista dividida, aumentando a segurança do
tráfego.","A placa orienta o condutor sobre mudança física na via, melhorando a organização do tráfego.",Informar que há pedágio adiante.,Indicar pista escorregadia.,Anunciar a presença de curvas perigosas.,/Users/lucianodiisouza/Documents/projects/autocurso-2000/Banco Nacional de Questões.pdf
p1-m1-q57,1,1,"Placas, Cores e Caminhos",57,facil,"Ana dirige em pista simples e encontra a placa acima. Essa proibição deve ser seguida
enquanto:",R-7,Houver essa sinalização na via.,A sinalização de fim de proibição deve indicar claramente o término da restrição.,O condutor achar que é seguro.,Houver espaço suficiente.,O veículo da frente mantiver a velocidade.,/Users/lucianodiisouza/Documents/projects/autocurso-2000/Banco Nacional de Questões.pdf
p1-m1-q58,1,1,"Placas, Cores e Caminhos",58,facil,André dirige em uma avenida e vê a placa acima. O que deve fazer?,R-8a,Permanecer na faixa em que está até o final da restrição.,"A placa R-8a proíbe qualquer deslocamento lateral da esquerda para a direita enquanto durar o
trecho sinalizado.","Mudar de faixa com cuidado, se não houver veículos.",Encostar à direita para seguir devagar.,Ultrapassar pela direita.,/Users/lucianodiisouza/Documents/projects/autocurso-2000/Banco Nacional de Questões.pdf
p1-m1-q59,1,1,"Placas, Cores e Caminhos",59,facil,"Ao aproximar-se de uma interseção sinalizada com “Dê a Preferência”, o condutor deve:",R-2,"Reduzir a velocidade, observar o tráfego na via principal e só avançar se for seguro.","Essa placa exige comportamento prudente e observação antes de atravessar, sem necessidade
de parada total.",Parar sobre a faixa de pedestres.,"Seguir direto, pois tem prioridade.",Buzinar para indicar sua intenção de cruzar.,/Users/lucianodiisouza/Documents/projects/autocurso-2000/Banco Nacional de Questões.pdf
p1-m1-q60,1,1,"Placas, Cores e Caminhos",60,facil,"Ao dirigir em área rural e ver esta placa, o que o condutor deve prever?",A-31,Possível entrada ou saída lenta de tratores.,A sinalização previne acidentes causados por diferença de velocidade entre veículos.,Alta velocidade no trecho.,Presença de pedestres.,Obras em pista.,/Users/lucianodiisouza/Documents/projects/autocurso-2000/Banco Nacional de Questões.pdf
p1-m1-q61,1,1,"Placas, Cores e Caminhos",61,facil,"Ao encontrar a placa “PARE” em um cruzamento, o condutor deve:",R-1,"Parar completamente o veículo antes da linha de retenção e só seguir quando a via estiver
livre.","A parada total é obrigatória mesmo sem trânsito no local. Essa placa indica um ponto de risco
elevado.",Reduzir a velocidade e atravessar devagar se não houver veículos.,Parar apenas se houver outro veículo aproximando-se.,Aumentar a velocidade para não atrapalhar o fluxo.,/Users/lucianodiisouza/Documents/projects/autocurso-2000/Banco Nacional de Questões.pdf
p1-m1-q62,1,1,"Placas, Cores e Caminhos",62,facil,"Ao encontrar a placa acima, o motorista deve:",R-25a,Sinalizar e virar à esquerda com segurança.,"A manobra deve ser feita com antecedência, respeitando pedestres e ciclistas.","Seguir reto, sem reduzir a velocidade.",Virar à direita imediatamente.,Parar no acostamento.,/Users/lucianodiisouza/Documents/projects/autocurso-2000/Banco Nacional de Questões.pdf
p1-m1-q63,1,1,"Placas, Cores e Caminhos",63,dificil,"Ao ver a placa “60 km/h”, o condutor deve entender que:",R-19,Essa é a velocidade máxima permitida para aquele trecho da via.,"A placa R-19 fixa o limite máximo permitido, não a velocidade obrigatória.",É a velocidade obrigatória.,É apenas uma recomendação.,É a velocidade mínima.,/Users/lucianodiisouza/Documents/projects/autocurso-2000/Banco Nacional de Questões.pdf
p1-m1-q64,1,1,"Placas, Cores e Caminhos",64,facil,"Ao ver a placa “Dê a Preferência”, o motorista deve:",R-2,Reduzir a velocidade e deixar passar os veículos que vêm pela via principal.,"A placa R-2 orienta o condutor a ceder a passagem, parando apenas se for necessário para
evitar colisão.","Parar completamente o veículo, mesmo sem outros carros.","Avançar primeiro, pois tem prioridade.",Buzinar para sinalizar que vai passar.,/Users/lucianodiisouza/Documents/projects/autocurso-2000/Banco Nacional de Questões.pdf
p1-m1-q65,1,1,"Placas, Cores e Caminhos",65,facil,"Ao ver a placa “Proibido Virar à Esquerda”, o motorista deve:",R-4a,"Seguir em frente ou virar à direita, respeitando a proibição.","Essa placa impede qualquer conversão à esquerda naquele ponto, devendo o condutor escolher
outro trajeto permitido.",Fazer a conversão à esquerda com cuidado.,Parar o veículo no cruzamento.,Reduzir a velocidade e virar rapidamente.,/Users/lucianodiisouza/Documents/projects/autocurso-2000/Banco Nacional de Questões.pdf
p1-m1-q66,1,1,"Placas, Cores e Caminhos",66,facil,"Ao ver a placa com uma buzina cortada por uma faixa vermelha, o condutor deve entender
que:",R-20,É proibido usar buzina ou qualquer sinal sonoro no local.,A placa R-20 indica proibição de sons que possam causar incômodo ou perturbação.,Deve buzinar para avisar pedestres.,Só pode buzinar durante o dia.,O uso da buzina é obrigatório.,/Users/lucianodiisouza/Documents/projects/autocurso-2000/Banco Nacional de Questões.pdf
p1-m1-q67,1,1,"Placas, Cores e Caminhos",67,facil,"Ao ver a placa com uma seta preta apontando para baixo e à direita, como a figura acima, o
condutor deve entender que:",R-24b,A passagem é obrigatória pelo lado direito do obstáculo.,A placa R-24b obriga o condutor a contornar o obstáculo pelo lado indicado.,Ele deve virar à esquerda.,É permitido passar por qualquer lado.,Deve parar o veículo.,/Users/lucianodiisouza/Documents/projects/autocurso-2000/Banco Nacional de Questões.pdf
p1-m1-q68,1,1,"Placas, Cores e Caminhos",68,facil,"Ao ver esta placa, o motorista deve:",A-32a,Reduzir a velocidade e ficar atento à travessia de pessoas.,O respeito ao pedestre é um dos pilares da segurança viária.,Aumentar a velocidade.,Buzinar para os pedestres saírem.,Seguir sem se preocupar.,/Users/lucianodiisouza/Documents/projects/autocurso-2000/Banco Nacional de Questões.pdf
p1-m1-q69,1,1,"Placas, Cores e Caminhos",69,facil,"Camila trafega atrás de um caminhão em um trecho com a placa acima. O que ela deve
fazer?",R-7,"Permanecer em sua faixa, mantendo distância segura.","A segurança exige paciência, ultrapassar em trecho proibido pode causar colisões frontais.",Ultrapassar pela faixa da esquerda rapidamente.,Deslocar-se pelo acostamento.,Fazer sinal de luz pedindo passagem.,/Users/lucianodiisouza/Documents/projects/autocurso-2000/Banco Nacional de Questões.pdf
p1-m1-q70,1,1,"Placas, Cores e Caminhos",70,facil,Carla vê a placa acima em uma ponte. Por que ela foi instalada ali?,R-8a,Para evitar que os veículos mudem de faixa em local estreito e causem colisões.,"Em pontes e viadutos, mudar de faixa representa risco de choque lateral e deve ser evitado.",Porque há radar de velocidade.,Porque é área de pedágio.,Porque é trecho de ultrapassagem.,/Users/lucianodiisouza/Documents/projects/autocurso-2000/Banco Nacional de Questões.pdf
p1-m1-q71,1,1,"Placas, Cores e Caminhos",71,facil,"Cláudia conduz um caminhão com carga de fardos empilhados e vê a placa acima antes de
um viaduto. O que deve fazer?",R-15,Verificar se a carga ultrapassa o limite e não passar se estiver acima.,"O condutor é responsável por garantir que o veículo e a carga estejam dentro dos limites de
altura.",Acelerar para passar rápido.,Passar pela calçada lateral.,Pedir ajuda a outro motorista.,/Users/lucianodiisouza/Documents/projects/autocurso-2000/Banco Nacional de Questões.pdf
p1-m1-q72,1,1,"Placas, Cores e Caminhos",72,facil,"Cláudia dirige um automóvel e vê a placa acima em uma rua do centro da cidade. Ela pode
seguir?",R-9,"Sim, pois a restrição é apenas para caminhões.","A placa R-9 restringe apenas o trânsito de caminhões, veículos de passeio, ônibus e motos
podem transitar.","Não, a via é totalmente bloqueada.",Somente se for moradora.,Apenas se for horário noturno.,/Users/lucianodiisouza/Documents/projects/autocurso-2000/Banco Nacional de Questões.pdf
p1-m1-q73,1,1,"Placas, Cores e Caminhos",73,facil,Como o condutor deve agir ao entrar em uma rotatória sinalizada por essa placa?,A-12,Deve ceder passagem aos veículos que já circulam dentro dela.,"Nas rotatórias, a preferência é de quem já está circulando nelas. CTB art. 29, III, “c”.",Deve entrar sem olhar.,Deve parar no meio da pista.,Deve buzinar antes de entrar.,/Users/lucianodiisouza/Documents/projects/autocurso-2000/Banco Nacional de Questões.pdf
p1-m1-q74,1,1,"Placas, Cores e Caminhos",74,facil,Em quais locais a placa acima é mais utilizada?,R-38,"Em vias estreitas, áreas residenciais ou centros históricos.",Essas áreas não comportam veículos grandes com segurança.,Em rodovias de pista dupla.,Em estações rodoviárias.,Em faixas de ônibus.,/Users/lucianodiisouza/Documents/projects/autocurso-2000/Banco Nacional de Questões.pdf
p1-m1-q75,1,1,"Placas, Cores e Caminhos",75,facil,Em que locais a placa acima costuma ser instalada?,R-24b,"Antes de canteiros centrais, ilhas, obras e divisores de pista.",Essa placa orienta o motorista a contornar obstáculos fixos ou temporários com segurança.,Em estacionamentos subterrâneos.,Em faixas de pedestre.,Em zonas escolares.,/Users/lucianodiisouza/Documents/projects/autocurso-2000/Banco Nacional de Questões.pdf
p1-m1-q76,1,1,"Placas, Cores e Caminhos",76,facil,Em que locais costuma ser instalada a placa acima?,R-28,"No final de vias de mão única, indicando o início do duplo sentido.",É usada na transição entre vias de mão única e mão dupla.,Em pontes de pista dupla.,Em estacionamentos privados.,Em pedágios automáticos.,/Users/lucianodiisouza/Documents/projects/autocurso-2000/Banco Nacional de Questões.pdf
p1-m1-q77,1,1,"Placas, Cores e Caminhos",77,facil,Essa placa é mais comum em quais locais?,R-44,"Calçadões, parques e ciclovias compartilhadas.",É usada em locais urbanos voltados à mobilidade ativa.,Rodovias de pista dupla.,Pontes exclusivas para caminhões.,Estacionamentos subterrâneos.,/Users/lucianodiisouza/Documents/projects/autocurso-2000/Banco Nacional de Questões.pdf
p1-m1-q78,1,1,"Placas, Cores e Caminhos",78,facil,"Fernanda está em uma via de pista dupla e vê a placa acima. Qual é o significado dessa
placa?",R-5a,É proibido fazer retorno à esquerda no local indicado.,"Essa placa proíbe a manobra de retorno à esquerda, que pode causar risco a veículos vindos no
sentido oposto.",É permitido virar à esquerda para estacionar.,É obrigatório virar à direita.,Indica fim de proibição.,/Users/lucianodiisouza/Documents/projects/autocurso-2000/Banco Nacional de Questões.pdf
p1-m1-q79,1,1,"Placas, Cores e Caminhos",79,facil,"João para o carro por alguns segundos em frente a essa placa acima para deixar um
passageiro. Ele está correto?",R-6c,"Não, pois a placa proíbe qualquer parada, mesmo rápida.","Essa placa proíbe imobilizar o veículo por qualquer motivo, mesmo por tempo curto.","Sim, se o passageiro descer rápido.","Sim, se mantiver o pisca-alerta ligado.","Sim, se o motor permanecer ligado.",/Users/lucianodiisouza/Documents/projects/autocurso-2000/Banco Nacional de Questões.pdf
p1-m1-q80,1,1,"Placas, Cores e Caminhos",80,facil,"Júlio para seu carro na frente de um portão onde há a placa acima. Qual é a infração
cometida?",R-6a,Estacionar em local proibido pela sinalização.,"A placa R-6a proíbe estacionar, inclusive em frente a garagens e acessos a propriedades.",Parar o veículo para embarque rápido.,Transitar em faixa exclusiva.,Nenhuma infração.,/Users/lucianodiisouza/Documents/projects/autocurso-2000/Banco Nacional de Questões.pdf
p1-m1-q81,1,1,"Placas, Cores e Caminhos",81,facil,"Lucas conduz seu carro e vê a placa acima junto a uma faixa contínua amarela. O que isso
significa?",R-4b,É proibido virar à direita e também mudar de faixa naquele trecho.,A combinação reforça a proibição de conversão e mudança de direção.,Pode virar se não houver veículos.,É uma advertência temporária.,Serve apenas para ônibus.,/Users/lucianodiisouza/Documents/projects/autocurso-2000/Banco Nacional de Questões.pdf
p1-m1-q82,1,1,"Placas, Cores e Caminhos",82,facil,Marcos dirige em uma rodovia de pista simples e vê a placa acima. O que deve fazer?,R-23,Continuar trafegando pela direita da via.,"O sentido de circulação no Brasil é pela direita, a placa reforça essa regra.",Manter-se no centro da pista.,Ir para a faixa da esquerda.,Encostar no acostamento e parar.,/Users/lucianodiisouza/Documents/projects/autocurso-2000/Banco Nacional de Questões.pdf
p1-m1-q83,1,1,"Placas, Cores e Caminhos",83,facil,O formato e as cores da placa “Proibido Virar à Esquerda” indicam que se trata de:,R-4a,Uma placa de regulamentação.,"As placas circulares com fundo branco e borda vermelha expressam proibições, pertencendo à
categoria de regulamentação.",Uma placa de advertência.,Uma placa educativa.,Uma placa de serviço.,/Users/lucianodiisouza/Documents/projects/autocurso-2000/Banco Nacional de Questões.pdf
p1-m1-q84,1,1,"Placas, Cores e Caminhos",84,facil,Por que o motorista deve redobrar a atenção ao se deparar com essa placa?,R-28,Passará a ter veículos vindo em sentido oposto.,A coexistência de sentidos opostos exige cuidado redobrado e respeito à faixa divisória.,Poderá usar toda a pista livremente.,Não haverá mais sinalização horizontal.,O tráfego será apenas de pedestres.,/Users/lucianodiisouza/Documents/projects/autocurso-2000/Banco Nacional de Questões.pdf
p1-m1-q85,1,1,"Placas, Cores e Caminhos",85,facil,O que a placa acima indica?,R-25c,O condutor deve seguir em frente ou virar à esquerda.,As duas setas indicam as únicas manobras permitidas — seguir ou virar à esquerda.,O condutor deve obrigatoriamente virar à direita.,O condutor deve retornar.,O condutor deve parar.,/Users/lucianodiisouza/Documents/projects/autocurso-2000/Banco Nacional de Questões.pdf
p1-m1-q86,1,1,"Placas, Cores e Caminhos",86,facil,O que a placa acima indica?,A-8,Que a via termina à frente e o motorista deve virar à direita ou à esquerda.,A placa adverte sobre o fim da via e a necessidade de conversão.,Que há uma lombada.,Que a pista é de mão dupla.,Que há um túnel.,/Users/lucianodiisouza/Documents/projects/autocurso-2000/Banco Nacional de Questões.pdf
p1-m1-q87,1,1,"Placas, Cores e Caminhos",87,facil,O que a placa acima pretende evitar?,R-25a,Conflitos de tráfego e acidentes em cruzamentos.,Essa sinalização organiza o fluxo e evita colisões laterais e frontais.,Paradas prolongadas.,Redução de velocidade.,Conversões à direita.,/Users/lucianodiisouza/Documents/projects/autocurso-2000/Banco Nacional de Questões.pdf
p1-m1-q88,1,1,"Placas, Cores e Caminhos",88,facil,O que acontece se um carro particular trafegar em via sinalizada com acima?,R-32,O condutor comete infração de trânsito.,"Trafegar em faixa exclusiva é infração de natureza média, conforme o CTB.",A via é livre para todos.,O veículo tem prioridade sobre o ônibus.,Nenhuma consequência legal.,/Users/lucianodiisouza/Documents/projects/autocurso-2000/Banco Nacional de Questões.pdf
p1-m1-q89,1,1,"Placas, Cores e Caminhos",89,facil,O que essa placa está avisando?,A-6,"Que existe um cruzamento à frente, onde podem vir carros dos dois lados.","Essa placa alerta para o encontro de duas vias, exigindo cuidado e redução de velocidade.",Que a via é sem saída.,Que há uma lombada à frente.,Que é obrigatório virar à direita.,/Users/lucianodiisouza/Documents/projects/autocurso-2000/Banco Nacional de Questões.pdf
p1-m1-q90,1,1,"Placas, Cores e Caminhos",90,facil,O que essa placa está avisando?,A-11a,"Que há duas entradas ou saídas próximas, uma à esquerda e outra à direita.","A placa indica junções próximas em sentidos opostos, exigindo cuidado.",Que existe um semáforo à frente.,Que há uma lombada dupla.,Que é proibido virar à esquerda.,/Users/lucianodiisouza/Documents/projects/autocurso-2000/Banco Nacional de Questões.pdf
p1-m1-q91,1,1,"Placas, Cores e Caminhos",91,facil,O que essa placa está avisando?,A-15,Que há uma parada obrigatória mais à frente.,Essa placa prepara o condutor para parar completamente adiante.,Que o motorista deve seguir sem parar.,Que há um posto policial.,Que é o fim da pista.,/Users/lucianodiisouza/Documents/projects/autocurso-2000/Banco Nacional de Questões.pdf
p1-m1-q92,1,1,"Placas, Cores e Caminhos",92,facil,O que essa placa está avisando?,A-7a,Que há uma via entrando pela esquerda.,A placa indica que outra via se junta à estrada principal pela esquerda.,Que a pista é de mão dupla.,Que existe uma lombada.,Que é proibido virar à esquerda.,/Users/lucianodiisouza/Documents/projects/autocurso-2000/Banco Nacional de Questões.pdf
p1-m1-q93,1,1,"Placas, Cores e Caminhos",93,facil,O que essa placa indica ao condutor?,A-19,Que há uma depressão ou abaixamento na pista à frente.,A placa alerta para um rebaixamento que pode causar impacto na suspensão do veículo.,Que existe uma lombada.,Que há pista irregular.,Que o pavimento é novo.,/Users/lucianodiisouza/Documents/projects/autocurso-2000/Banco Nacional de Questões.pdf
p1-m1-q94,1,1,"Placas, Cores e Caminhos",94,facil,O que essa placa indica ao condutor?,A-12,Que há uma rotatória à frente.,A placa adverte que o condutor se aproxima de uma interseção circular (rotatória).,Que a via é sem saída.,Que existe um retorno proibido.,Que há um quebra-molas.,/Users/lucianodiisouza/Documents/projects/autocurso-2000/Banco Nacional de Questões.pdf
p1-m1-q95,1,1,"Placas, Cores e Caminhos",95,facil,O que essa placa indica ao condutor?,A-20b,Que há uma subida forte à frente.,"A placa alerta sobre um trecho de aclive, ou seja, uma subida íngreme.",Que a pista está em declive.,Que há uma lombada.,Que existe um pedágio logo adiante.,/Users/lucianodiisouza/Documents/projects/autocurso-2000/Banco Nacional de Questões.pdf
p1-m1-q96,1,1,"Placas, Cores e Caminhos",96,facil,O que essa placa indica?,A-9,Que a via se divide em duas direções à frente.,A placa alerta que a estrada se divide e o condutor deve decidir o sentido com antecedência.,Que há um cruzamento com semáforo.,Que a pista é de mão dupla.,Que a via termina logo adiante.,/Users/lucianodiisouza/Documents/projects/autocurso-2000/Banco Nacional de Questões.pdf
p1-m1-q97,1,1,"Placas, Cores e Caminhos",97,facil,O que essa placa indica?,A-14,Que há um semáforo à frente.,A placa alerta que o condutor se aproxima de um cruzamento com controle de semáforo.,Que a via é preferencial.,Que há uma lombada dupla.,Que é permitido ultrapassar.,/Users/lucianodiisouza/Documents/projects/autocurso-2000/Banco Nacional de Questões.pdf
p1-m1-q98,1,1,"Placas, Cores e Caminhos",98,facil,O que essa placa indica?,A-18,Que há uma lombada ou saliência na pista à frente.,A placa alerta o motorista sobre a presença de uma elevação na pista.,Que há um buraco na via.,Que o trânsito está livre.,Que há pedágio.,/Users/lucianodiisouza/Documents/projects/autocurso-2000/Banco Nacional de Questões.pdf
p1-m1-q99,1,1,"Placas, Cores e Caminhos",99,facil,O que essa placa quer dizer para o motorista?,A-3a,"Que a estrada tem várias curvas, começando para a esquerda.","Essa placa avisa que vem um trecho com muitas curvas, exigindo mais cuidado.",Que há um cruzamento com semáforo.,Que deve virar à esquerda logo.,Que há um quebra-molas à frente.,/Users/lucianodiisouza/Documents/projects/autocurso-2000/Banco Nacional de Questões.pdf
p1-m1-q100,1,1,"Placas, Cores e Caminhos",100,facil,O que essa placa quer dizer?,A-20a,Que há uma descida forte à frente.,"A placa alerta sobre um trecho em declive, que exige controle de velocidade.",Que a pista está com lombadas.,Que há uma subida acentuada.,Que a pista é irregular.,/Users/lucianodiisouza/Documents/projects/autocurso-2000/Banco Nacional de Questões.pdf
p1-m1-q101,1,1,"Placas, Cores e Caminhos",101,facil,O que esta placa indica?,A-31,Que há circulação de tratores ou máquinas agrícolas na via.,O símbolo do trator indica possível presença de veículos agrícolas lentos.,Que há posto de combustível à frente.,Que é uma estrada urbana.,Que é proibido o trânsito de veículos grandes.,/Users/lucianodiisouza/Documents/projects/autocurso-2000/Banco Nacional de Questões.pdf
p1-m1-q102,1,1,"Placas, Cores e Caminhos",102,facil,O que esta placa indica?,A-32a,Que há pedestres circulando ou atravessando a via.,A placa alerta o condutor sobre a presença frequente de pedestres na pista.,Que há ciclistas à frente.,Que o trânsito é só de veículos pesados.,Que é uma estrada rural.,/Users/lucianodiisouza/Documents/projects/autocurso-2000/Banco Nacional de Questões.pdf
p1-m1-q103,1,1,"Placas, Cores e Caminhos",103,facil,O que indica a placa acima?,R-34,Circulação exclusiva de bicicletas.,A placa R-34 garante o uso exclusivo da via ou faixa aos ciclistas.,Proibição de circulação de bicicletas.,Faixa compartilhada entre carros e bicicletas.,Proibição de pedestres.,/Users/lucianodiisouza/Documents/projects/autocurso-2000/Banco Nacional de Questões.pdf
p1-m1-q104,1,1,"Placas, Cores e Caminhos",104,facil,O que indica a placa acima?,R-25d,O condutor deve seguir em frente ou virar à direita.,As duas setas indicam que apenas essas direções são permitidas.,O condutor deve virar à esquerda.,É proibido estacionar.,Deve realizar retorno.,/Users/lucianodiisouza/Documents/projects/autocurso-2000/Banco Nacional de Questões.pdf
p1-m1-q105,1,1,"Placas, Cores e Caminhos",105,facil,O que indica a placa acima?,R-26,Obrigação de seguir em frente.,A seta única para cima representa movimento obrigatório no sentido indicado.,Obrigação de virar à direita.,Proibição de seguir em frente.,Permissão para retorno.,/Users/lucianodiisouza/Documents/projects/autocurso-2000/Banco Nacional de Questões.pdf
p1-m1-q106,1,1,"Placas, Cores e Caminhos",106,facil,O que indica a placa acima?,R-39,Que a circulação é exclusiva para caminhões.,A placa autoriza e delimita o espaço exclusivo para caminhões.,Que caminhões estão proibidos de circular.,Que ônibus e caminhões compartilham a faixa.,Que apenas veículos leves podem trafegar.,/Users/lucianodiisouza/Documents/projects/autocurso-2000/Banco Nacional de Questões.pdf
p1-m1-q107,1,1,"Placas, Cores e Caminhos",107,facil,O que indica a placa acima?,R-32,Que a via ou faixa é de circulação exclusiva de ônibus.,"A placa R-32 indica exclusividade de circulação, não parada ou estacionamento.",Que o estacionamento é permitido a ônibus.,Que é proibido o trânsito de ônibus.,Que é ponto de parada de ônibus.,/Users/lucianodiisouza/Documents/projects/autocurso-2000/Banco Nacional de Questões.pdf
p1-m1-q108,1,1,"Placas, Cores e Caminhos",108,facil,O que indica a placa acima?,R-28,Que a via passa a ter duplo sentido de circulação.,As duas setas em direções opostas representam tráfego nos dois sentidos.,Que há mão única à direita.,Que o sentido é obrigatório para frente.,Que a via é exclusiva para ônibus.,/Users/lucianodiisouza/Documents/projects/autocurso-2000/Banco Nacional de Questões.pdf
p1-m1-q109,1,1,"Placas, Cores e Caminhos",109,facil,O que indica a placa acima?,A-42a,Que a via passará a ter duas pistas separadas por canteiro central.,A placa adverte o motorista sobre o início de uma pista com separação física entre os sentidos.,Que a via terá apenas uma faixa estreita.,Que há obras no local.,Que o trânsito será interrompido.,/Users/lucianodiisouza/Documents/projects/autocurso-2000/Banco Nacional de Questões.pdf
p1-m1-q110,1,1,"Placas, Cores e Caminhos",110,facil,O que indica a placa acima?,A-42c,"Que a via passará a ter separação física dividindo os fluxos de mesmo sentido de
circulação.","A placa alerta para o início de separação da pista, aumentando a segurança e a fluidez do
tráfego.",Que há um desvio temporário.,Que a via termina adiante.,Que há um cruzamento sem sinalização.,/Users/lucianodiisouza/Documents/projects/autocurso-2000/Banco Nacional de Questões.pdf
p1-m1-q111,1,1,"Placas, Cores e Caminhos",111,facil,O que indica a placa acima?,A-45,Que a via termina adiante e não possui saída para outra rua.,"A placa alerta o motorista de que a via termina, deve ser observada antes de entrar na rua.",Que há um cruzamento logo à frente.,Que o trânsito é de mão dupla.,Que existe um pedágio adiante.,/Users/lucianodiisouza/Documents/projects/autocurso-2000/Banco Nacional de Questões.pdf
p1-m1-q112,1,1,"Placas, Cores e Caminhos",112,facil,O que indica a placa acima?,A-42b,"Que a via voltará a ter mão dupla, sem separação física entre os sentidos.","A placa alerta para o término da divisão entre fluxos opostos, a atenção deve ser redobrada.",Que há início de túnel.,Que o trânsito será interrompido.,Que haverá pedágio adiante.,/Users/lucianodiisouza/Documents/projects/autocurso-2000/Banco Nacional de Questões.pdf
p1-m1-q113,1,1,"Placas, Cores e Caminhos",113,facil,O que indica a placa acima?,R-37,"Que é proibida a circulação de motocicletas, motonetas e ciclomotores.","Essa placa restringe completamente a entrada e circulação de veículos motorizados de duas
rodas.",Que é obrigatória a circulação de motocicletas.,Que é permitida a circulação de bicicletas.,Que é exclusivo para caminhões.,/Users/lucianodiisouza/Documents/projects/autocurso-2000/Banco Nacional de Questões.pdf
p1-m1-q114,1,1,"Placas, Cores e Caminhos",114,facil,O que indica a placa acima?,R-38,Que é proibida a circulação de ônibus.,A placa restringe o tráfego de ônibus no trecho sinalizado.,Que a via é exclusiva para ônibus.,Que é obrigatório o transporte coletivo.,Que é permitido o trânsito apenas de caminhões.,/Users/lucianodiisouza/Documents/projects/autocurso-2000/Banco Nacional de Questões.pdf
p1-m1-q115,1,1,"Placas, Cores e Caminhos",115,facil,O que indica a placa acima?,A-40,"Que existe cruzamento com linha férrea à frente, protegido por cancelas.",A placa alerta para cruzamento ferroviário onde há cancelas automáticas ou manuais.,Que há um pedágio na via.,Que a pista está bloqueada por obras.,Que o trânsito é exclusivo para trens.,/Users/lucianodiisouza/Documents/projects/autocurso-2000/Banco Nacional de Questões.pdf
p1-m1-q116,1,1,"Placas, Cores e Caminhos",116,facil,O que indica a placa acima?,A-39,"Que há um cruzamento entre a pista e uma linha de trem, sem cancelas de proteção.","O motorista deve reduzir a velocidade, parar e verificar se há trem se aproximando.",Que a via está interditada para veículos.,Que há um posto policial à frente.,Que existe uma ponte com pedágio.,/Users/lucianodiisouza/Documents/projects/autocurso-2000/Banco Nacional de Questões.pdf
p1-m1-q117,1,1,"Placas, Cores e Caminhos",117,facil,O que indica a placa acima?,A-2b,Que há uma curva à direita à frente.,"A placa A-2b avisa o condutor sobre uma curva moderada à direita, exigindo atenção.",Que o retorno é obrigatório.,Que há uma interseção em “T”.,Que há uma curva acentuada à esquerda.,/Users/lucianodiisouza/Documents/projects/autocurso-2000/Banco Nacional de Questões.pdf
p1-m1-q118,1,1,"Placas, Cores e Caminhos",118,facil,O que indica a placa acima?,A-1a,Que há uma curva acentuada à esquerda à frente.,A placa A-1a alerta sobre curva acentuada à esquerda e exige atenção redobrada.,Que há uma conversão obrigatória à esquerda.,Que é permitido o retorno.,Que há uma interseção em “T”.,/Users/lucianodiisouza/Documents/projects/autocurso-2000/Banco Nacional de Questões.pdf
p1-m1-q119,1,1,"Placas, Cores e Caminhos",119,facil,O que indica a placa acima?,R-31,Que o pedestre deve andar pela direita da via.,A seta indica o lado da via destinado à circulação do pedestre.,Que o pedestre pode atravessar livremente.,Que o pedestre deve permanecer parado.,Que o pedestre deve andar pela esquerda.,/Users/lucianodiisouza/Documents/projects/autocurso-2000/Banco Nacional de Questões.pdf
p1-m1-q120,1,1,"Placas, Cores e Caminhos",120,facil,O que indica a placa acima?,R-30,Que o pedestre deve andar pela esquerda da via.,O pictograma indica a posição correta de circulação do pedestre no bordo da pista.,Que o pedestre deve atravessar a rua.,Que o pedestre deve permanecer parado.,Que é proibido andar a pé.,/Users/lucianodiisouza/Documents/projects/autocurso-2000/Banco Nacional de Questões.pdf
p1-m1-q121,1,1,"Placas, Cores e Caminhos",121,facil,O que indica a placa acima?,R-27,Que ônibus e caminhões devem manter-se na faixa da direita.,"Obriga veículos pesados a circularem na faixa da direita, garantindo fluidez e segurança.",Que todos os veículos devem estacionar.,Que veículos leves devem trafegar na direita.,Que o trânsito é exclusivo para caminhões.,/Users/lucianodiisouza/Documents/projects/autocurso-2000/Banco Nacional de Questões.pdf
p1-m1-q122,1,1,"Placas, Cores e Caminhos",122,facil,O que indica a placa acima?,R-35,Que os pedestres devem circular à esquerda e os ciclistas à direita.,A linha vertical indica a separação obrigatória entre pedestres e ciclistas.,Que a via é exclusiva para pedestres.,Que os ciclistas devem ocupar todo o espaço.,Que o trânsito é proibido para bicicletas.,/Users/lucianodiisouza/Documents/projects/autocurso-2000/Banco Nacional de Questões.pdf
p1-m1-q123,1,1,"Placas, Cores e Caminhos",123,facil,O que o condutor deve fazer ao ver essa placa?,A-18,Reduzir a velocidade para passar com segurança sobre a lombada.,"A passagem deve ser feita em baixa velocidade, de forma suave e contínua.",Acelerar para não sentir o impacto.,Frear bruscamente em cima da lombada.,Buzinar para avisar os pedestres.,/Users/lucianodiisouza/Documents/projects/autocurso-2000/Banco Nacional de Questões.pdf
p1-m1-q124,1,1,"Placas, Cores e Caminhos",124,facil,O que o motorista deve evitar dentro da rotatória sinalizada por essa placa?,A-12,Paradas bruscas e mudanças repentinas de faixa.,Movimentos inesperados dentro da rotatória causam risco de colisão.,Uso da seta.,Observar os espelhos retrovisores.,Circular em baixa velocidade.,/Users/lucianodiisouza/Documents/projects/autocurso-2000/Banco Nacional de Questões.pdf
p1-m1-q125,1,1,"Placas, Cores e Caminhos",125,facil,O que o motorista deve fazer ao ver esta placa?,A-35,Reduzir a velocidade e ficar atento a possíveis animais na via.,"Animais podem cruzar de repente, a velocidade reduzida aumenta o tempo de reação.",Usar buzina para afastar os animais.,Continuar na mesma velocidade.,Desviar para o acostamento.,/Users/lucianodiisouza/Documents/projects/autocurso-2000/Banco Nacional de Questões.pdf
p1-m1-q126,1,1,"Placas, Cores e Caminhos",126,facil,O que significa a placa acima?,R-29,É proibida a circulação de pedestres.,A faixa vermelha sobre o símbolo do pedestre indica proibição de circulação.,É permitido o trânsito de pedestres.,É área de travessia de pedestres.,É passagem obrigatória para pedestres.,/Users/lucianodiisouza/Documents/projects/autocurso-2000/Banco Nacional de Questões.pdf
p1-m1-q127,1,1,"Placas, Cores e Caminhos",127,facil,O que significa a placa acima?,A-35,Que pode haver animais de grande porte atravessando a pista.,"A placa alerta sobre a presença de bois, vacas ou outros animais na pista.",Que o local é exclusivo para pastagem.,Que a via é fechada para veículos.,Que o motorista pode acelerar.,/Users/lucianodiisouza/Documents/projects/autocurso-2000/Banco Nacional de Questões.pdf
p1-m1-q128,1,1,"Placas, Cores e Caminhos",128,facil,Onde é mais comum encontrar essa placa?,A-31,Em estradas rurais e próximas a fazendas.,É usada para alertar motoristas sobre o trânsito de máquinas agrícolas.,Em centros urbanos.,Em estacionamentos.,Em túneis e viadutos.,/Users/lucianodiisouza/Documents/projects/autocurso-2000/Banco Nacional de Questões.pdf
p1-m1-q129,1,1,"Placas, Cores e Caminhos",129,facil,Onde geralmente é instalada a placa acima?,R-29,"Em pontes, viadutos, túneis e vias expressas.",Esses locais não possuem área segura para circulação a pé.,Em calçadas largas.,Em faixas de pedestres.,Em áreas escolares.,/Users/lucianodiisouza/Documents/projects/autocurso-2000/Banco Nacional de Questões.pdf
p1-m1-q130,1,1,"Placas, Cores e Caminhos",130,facil,"Paula dirige à noite e passa por um bairro residencial com a placa acima. Qual é a
conduta correta?",R-20,"Evitar buzinar, inclusive para cumprimentos.",O ruído noturno é ainda mais perturbador e deve ser evitado.,Usar buzina curta para se anunciar.,Tocar a buzina em intervalos.,"Reduzir o som, mas buzinar se quiser.",/Users/lucianodiisouza/Documents/projects/autocurso-2000/Banco Nacional de Questões.pdf
p1-m1-q131,1,1,"Placas, Cores e Caminhos",131,facil,Paulo conduz seu carro e encontra a placa acima. O que ele deve fazer?,R-24a,Seguir obrigatoriamente à direita.,A seta indica o único sentido permitido para o fluxo naquele ponto.,Virar à esquerda.,Parar o veículo.,Fazer retorno.,/Users/lucianodiisouza/Documents/projects/autocurso-2000/Banco Nacional de Questões.pdf
p1-m1-q132,1,1,"Placas, Cores e Caminhos",132,facil,"Paulo conduz um caminhão-baú e encontra a placa acima próxima a uma ponte. Por que
essa placa foi instalada ali?",R-14,Para proteger a estrutura da ponte contra sobrepeso.,"O excesso de peso pode comprometer a estrutura de pontes e viadutos, gerando risco de
colapso.",Para controlar o fluxo de veículos.,Para reduzir a velocidade.,Para indicar pedágio.,/Users/lucianodiisouza/Documents/projects/autocurso-2000/Banco Nacional de Questões.pdf
p1-m1-q133,1,1,"Placas, Cores e Caminhos",133,facil,Paulo dirige pela Avenida Brasil e encontra a placa acima. O que ele deve fazer?,R-5a,Seguir em frente até o próximo ponto permitido para retorno.,"A R-5a proíbe o retorno à esquerda, devendo o condutor seguir até um local autorizado e seguro.","Fazer o retorno rapidamente, olhando pelo retrovisor.",Parar no meio da via e aguardar espaço.,Utilizar o acostamento para manobrar.,/Users/lucianodiisouza/Documents/projects/autocurso-2000/Banco Nacional de Questões.pdf
p1-m1-q134,1,1,"Placas, Cores e Caminhos",134,facil,Paulo dirige sob chuva intensa. A placa indica “80 km/h”. O que ele deve fazer?,R-19,"Reduzir a velocidade, mesmo que abaixo do limite mínimo.","O limite da placa é o máximo, mas o condutor deve adequar a velocidade às condições da via.",Manter no mínimo 80 km/h.,Aumentar a velocidade para evitar aquaplanagem.,Parar no acostamento.,/Users/lucianodiisouza/Documents/projects/autocurso-2000/Banco Nacional de Questões.pdf
p1-m1-q135,1,1,"Placas, Cores e Caminhos",135,facil,"Paulo dirige um ônibus com altura de 3,5 metros e encontra a placa acima. Ele pode
seguir?",R-15,"Sim, pois está abaixo do limite máximo permitido.","A altura informada na placa é o limite máximo, veículos mais baixos podem transitar
normalmente.","Não, porque o veículo é grande.",Apenas se houver espaço lateral.,Somente se não houver pedágio.,/Users/lucianodiisouza/Documents/projects/autocurso-2000/Banco Nacional de Questões.pdf
p1-m1-q136,1,1,"Placas, Cores e Caminhos",136,facil,Por que a placa acima é essencial em cruzamentos de mão única?,R-25b,Para evitar que condutores entrem na contramão.,Indica o sentido permitido e impede entradas indevidas na pista oposta.,Para indicar quebra-molas.,Para permitir estacionamento.,Para sinalizar pedágio.,/Users/lucianodiisouza/Documents/projects/autocurso-2000/Banco Nacional de Questões.pdf
p1-m1-q137,1,1,"Placas, Cores e Caminhos",137,facil,Por que é importante diminuir a velocidade ao ver essa placa?,A-19,"Para evitar solavancos, danos no veículo e perda de controle.",A passagem rápida pode causar pancadas no fundo do carro e acidentes.,Para economizar combustível.,Para manter o motor em rotação alta.,Porque a pista é de pedágio.,/Users/lucianodiisouza/Documents/projects/autocurso-2000/Banco Nacional de Questões.pdf
p1-m1-q138,1,1,"Placas, Cores e Caminhos",138,facil,"Por que é importante olhar para ambos os lados ao passar um cruzamento conforme
sinalizado nessa placa?",A-6,"Porque veículos, motos e bicicletas podem surgir de qualquer direção.",Olhar para todos os lados aumenta a segurança e evita colisões laterais.,Porque o motorista precisa ver o pôr do sol.,Porque o retrovisor não funciona.,Porque o carro pode desligar.,/Users/lucianodiisouza/Documents/projects/autocurso-2000/Banco Nacional de Questões.pdf
p1-m1-q139,1,1,"Placas, Cores e Caminhos",139,facil,Por que é importante que esta placa esteja visível logo na entrada da via?,A-45,"Para que o condutor decida antes de entrar, evitando congestionamentos e manobras
perigosas.",A visibilidade da placa evita situações de risco e manobras de retorno em locais estreitos.,Para indicar o limite de velocidade.,Para alertar pedestres sobre o fluxo de veículos.,Para informar presença de lombada.,/Users/lucianodiisouza/Documents/projects/autocurso-2000/Banco Nacional de Questões.pdf
p1-m1-q140,1,1,"Placas, Cores e Caminhos",140,facil,Por que é importante reduzir a velocidade ao ver essa placa?,A-14,Porque o sinal pode estar fechado logo à frente.,Reduzir dá tempo para parar com segurança se o sinal estiver vermelho.,Porque a placa é obrigatória.,Porque há buracos na pista.,Porque a cor amarela significa perigo fixo.,/Users/lucianodiisouza/Documents/projects/autocurso-2000/Banco Nacional de Questões.pdf
p1-m1-q141,1,1,"Placas, Cores e Caminhos",141,facil,Por que é importante reduzir a velocidade nas lombadas sinalizadas com essa placa?,A-18,Para evitar danos no veículo e garantir conforto e segurança aos ocupantes.,A alta velocidade pode causar perda de controle ou danos à suspensão.,Porque é obrigatório parar totalmente.,Para economizar combustível.,Porque a lombada é apenas decorativa.,/Users/lucianodiisouza/Documents/projects/autocurso-2000/Banco Nacional de Questões.pdf
p1-m1-q142,1,1,"Placas, Cores e Caminhos",142,facil,Por que essa placa é importante em rodovias e serras?,A-4b,Porque avisa o motorista que a estrada tem curvas fechadas seguidas.,"Em regiões de serra, o risco de acidente em curvas duplas é maior.",Porque indica local de pedágio.,Porque mostra um ponto de ultrapassagem.,Porque sinaliza uma ponte estreita.,/Users/lucianodiisouza/Documents/projects/autocurso-2000/Banco Nacional de Questões.pdf
p1-m1-q143,1,1,"Placas, Cores e Caminhos",143,facil,Por que essa placa é importante para a segurança viária?,R-29,Porque evita atropelamentos em locais sem condições seguras de travessia.,Sua função é afastar pedestres de locais de risco e preservar vidas.,Porque autoriza pedestres a atravessar em qualquer ponto.,Porque orienta o fluxo de ciclistas.,Porque indica o limite de velocidade.,/Users/lucianodiisouza/Documents/projects/autocurso-2000/Banco Nacional de Questões.pdf
p1-m1-q144,1,1,"Placas, Cores e Caminhos",144,facil,Qual a atitude correta de um automóvel diante dessa placa?,R-39,Não circular na faixa ou via sinalizada.,A via é reservada apenas ao trânsito de caminhões.,Manter-se à direita e reduzir a velocidade.,Seguir normalmente entre os caminhões.,Estacionar no local.,/Users/lucianodiisouza/Documents/projects/autocurso-2000/Banco Nacional de Questões.pdf
p1-m1-q145,1,1,"Placas, Cores e Caminhos",145,facil,Qual deve ser a atitude do condutor ao visualizar a placa acima?,A-1a,Reduzir a velocidade e posicionar o veículo mais à direita da faixa.,Reduzir a velocidade e ajustar o posicionamento lateral aumenta a estabilidade.,Aumentar a velocidade para sair rápido da curva.,Manter a marcha e acelerar na entrada da curva.,Parar antes da curva.,/Users/lucianodiisouza/Documents/projects/autocurso-2000/Banco Nacional de Questões.pdf
p1-m1-q146,1,1,"Placas, Cores e Caminhos",146,facil,Qual deve ser a atitude do condutor de motocicleta ao encontrar essa placa?,R-37,Não entrar ou circular no trecho indicado.,A entrada de motocicletas em área com essa sinalização constitui infração de trânsito.,"Seguir normalmente, mas com farol baixo.",Reduzir a velocidade e seguir.,Parar para embarque e desembarque.,/Users/lucianodiisouza/Documents/projects/autocurso-2000/Banco Nacional de Questões.pdf
p1-m1-q147,1,1,"Placas, Cores e Caminhos",147,facil,Qual deve ser a atitude do condutor de ônibus ao encontrar essa placa?,R-38,Não acessar a via sinalizada.,O condutor deve respeitar a proibição e buscar rota alternativa.,"Seguir pela via, reduzindo a velocidade.",Utilizar a via apenas para embarque.,Parar para verificar o motivo da restrição.,/Users/lucianodiisouza/Documents/projects/autocurso-2000/Banco Nacional de Questões.pdf
p1-m1-q148,1,1,"Placas, Cores e Caminhos",148,facil,Qual deve ser a atitude do motorista ao ver essa placa?,A-14,Reduzir a velocidade e ficar atento às luzes do semáforo.,A aproximação de um semáforo exige atenção e velocidade moderada.,Acelerar para passar antes do vermelho.,Buzinar para avisar os outros.,Ignorar a placa e seguir normalmente.,/Users/lucianodiisouza/Documents/projects/autocurso-2000/Banco Nacional de Questões.pdf
p1-m1-q149,1,1,"Placas, Cores e Caminhos",149,facil,Qual deve ser a atitude do motorista ao ver esta placa?,A-31,Reduzir a velocidade e redobrar a atenção.,"Máquinas agrícolas se movem devagar, exigindo paciência e cuidado dos demais condutores.",Ultrapassar o trator rapidamente.,Acelerar para sair da área rural.,Ligar o farol alto.,/Users/lucianodiisouza/Documents/projects/autocurso-2000/Banco Nacional de Questões.pdf
p1-m1-q150,1,1,"Placas, Cores e Caminhos",150,facil,Qual deve ser a primeira atitude ao ver essa placa?,A-6,Reduzir a velocidade e observar os dois lados.,Reduzir e observar garante tempo para evitar colisões.,Acelerar para passar antes dos outros carros.,Buzinar e seguir em frente.,Parar o veículo no meio da pista.,/Users/lucianodiisouza/Documents/projects/autocurso-2000/Banco Nacional de Questões.pdf
p1-m1-q151,1,1,"Placas, Cores e Caminhos",151,facil,"Qual deve ser o comportamento do condutor ao ver essa placa antes de entrar na
rotatória?",R-33,Seguir no sentido indicado e ceder passagem a quem já estiver circulando.,O CTB exige respeito à preferência dos veículos que já estão na rotatória.,Parar completamente antes de entrar.,Entrar pela contramão se a via estiver livre.,Ultrapassar os veículos mais lentos.,/Users/lucianodiisouza/Documents/projects/autocurso-2000/Banco Nacional de Questões.pdf
p1-m1-q152,1,1,"Placas, Cores e Caminhos",152,facil,Qual deve ser o comportamento do motociclista nesse tipo de travessia?,A-39,"Reduzir a velocidade e atravessar em linha reta e devagar, evitando derrapagens sobre os
trilhos.","Trilhos podem ser escorregadios, a travessia deve ser feita com cuidado e estabilidade.",Atravessar em alta velocidade para não ser atingido.,Parar no meio dos trilhos para olhar melhor.,Fazer zigue-zague para manter equilíbrio.,/Users/lucianodiisouza/Documents/projects/autocurso-2000/Banco Nacional de Questões.pdf
p1-m1-q153,1,1,"Placas, Cores e Caminhos",153,facil,Qual é a conduta segura ao se aproximar da placa acima?,A-2b,Reduzir levemente a velocidade e manter o veículo na faixa de rolamento.,A antecipação da redução evita perda de aderência e mantém o controle direcional.,Acelerar antes da curva.,Frear bruscamente dentro da curva.,Transitar no acostamento.,/Users/lucianodiisouza/Documents/projects/autocurso-2000/Banco Nacional de Questões.pdf
p1-m1-q154,1,1,"Placas, Cores e Caminhos",154,facil,Qual é a função principal da placa acima?,A-42c,Advertir sobre o início de divisão física da pista.,A sinalização prepara o condutor para a nova configuração da via.,Indicar redução de pista.,Avisar sobre pedágio.,Anunciar obra na pista.,/Users/lucianodiisouza/Documents/projects/autocurso-2000/Banco Nacional de Questões.pdf
p1-m1-q155,1,1,"Placas, Cores e Caminhos",155,facil,Qual é a função principal da placa acima?,R-19,Regular a velocidade máxima de segurança para o local.,A placa R-19 busca compatibilizar segurança e fluidez do trânsito.,Avisar sobre pedágios.,Indicar radar escondido.,Identificar a pista da direita.,/Users/lucianodiisouza/Documents/projects/autocurso-2000/Banco Nacional de Questões.pdf
p1-m1-q156,1,1,"Placas, Cores e Caminhos",156,facil,Qual é a principal função da placa acima?,R-27,Organizar o tráfego e reduzir conflitos entre veículos leves e pesados.,"Mantendo veículos pesados à direita, evita lentidão nas faixas de ultrapassagem.",Alertar sobre lombadas.,Indicar ponto de parada de ônibus.,Proibir ultrapassagem.,/Users/lucianodiisouza/Documents/projects/autocurso-2000/Banco Nacional de Questões.pdf
p1-m1-q157,1,1,"Placas, Cores e Caminhos",157,facil,Qual é o principal risco ao ignorar a placa acima?,A-42b,Colisão frontal com veículos em sentido contrário.,"A falta de atenção ao fim da pista dupla pode resultar em ultrapassagem perigosa e choque
frontal.",Estouro de pneu.,Pane elétrica.,Gasto excessivo de combustível.,/Users/lucianodiisouza/Documents/projects/autocurso-2000/Banco Nacional de Questões.pdf
p1-m1-q158,1,1,"Placas, Cores e Caminhos",158,facil,Qual é o principal risco ao ignorar essa placa?,R-28,Colisão frontal com veículos que trafegam no sentido contrário.,A desatenção pode levar a acidentes graves por invasão da contramão.,Atraso no trajeto.,Perda de tempo em filas.,Multa por excesso de velocidade.,/Users/lucianodiisouza/Documents/projects/autocurso-2000/Banco Nacional de Questões.pdf
p1-m1-q159,1,1,"Placas, Cores e Caminhos",159,facil,Qual é o risco principal em curvas seguidas como indicado na placa acima?,A-5a,O motorista perder o controle do carro se estiver muito rápido.,A força centrífuga aumenta nas curvas e pode empurrar o carro para fora da pista.,O carro desligar o motor.,O consumo de combustível aumentar.,O farol apagar.,/Users/lucianodiisouza/Documents/projects/autocurso-2000/Banco Nacional de Questões.pdf
p1-m1-q160,1,1,"Placas, Cores e Caminhos",160,facil,Qual manobra é proibida na presença dessa placa?,R-25d,Virar à esquerda.,A placa proíbe conversão à esquerda e retorno.,Seguir em frente.,Virar à direita.,Parar na via.,/Users/lucianodiisouza/Documents/projects/autocurso-2000/Banco Nacional de Questões.pdf
p1-m1-q161,1,1,"Placas, Cores e Caminhos",161,facil,Qual manobra é proibida onde há a placa acima?,R-25c,Virar à direita.,Essa sinalização impede a conversão à direita no ponto indicado.,Seguir em frente.,Virar à esquerda.,Parar o veículo.,/Users/lucianodiisouza/Documents/projects/autocurso-2000/Banco Nacional de Questões.pdf
p1-m1-q162,1,1,"Placas, Cores e Caminhos",162,facil,Qual o objetivo principal da placa acima?,R-24a,Organizar o fluxo e evitar conflitos de tráfego.,Essa sinalização reduz riscos de colisões frontais e garante circulação ordenada.,Avisar sobre obras na pista.,Permitir o estacionamento.,Indicar pedágio.,/Users/lucianodiisouza/Documents/projects/autocurso-2000/Banco Nacional de Questões.pdf
p1-m1-q163,1,1,"Placas, Cores e Caminhos",163,facil,Qual o principal objetivo da placa acima?,R-32,Garantir prioridade ao transporte coletivo de passageiros.,A prioridade ao transporte coletivo melhora a mobilidade urbana e reduz o congestionamento.,Facilitar o trânsito de caminhões.,Aumentar o fluxo de automóveis.,Indicar ponto turístico.,/Users/lucianodiisouza/Documents/projects/autocurso-2000/Banco Nacional de Questões.pdf
p1-m1-q164,1,1,"Placas, Cores e Caminhos",164,facil,Qual o principal objetivo da placa acima?,R-35,Garantir segurança e organização entre pedestres e ciclistas.,A separação física e visual reduz riscos de atropelamento e colisão lateral.,Indicar um ponto de parada de ônibus.,Avisar sobre obras na pista.,Alertar para curva acentuada.,/Users/lucianodiisouza/Documents/projects/autocurso-2000/Banco Nacional de Questões.pdf
p1-m1-q165,1,1,"Placas, Cores e Caminhos",165,facil,Qual o principal objetivo desta placa?,A-45,Evitar que o motorista entre por engano e tenha dificuldade de sair.,"A sinalização evita confusão, congestionamentos e manobras indevidas.",Indicar rua preferencial.,Mostrar via de alta velocidade.,Avisar sobre lombadas.,/Users/lucianodiisouza/Documents/projects/autocurso-2000/Banco Nacional de Questões.pdf
p1-m1-q166,1,1,"Placas, Cores e Caminhos",166,facil,"Quando o condutor encontra a placa acima, ele:",R-26,"Deve seguir em frente, sem realizar conversões.",A placa indica a única direção permitida naquele ponto da via.,Pode virar à direita.,Deve parar imediatamente.,Pode fazer retorno.,/Users/lucianodiisouza/Documents/projects/autocurso-2000/Banco Nacional de Questões.pdf
p1-m1-q167,1,1,"Placas, Cores e Caminhos",167,facil,"Quando o condutor encontra essa placa, ele deve:",R-25b,Sinalizar e virar à direita no ponto indicado.,A seta define a direção obrigatória a ser seguida pelo veículo.,Parar antes da esquina.,Virar à esquerda.,Seguir em frente.,/Users/lucianodiisouza/Documents/projects/autocurso-2000/Banco Nacional de Questões.pdf
p1-m1-q168,1,1,"Placas, Cores e Caminhos",168,facil,"Quando o motorista vê essa placa, o que deve fazer?",A-15,Reduzir a velocidade e se preparar para parar.,A sinalização de advertência serve para antecipar a parada obrigatória.,Acelerar para passar antes dos outros.,Frear bruscamente no local da placa.,Parar sobre a faixa de pedestres.,/Users/lucianodiisouza/Documents/projects/autocurso-2000/Banco Nacional de Questões.pdf
p1-m1-q169,1,1,"Placas, Cores e Caminhos",169,facil,"Rafaela dirige e vê a placa acima antes de uma praça com pedestres. Por que essa placa
foi colocada ali?",R-10,Para proteger pedestres e evitar riscos em áreas de convivência.,"Essa placa é comum em áreas de lazer, praças e calçadões, garantindo segurança aos
pedestres.",Porque há radar fixo.,Porque o piso é de paralelepípedo.,Porque é área de estacionamento rotativo.,/Users/lucianodiisouza/Documents/projects/autocurso-2000/Banco Nacional de Questões.pdf
p1-m1-q170,1,1,"Placas, Cores e Caminhos",170,facil,"Rita estaciona seu carro em uma vaga sinalizada com a placa acima e uma placa auxiliar
“1 hora – rotativo”. O que ela deve fazer?",R-6b,"Permanecer no local por, no máximo, 1 hora.","A placa “E” indica estacionamento permitido, mas a placa auxiliar define as condições, como o
tempo máximo de permanência.","Estacionar o dia todo, se houver vaga.",Deixar o carro à noite sem controle de tempo.,Usar a vaga apenas se for moradora da rua.,/Users/lucianodiisouza/Documents/projects/autocurso-2000/Banco Nacional de Questões.pdf
p1-m1-q171,1,1,"Placas, Cores e Caminhos",171,facil,"Rogério conduz um caminhão com peso total de 12 toneladas e vê a placa acima. O que
deve fazer?",R-14,Não prosseguir e procurar rota alternativa.,"A placa R-14 indica o limite máximo de peso bruto total permitido no trecho. Veículos acima
desse limite não podem transitar.",Seguir com cuidado.,Reduzir a velocidade e passar assim mesmo.,Encostar e descarregar parte da carga.,/Users/lucianodiisouza/Documents/projects/autocurso-2000/Banco Nacional de Questões.pdf
p1-m1-q172,1,1,"Placas, Cores e Caminhos",172,facil,"Rogério dirige em uma avenida movimentada e vê a placa acima. Ele deseja voltar no
sentido contrário. O que deve fazer?",R-5a,Seguir em frente até encontrar sinalização que permita o retorno.,"Mesmo que pareça seguro, o retorno é proibido. O motorista deve buscar o próximo ponto
permitido.",Parar no canteiro central e aguardar oportunidade.,"Retornar com cuidado, se não houver trânsito.",Dar ré até o cruzamento anterior.,/Users/lucianodiisouza/Documents/projects/autocurso-2000/Banco Nacional de Questões.pdf
p1-m1-q173,1,1,"Placas, Cores e Caminhos",173,facil,Rogério dirige em uma rodovia e vê a placa acima. O que deve fazer?,R-7,Manter-se atrás do veículo à frente até o fim do trecho sinalizado.,"A placa acima proíbe toda ultrapassagem até o ponto em que a sinalização indicar o fim da
restrição.","Ultrapassar devagar, se houver espaço.",Acelerar para ultrapassar rapidamente.,Usar o acostamento para ganhar tempo.,/Users/lucianodiisouza/Documents/projects/autocurso-2000/Banco Nacional de Questões.pdf
p1-m1-q174,1,1,"Placas, Cores e Caminhos",174,facil,Rogério passa por um hospital e vê a placa acima. O que ele deve fazer?,R-20,"Evitar qualquer uso de buzina, para não causar ruído desnecessário.","O uso de buzina é proibido em áreas sensíveis, como hospitais e escolas.",Buzinar brevemente para alertar pedestres.,Aumentar o volume do som.,Acelerar para sair rápido da área.,/Users/lucianodiisouza/Documents/projects/autocurso-2000/Banco Nacional de Questões.pdf
p1-m1-q175,1,1,"Placas, Cores e Caminhos",175,facil,A forma octogonal da placa “PARE” tem como objetivo:,,Ser reconhecida facilmente.,"O formato octogonal é exclusivo da R-1 para garantir alta identificação visual em qualquer
ângulo.",Indicar um tipo de serviço.,Mostrar que é uma placa temporária.,Reduzir o custo de fabricação.,/Users/lucianodiisouza/Documents/projects/autocurso-2000/Banco Nacional de Questões.pdf
p1-m1-q176,1,1,"Placas, Cores e Caminhos",176,intermediario,"Ao entrar em uma curva indicada pela placa acima, com excesso de velocidade,
o veículo tende a:",A-2b,Seguir reto.,"A força centrífuga empurra o veículo para fora da curva, especialmente à direita.",Fazer a curva com mais facilidade.,Reduzir automaticamente a tração.,Girar sobre o próprio eixo.,/Users/lucianodiisouza/Documents/projects/autocurso-2000/Banco Nacional de Questões.pdf
p1-m1-q177,1,1,"Placas, Cores e Caminhos",177,intermediario,"Beatriz estaciona rapidamente com o pisca-alerta ligado em local com a placa
acima. Essa ação é permitida?",R-6a,"Não, pois o pisca-alerta não autoriza desrespeitar a proibição.",A sinalização deve ser obedecida independentemente do tempo ou da presença de agentes.,"Sim, se o tempo for inferior a 5 minutos.","Sim, desde que permaneça dentro do carro.","Sim, se não houver fiscalização.",/Users/lucianodiisouza/Documents/projects/autocurso-2000/Banco Nacional de Questões.pdf
p1-m1-q178,1,1,"Placas, Cores e Caminhos",178,intermediario,"Bruno deseja deixar um passageiro em local com a placa acima. O que ele deve
fazer?",R-6c,Seguir até um ponto onde a parada seja permitida.,"Essa placa não permite qualquer parada, devendo o condutor procurar local autorizado.",Parar rapidamente e liberar o passageiro.,Estacionar com o pisca-alerta ligado.,Reduzir e parar sobre a calçada.,/Users/lucianodiisouza/Documents/projects/autocurso-2000/Banco Nacional de Questões.pdf
p1-m1-q179,1,1,"Placas, Cores e Caminhos",179,intermediario,"Carlos dirige à noite e vê a placa acima antes de uma curva acentuada. Por que
essa proibição existe?",R-7,Porque a visibilidade é reduzida e não há campo de visão suficiente para a manobra.,A placa evita manobras perigosas em locais onde a visibilidade é comprometida.,Porque há radar fixo mais adiante.,Porque é área urbana.,Porque a pista é larga.,/Users/lucianodiisouza/Documents/projects/autocurso-2000/Banco Nacional de Questões.pdf
p1-m1-q180,1,1,"Placas, Cores e Caminhos",180,intermediario,"Carlos dirige um automóvel e encontra a placa acima com a inscrição “Exceto
veículos de emergência”. O que significa?",R-10,"Somente ambulâncias, viaturas policiais e bombeiros podem circular naquele local.","As exceções descritas em placas complementares indicam permissão restrita a veículos em
serviço público essencial.",Todos os carros podem entrar.,Caminhões também estão liberados.,É apenas sinalização educativa.,/Users/lucianodiisouza/Documents/projects/autocurso-2000/Banco Nacional de Questões.pdf
p1-m1-q181,1,1,"Placas, Cores e Caminhos",181,intermediario,"César vê a placa acima junto de outra com o texto “Exceto veículos de
emergência”. O que isso significa?",R-5b,"Somente ambulâncias, bombeiros e viaturas em serviço podem fazer o retorno.",A placa complementar cria exceção específica autorizada pelo órgão de trânsito.,Todos os veículos podem retornar.,A placa está desativada.,A proibição é temporária.,/Users/lucianodiisouza/Documents/projects/autocurso-2000/Banco Nacional de Questões.pdf
p1-m1-q182,1,1,"Placas, Cores e Caminhos",182,intermediario,Como a placa acima contribui para a segurança viária?,R-27,Mantendo previsibilidade e separação de fluxos entre veículos leves e pesados.,Ordena o tráfego e reduz zonas de conflito em pistas de múltiplas faixas.,Diminuindo a fiscalização eletrônica.,Reduzindo a necessidade de sinalização vertical.,Incentivando ultrapassagens em curva.,/Users/lucianodiisouza/Documents/projects/autocurso-2000/Banco Nacional de Questões.pdf
p1-m1-q183,1,1,"Placas, Cores e Caminhos",183,intermediario,"Eduardo estaciona seu carro sobre uma calçada com a placa acima próxima. O
que diz a lei?",R-6a,"É infração grave estacionar sobre passeio, mesmo sem placa específica.","O CTB proíbe estacionar sobre calçadas, e a placa reforça a regra geral de segurança e
acessibilidade.",É permitido se não atrapalhar pedestres.,Só é proibido se houver sinalização vertical.,É infração leve.,/Users/lucianodiisouza/Documents/projects/autocurso-2000/Banco Nacional de Questões.pdf
p1-m1-q184,1,1,"Placas, Cores e Caminhos",184,intermediario,"Em pista molhada, qual é a conduta segura ao encontrar essa sinalização?",A-1a,Reduzir mais a velocidade e evitar movimentos bruscos no volante.,A aderência diminui e a curva torna-se mais perigosa em piso molhado.,Manter a velocidade e frear com força no meio da curva.,Ligar o pisca-alerta e parar.,Utilizar apenas o freio de mão.,/Users/lucianodiisouza/Documents/projects/autocurso-2000/Banco Nacional de Questões.pdf
p1-m1-q185,1,1,"Placas, Cores e Caminhos",185,intermediario,Em qual local urbano é mais comum a presença dessa placa?,R-32,"Em corredores exclusivos, avenidas com faixas de ônibus e terminais urbanos.",É usada para garantir eficiência ao transporte coletivo urbano.,Em áreas escolares.,Em zonas rurais.,Em rodovias federais.,/Users/lucianodiisouza/Documents/projects/autocurso-2000/Banco Nacional de Questões.pdf
p1-m1-q186,1,1,"Placas, Cores e Caminhos",186,intermediario,"Em qual situação a velocidade deve ser reduzida mesmo abaixo da indicada na
placa?",R-19,"Sob chuva, neblina, buracos ou presença de pedestres.",A velocidade deve sempre ser compatível com as condições da via e da visibilidade.,Quando o veículo está novo.,Apenas à noite.,Quando não há radares.,/Users/lucianodiisouza/Documents/projects/autocurso-2000/Banco Nacional de Questões.pdf
p1-m1-q187,1,1,"Placas, Cores e Caminhos",187,intermediario,Em qual situação é mais comum encontrar essa placa?,A-15,Antes de cruzamentos com pouca visibilidade.,A advertência aumenta a segurança em locais de risco de colisão.,No início de pontes largas.,Em trechos de ultrapassagem.,Perto de postos de combustível.,/Users/lucianodiisouza/Documents/projects/autocurso-2000/Banco Nacional de Questões.pdf
p1-m1-q188,1,1,"Placas, Cores e Caminhos",188,intermediario,"Em uma rua sinalizada com “Sentido Proibido”, o motorista deve:",,Respeitar a proibição e buscar o sentido permitido.,"O respeito à placa mantém o fluxo seguro e evita colisões frontais com quem vem no sentido
correto.",Seguir em frente apenas para estacionar.,Usar o acostamento para continuar.,Fazer conversão proibida.,/Users/lucianodiisouza/Documents/projects/autocurso-2000/Banco Nacional de Questões.pdf
p1-m1-q189,1,1,"Placas, Cores e Caminhos",189,intermediario,"Juliana vê a placa acima acompanhada de outra placa logo abaixo com a
inscrição “Exceto ônibus”. O que isso significa?",R-4b,Apenas os ônibus podem realizar a conversão.,"A placa complementar delimita a exceção para transporte coletivo, válida conforme
regulamentação local.",Todos os veículos estão liberados.,A proibição é temporária.,Que apenas ônibus estão proibidos de fazer a conversão.,/Users/lucianodiisouza/Documents/projects/autocurso-2000/Banco Nacional de Questões.pdf
p1-m1-q190,1,1,"Placas, Cores e Caminhos",190,intermediario,"Juliana vê a placa acima acompanhada de uma faixa contínua dupla no
pavimento. O que essa combinação indica?",R-7,Que a proibição de ultrapassar é inrtanto pela sinalização vertical quanto pela horizontal.,"A sinalização horizontal complementa a vertical, reforçando a proibição total de ultrapassagem.",Que pode ultrapassar se houver espaço.,Que vale apenas para caminhões.,Que a faixa é apenas decorativa.,/Users/lucianodiisouza/Documents/projects/autocurso-2000/Banco Nacional de Questões.pdf
p1-m1-q191,1,1,"Placas, Cores e Caminhos",191,intermediario,"Marcos conduz um caminhão e encontra a placa acima acompanhada da
inscrição “Das 7h às 20h”. O que isso significa?",R-9,A proibição vale apenas dentro do horário indicado.,As placas auxiliares definem horários específicos de restrição de circulação.,É proibido trafegar 24 horas.,A placa é apenas educativa.,Que ele pode travegar livremente.,/Users/lucianodiisouza/Documents/projects/autocurso-2000/Banco Nacional de Questões.pdf
p1-m1-q192,1,1,"Placas, Cores e Caminhos",192,intermediario,"Marina dirige em um aclive e encontra a placa acima. Qual é o principal risco de
desobedecê-la?",R-7,Colidir frontalmente com veículo vindo no sentido contrário.,"Nos aclives, o campo de visão é reduzido e a ultrapassagem pode causar colisões frontais.",Ser multada apenas.,Gastar mais combustível.,Perder o controle da direção.,/Users/lucianodiisouza/Documents/projects/autocurso-2000/Banco Nacional de Questões.pdf
p1-m1-q193,1,1,"Placas, Cores e Caminhos",193,intermediario,"Marina está em local com a placa acima acompanhada de uma placa auxiliar
“Das 7h às 19h”. Às 21h, ela estaciona. Está correta?",R-6a,"Sim, pois a restrição vale apenas no horário indicado.","Placas complementares definem restrições por faixa horária, fora do horário, o estacionamento é
permitido.","Não, a proibição é para 24 horas.",Apenas se for moradora da rua.,Somente se deixar o pisca-alerta ligado.,/Users/lucianodiisouza/Documents/projects/autocurso-2000/Banco Nacional de Questões.pdf
p1-m1-q194,1,1,"Placas, Cores e Caminhos",194,intermediario,"O condutor que deseja fazer o retorno em local sinalizado com “Proibido virar à
esquerda” deve:",,Seguir até um ponto onde o retorno seja permitido.,"A proibição de virar à esquerda inclui o ato de retornar. O motorista deve prosseguir até o
próximo ponto liberado.","Fazer o retorno imediatamente, com cuidado.",Parar e pedir orientação a pedestres.,Realizar a manobra de marcha a ré.,/Users/lucianodiisouza/Documents/projects/autocurso-2000/Banco Nacional de Questões.pdf
p1-m1-q195,1,1,"Placas, Cores e Caminhos",195,facil,O fundo vermelho e as letras brancas da placa “PARE” significam:,,Proibição e ordem obrigatória de parada total.,"A cor vermelha nas placas de regulamentação indica proibição ou obrigação, reforçando a ordem
de parada.",Alerta de obras na via.,Indicação de preferência.,Orientação de trajeto alternativo.,/Users/lucianodiisouza/Documents/projects/autocurso-2000/Banco Nacional de Questões.pdf
p1-m1-q196,1,1,"Placas, Cores e Caminhos",196,intermediario,"O que a placa acima e a placa de sentido de circulação pela esquerda têm em
comum?",R-25b,Ambas determinam o movimento obrigatório dos veículos.,Ambas são de regulamentação e orientam o sentido de fluxo.,Ambas indicam perigo de curva.,Ambas liberam estacionamento.,Ambas têm formato retangular.,/Users/lucianodiisouza/Documents/projects/autocurso-2000/Banco Nacional de Questões.pdf
p1-m1-q197,1,1,"Placas, Cores e Caminhos",197,intermediario,"O que acontece se o condutor circular na rotatória no sentido contrário ao
indicado pela placa acima?",R-33,Comete infração grave e põe em risco os demais usuários.,"Circular no sentido contrário da via é infração grave, conforme art. 186, inciso I, do CTB.",Apenas recebe advertência verbal.,É permitido em horários de pouco movimento.,Nenhuma consequência.,/Users/lucianodiisouza/Documents/projects/autocurso-2000/Banco Nacional de Questões.pdf
p1-m1-q198,1,1,"Placas, Cores e Caminhos",198,intermediario,O que o pedestre deve fazer ao ver essa placa acima?,R-35,Caminhar pelo lado esquerdo da via compartilhada.,A divisão da circulação facilita a previsibilidade de movimentos.,Andar livremente pela faixa de ciclista.,Atravessar no meio da pista.,Caminhar em qualquer sentido.,/Users/lucianodiisouza/Documents/projects/autocurso-2000/Banco Nacional de Questões.pdf
p1-m1-q199,1,1,"Placas, Cores e Caminhos",199,intermediario,O que representa o comportamento seguro ao ver esta placa?,A-32a,"Atenção redobrada, velocidade reduzida e empatia com quem atravessa.",A direção defensiva valoriza a vida e evita atropelamentos.,Pressa e buzina.,Disputa de espaço com o pedestre.,Uso do farol alto.,/Users/lucianodiisouza/Documents/projects/autocurso-2000/Banco Nacional de Questões.pdf
p1-m1-q200,1,1,"Placas, Cores e Caminhos",200,intermediario,"Onde existe essa placa, se o condutor quiser seguir em frente, o que deve
lembrar?",A-8,Que a via termina e ele deve obrigatoriamente virar.,A interseção em “T” indica o fim da pista — seguir reto é perigoso e proibido.,Que pode continuar reto se for de madrugada.,Que o cruzamento é preferencial para ele.,Que o trecho é de ultrapassagem livre.,/Users/lucianodiisouza/Documents/projects/autocurso-2000/Banco Nacional de Questões.pdf
p1-m1-q201,1,1,"Placas, Cores e Caminhos",201,intermediario,Por que a placa acima é essencial para a segurança viária?,R-28,Porque alerta o condutor sobre o risco de veículos em sentido contrário.,Essa informação evita colisões frontais e ultrapassagens perigosas.,Porque indica área de pedágio.,Porque proíbe paradas de ônibus.,Porque mostra o limite de peso da via.,/Users/lucianodiisouza/Documents/projects/autocurso-2000/Banco Nacional de Questões.pdf
p1-m1-q202,1,1,"Placas, Cores e Caminhos",202,intermediario,"Por que a placa acima é fundamental em rodovias de pista simples com ilhas de
refúgio?",R-24b,Porque impede que veículos invadam a faixa contrária durante o contorno.,A obediência à direção de passagem previne colisões frontais.,Porque indica estacionamento.,Porque aumenta o limite de velocidade.,Porque substitui o guard rail.,/Users/lucianodiisouza/Documents/projects/autocurso-2000/Banco Nacional de Questões.pdf
p1-m1-q203,1,1,"Placas, Cores e Caminhos",203,intermediario,"Por que as placas semelhantes a esta acima podem ter diferentes valores em um
mesmo trajeto?",R-19,"Porque o limite é ajustado conforme o tipo de via, tráfego e entorno.",As condições locais determinam o limite adequado de velocidade.,Porque são colocadas aleatoriamente.,Porque indicam o limite mínimo.,Porque servem apenas de orientação.,/Users/lucianodiisouza/Documents/projects/autocurso-2000/Banco Nacional de Questões.pdf
p1-m1-q204,1,1,"Placas, Cores e Caminhos",204,intermediario,Por que as ultrapassagens são mais perigosas em vias com a placa acima?,R-28,Porque há risco de colisão com veículos que vêm no sentido oposto.,"Em mão dupla, o cálculo errado de tempo e distância causa sinistros fatais.",Porque há menos curvas.,Porque o trânsito é mais lento.,Porque há pedestres em excesso.,/Users/lucianodiisouza/Documents/projects/autocurso-2000/Banco Nacional de Questões.pdf
p1-m1-q205,1,1,"Placas, Cores e Caminhos",205,intermediario,"Por que é importante manter atenção redobrada no tipo de cruzamento indicado
por essa placa?",A-8,Porque veículos podem vir em alta velocidade pela via transversal.,Muitos sinistros ocorrem por falta de observação lateral.,Porque a placa é difícil de ver.,Porque o asfalto é sempre molhado.,Porque o cruzamento é automático.,/Users/lucianodiisouza/Documents/projects/autocurso-2000/Banco Nacional de Questões.pdf
p1-m1-q206,1,1,"Placas, Cores e Caminhos",206,intermediario,Por que é importante o uso da placa acima?,R-44,Para orientar a convivência segura entre pedestres e ciclistas.,Ela visa reduzir conflitos e promover segurança no trânsito não motorizado.,Para restringir o uso de bicicletas.,Para proibir o trânsito de pedestres.,Para aumentar a velocidade dos ciclistas.,/Users/lucianodiisouza/Documents/projects/autocurso-2000/Banco Nacional de Questões.pdf
p1-m1-q207,1,1,"Placas, Cores e Caminhos",207,intermediario,"Por que é importante respeitar a placa acima em túneis e passagens
subterrâneas?",R-15,"Porque o desrespeito pode causar colisão da carga contra o teto, colocando em risco todos
os usuários.","O excesso de altura pode causar sinistros e danos estruturais, exigindo interdição da via.",Porque o ar é mais úmido nesses locais.,Porque há pedágio próximo.,Porque é área de fiscalização.,/Users/lucianodiisouza/Documents/projects/autocurso-2000/Banco Nacional de Questões.pdf
p1-m1-q208,1,1,"Placas, Cores e Caminhos",208,intermediario,"Por que é importante respeitar o sentido de circulação indicado pela placa acima
em áreas urbanas?",R-24a,Porque evita conflitos entre fluxos opostos e atropelamentos.,O respeito ao sentido correto garante a previsibilidade do comportamento dos condutores.,Porque ajuda a encontrar vagas de estacionamento.,Porque melhora o som do motor.,Porque reduz o gasto de combustível.,/Users/lucianodiisouza/Documents/projects/autocurso-2000/Banco Nacional de Questões.pdf
p1-m1-q209,1,1,"Placas, Cores e Caminhos",209,intermediario,Por que essa placa é importante em locais com curvas ou subidas?,A-14,Porque o motorista pode não ver o semáforo a tempo.,A sinalização antecipada evita freadas bruscas em locais de pouca visibilidade.,Porque indica radar.,Porque mostra o limite de velocidade.,Porque indica o fim da pista.,/Users/lucianodiisouza/Documents/projects/autocurso-2000/Banco Nacional de Questões.pdf
p1-m1-q210,1,1,"Placas, Cores e Caminhos",210,intermediario,Por que não se deve ultrapassar em trechos com essa placa?,A-7a,Porque veículos podem entrar repentinamente pela esquerda.,A ultrapassagem aumenta o risco de colisão com quem entra na pista.,Porque o carro pode perder a direção.,Porque o piso sempre é irregular.,Porque é um local de pedágio.,/Users/lucianodiisouza/Documents/projects/autocurso-2000/Banco Nacional de Questões.pdf
p1-m1-q211,1,1,"Placas, Cores e Caminhos",211,intermediario,"Por que o condutor deve manter distância de segurança em uma curva à direita,
conforme indicado pela placa acima?",A-2b,Porque a visibilidade é reduzida e a trajetória pode se estreitar.,A visibilidade limitada e a geometria da curva exigem mais espaço de reação.,Porque o veículo da frente acelera automaticamente.,Porque o limite de velocidade aumenta.,Porque o consumo de combustível diminui.,/Users/lucianodiisouza/Documents/projects/autocurso-2000/Banco Nacional de Questões.pdf
p1-m1-q212,1,1,"Placas, Cores e Caminhos",212,intermediario,Por que respeitar a placa acima é importante em rodovias com túneis e viadutos?,R-16,Porque o desrespeito pode causar colisão lateral e danificar as estruturas.,"Veículos muito largos podem atingir paredes, muretas e colunas de sustentação.",Porque evita multas de excesso de velocidade.,Porque reduz o ruído urbano.,Porque facilita o estacionamento.,/Users/lucianodiisouza/Documents/projects/autocurso-2000/Banco Nacional de Questões.pdf
p1-m1-q213,1,1,"Placas, Cores e Caminhos",213,intermediario,Quais veículos são abrangidos pela proibição da placa acima?,R-37,"Motocicletas, motonetas e ciclomotores.","A placa se aplica a todos os veículos motorizados de duas rodas, independentemente da
cilindrada.",Bicicletas e patinetes elétricos.,Automóveis e caminhões.,Tratores e máquinas agrícolas.,/Users/lucianodiisouza/Documents/projects/autocurso-2000/Banco Nacional de Questões.pdf
p1-m1-q214,1,1,"Placas, Cores e Caminhos",214,intermediario,Qual comportamento seguro o condutor deve adotar após avistar essa placa?,R-28,Manter-se na faixa da direita e redobrar a atenção aos veículos do sentido oposto.,O tráfego bidirecional exige maior cautela e redução de velocidade.,Aumentar a velocidade para sair rápido da área.,Ultrapassar logo após a placa.,Transitar pelo acostamento.,/Users/lucianodiisouza/Documents/projects/autocurso-2000/Banco Nacional de Questões.pdf
p1-m1-q215,1,1,"Placas, Cores e Caminhos",215,intermediario,Qual é a principal diferença entre a placa de lombada e a de pista irregular?,A-18,"A de lombada indica uma elevação isolada, a de pista irregular indica vários desníveis.","A lombada é um obstáculo único, a pista irregular representa desníveis contínuos.",A de lombada é vermelha.,A de pista irregular obriga a parar.,As duas têm o mesmo significado.,/Users/lucianodiisouza/Documents/projects/autocurso-2000/Banco Nacional de Questões.pdf
p1-m1-q216,1,1,"Placas, Cores e Caminhos",216,intermediario,Qual é o comportamento correto ao encontrar essa placa?,R-25c,"Reduzir a velocidade e escolher entre seguir em frente ou virar à esquerda, sinalizando a
manobra.",A decisão deve ser tomada com segurança e comunicação prévia.,Seguir em frente sem atenção.,Virar à direita rapidamente.,Parar o veículo antes da placa.,/Users/lucianodiisouza/Documents/projects/autocurso-2000/Banco Nacional de Questões.pdf
p1-m1-q217,1,1,"Placas, Cores e Caminhos",217,intermediario,Qual é o comportamento correto ao se deparar com a placa acima?,R-23,Manter-se à direita e respeitar a via.,Invadir a contramão é infração gravíssima e coloca vidas em risco.,Invadir a contramão para cortar caminho.,Aumentar a velocidade em curva.,Seguir à esquerda.,/Users/lucianodiisouza/Documents/projects/autocurso-2000/Banco Nacional de Questões.pdf
p1-m1-q218,1,1,"Placas, Cores e Caminhos",218,intermediario,"Qual o erro mais comum cometido por condutores em curvas acentuadas como
a indicada pela placa acima?",A-1b,Entrar na curva em velocidade superior à recomendada.,O excesso de velocidade é a principal causa de saídas de pista em curvas.,Ligar o farol alto.,Desligar o motor para economizar combustível.,Acionar o limpador de para-brisa.,/Users/lucianodiisouza/Documents/projects/autocurso-2000/Banco Nacional de Questões.pdf
p1-m1-q219,1,1,"Placas, Cores e Caminhos",219,intermediario,Qual o objetivo principal da placa acima?,R-34,Proteger ciclistas e garantir a convivência segura entre modais.,Promove segurança e incentivo ao transporte não motorizado.,Facilitar o tráfego de automóveis.,Reservar estacionamento de motos.,Evitar o uso de bicicletas.,/Users/lucianodiisouza/Documents/projects/autocurso-2000/Banco Nacional de Questões.pdf
p1-m1-q220,1,1,"Placas, Cores e Caminhos",220,intermediario,Qual o risco de desrespeitar a placa acima?,R-37,Ocorrer colisões com pedestres ou veículos em áreas não projetadas para motos.,"Em vias estreitas e calçadões, motos representam alto risco de atropelamento.",Aumentar a fluidez do trânsito.,Reduzir o consumo de combustível.,"Nenhum risco, apenas penalidade administrativa.",/Users/lucianodiisouza/Documents/projects/autocurso-2000/Banco Nacional de Questões.pdf
p1-m1-q221,1,1,"Placas, Cores e Caminhos",221,intermediario,Qual o risco de veículos leves usarem uma via sinalizada com a placa acima?,R-39,Aumento da probabilidade de colisões com caminhões.,A diferença de tamanho e peso aumenta o risco de acidentes graves.,Redução de riscos.,Melhoria da fluidez geral.,Nenhum risco significativo.,/Users/lucianodiisouza/Documents/projects/autocurso-2000/Banco Nacional de Questões.pdf
p1-m1-q222,1,1,"Placas, Cores e Caminhos",222,intermediario,"Quando há duas placas de velocidade diferentes, uma para automóveis e outra
para caminhões, o motorista deve:",R-19,Obedecer ao limite correspondente ao seu tipo de veículo.,"O limite varia conforme a categoria do veículo, a via e as condições locais.",Escolher o limite maior.,Manter o dobro da menor.,Ignorar ambas.,/Users/lucianodiisouza/Documents/projects/autocurso-2000/Banco Nacional de Questões.pdf
p1-m1-q223,1,1,"Placas, Cores e Caminhos",223,intermediario,"Quando passar por uma placa como essa e em seguida encontrar um semáforo
que estiver intermitente (piscando em amarelo), o que o condutor deve fazer?",A-14,Reduzir a velocidade e prosseguir com atenção.,O amarelo intermitente alerta para atenção redobrada no cruzamento.,Acelerar para aproveitar o sinal.,Parar obrigatoriamente.,Ignorar o sinal.,/Users/lucianodiisouza/Documents/projects/autocurso-2000/Banco Nacional de Questões.pdf
p1-m1-q224,1,1,"Placas, Cores e Caminhos",224,intermediario,Que atitude deve ter o motorista de carro ao ver essa placa?,R-32,Não entrar ou circular na faixa exclusiva de ônibus.,O respeito à exclusividade evita multas e melhora o transporte coletivo.,Utilizar a faixa para ultrapassar.,Acelerar para sair rapidamente.,Parar sobre a faixa.,/Users/lucianodiisouza/Documents/projects/autocurso-2000/Banco Nacional de Questões.pdf
p1-m1-q225,1,1,"Placas, Cores e Caminhos",225,intermediario,"Renata vê a placa acima próxima à entrada de um túnel. Por que a manobra é
proibida nesse local?",R-8b,Porque o espaço é reduzido e a visibilidade lateral é limitada.,"Nos túneis, as mudanças de faixa aumentam o risco de colisões devido à pouca visibilidade e à
proximidade entre veículos.",Porque o túnel é iluminado.,Porque há radar de velocidade.,Porque o piso é de concreto.,/Users/lucianodiisouza/Documents/projects/autocurso-2000/Banco Nacional de Questões.pdf
p1-m1-q226,1,1,"Placas, Cores e Caminhos",226,intermediario,"Ricardo dirige à noite e percebe a placa acima próxima a uma saída de túnel.
Qual é o motivo da proibição?",R-8a,Garantir a fluidez e evitar cruzamentos de trajetórias na saída.,Mudanças bruscas de faixa em saídas de túnel causam colisões laterais e congestionamentos.,Indicar local de fiscalização eletrônica.,Indicar fim de pista dupla.,Liberar ultrapassagens.,/Users/lucianodiisouza/Documents/projects/autocurso-2000/Banco Nacional de Questões.pdf
p1-m1-q227,1,1,"Placas, Cores e Caminhos",227,intermediario,"Ricardo trafega à noite e vê a placa acima em um trecho de pista simples. O que
deve fazer?",R-5a,Continuar no sentido da via e só retornar onde for permitido.,"Mesmo com pouca movimentação, a sinalização deve ser respeitada para evitar colisões
frontais.",Fazer o retorno com farol alto.,Aguardar no meio da pista para virar.,Encostar no acostamento e manobrar.,/Users/lucianodiisouza/Documents/projects/autocurso-2000/Banco Nacional de Questões.pdf
p1-m1-q228,1,1,"Placas, Cores e Caminhos",228,intermediario,"Se o condutor avança por engano em uma rua com a placa “Sentido proibido”, o
que deve fazer imediatamente?",,Parar em local seguro e retornar ao sentido permitido.,"A manobra deve ser feita com segurança, evitando risco a outros usuários e sempre retornando
ao trajeto correto.",Continuar até o fim da via.,Dar marcha a ré no meio da pista.,Ignorar e seguir normalmente.,/Users/lucianodiisouza/Documents/projects/autocurso-2000/Banco Nacional de Questões.pdf
p1-m1-q229,1,1,"Placas, Cores e Caminhos",229,intermediario,"Tiago encontra a placa acima acompanhada da inscrição “Exceto táxi”. O que
isso significa?",R-6a,Somente táxis podem estacionar naquele local.,"A placa complementar cria exceção regulamentada pelo órgão de trânsito, válida apenas aos
veículos indicados.","A proibição vale para todos, inclusive táxis.",Apenas táxis estão proibidos.,O estacionamento é livre à noite.,/Users/lucianodiisouza/Documents/projects/autocurso-2000/Banco Nacional de Questões.pdf
p1-m1-q230,1,1,"Placas, Cores e Caminhos",230,facil,O que o condutor deve fazer antes mesmo de ligar o carro?,,"Verificar itens básicos como pneus, freios e o cinto de segurança.","A checagem prévia do veículo evita problemas e sinistros. É o primeiro passo de um condutor
responsável.",Conferir se o rádio está funcionando.,Testar o som e o ar-condicionado.,Ajustar o banco apenas depois de sair da garagem.,/Users/lucianodiisouza/Documents/projects/autocurso-2000/Banco Nacional de Questões.pdf
p1-m1-q231,1,1,"Placas, Cores e Caminhos",231,intermediario,"Quando o semáforo está verde, mas um agente de trânsito manda parar, o que o
motorista deve fazer?",,Obedecer ao agente de trânsito.,Existe uma hierarquia na sinalização. A ordem do agente prevalece sobre o semáforo ou a placa.,Seguir porque o sinal está aberto.,Aguardar o agente sair da via.,Buzinar para avisar que o sinal está verde.,/Users/lucianodiisouza/Documents/projects/autocurso-2000/Banco Nacional de Questões.pdf
p1-m1-q232,1,1,"Placas, Cores e Caminhos",232,facil,"Em uma faixa de pedestres, quem tem prioridade?",,O pedestre que atravessa ou demonstra intenção de atravessar.,"A prioridade é sempre do pedestre. O motorista deve reduzir e, se necessário, parar
completamente.",O veículo maior.,Quem estiver com mais pressa.,"O ciclista, sempre.",/Users/lucianodiisouza/Documents/projects/autocurso-2000/Banco Nacional de Questões.pdf
p1-m1-q233,1,1,"Placas, Cores e Caminhos",233,intermediario,Qual é a função da sinalização cicloviária?,,Garantir espaço seguro para os ciclistas.,"A sinalização cicloviária delimita ciclovias e ciclofaixas, promovendo respeito e segurança aos
ciclistas.",Restringir a circulação de bicicletas.,Servir apenas de decoração urbana.,Indicar locais de estacionamento.,/Users/lucianodiisouza/Documents/projects/autocurso-2000/Banco Nacional de Questões.pdf
p1-m1-q234,1,1,"Placas, Cores e Caminhos",234,intermediario,Por que a cor laranja é usada nas sinalizações temporárias?,,Porque é uma cor visível e chama atenção para algo diferente na via.,A cor laranja se destaca de todas as outras e alerta que há mudanças temporárias na via.,Porque combina com o ambiente urbano.,Porque representa tranquilidade.,Porque é a cor padrão das placas educativas.,/Users/lucianodiisouza/Documents/projects/autocurso-2000/Banco Nacional de Questões.pdf
p1-m1-q235,1,1,"Placas, Cores e Caminhos",235,facil,"Quando o motorista encontra um semáforo piscando em amarelo, o que deve fazer?",,Reduzir a velocidade e seguir com atenção.,"O amarelo piscante indica atenção redobrada — o condutor deve reduzir e prosseguir com
cuidado.",Parar completamente até o sinal mudar.,Acelerar para passar logo.,Esperar outro motorista indicar o que fazer.,/Users/lucianodiisouza/Documents/projects/autocurso-2000/Banco Nacional de Questões.pdf
p1-m1-q236,1,1,"Placas, Cores e Caminhos",236,intermediario,Por que a sinalização horizontal (pinturas no chão) é tão importante?,,Porque orienta o fluxo e define o espaço de cada usuário da via.,"As linhas, setas e faixas pintadas no solo organizam o trânsito e indicam condutas seguras.",Porque serve apenas como enfeite.,Porque substitui as placas verticais.,Porque mostra apenas os limites de velocidade.,/Users/lucianodiisouza/Documents/projects/autocurso-2000/Banco Nacional de Questões.pdf
p1-m1-q237,1,1,"Placas, Cores e Caminhos",237,intermediario,O que acontece quando um motorista ignora uma placa de regulamentação?,,Comete uma infração e coloca vidas em risco.,"As placas de regulamentação são ordens obrigatórias; desrespeitá-las é infração e ameaça à
segurança.","Nada, se não houver fiscalização.",Apenas recebe uma advertência verbal.,Fica livre para escolher o que fazer.,/Users/lucianodiisouza/Documents/projects/autocurso-2000/Banco Nacional de Questões.pdf
p1-m1-q238,1,1,"Placas, Cores e Caminhos",238,dificil,Por que conhecer o “código das cores” da sinalização horizontal é essencial?,,Porque cada cor transmite uma mensagem específica sobre o uso da via.,"As cores e tipos de linha indicam onde é permitido ultrapassar, parar ou dividir faixas, e garantem
ordem no trânsito.",Porque ajuda apenas em vias urbanas.,Porque deixa o asfalto mais bonito.,Porque substitui as placas de regulamentação.,/Users/lucianodiisouza/Documents/projects/autocurso-2000/Banco Nacional de Questões.pdf
p1-m1-q239,1,1,"Placas, Cores e Caminhos",239,dificil,"Quando há mensagens conflitantes entre placas, faixas e semáforo, o que o condutor
deve fazer?",,Seguir a hierarquia da sinalização.,"O Código de Trânsito Brasileiro estabelece uma hierarquia clara — em caso de conflito, deve-se
obedecer primeiro ao agente, depois ao semáforo, e por último às placas e marcas no solo.",Escolher o que achar mais conveniente.,Priorizar sempre o semáforo.,Seguir o veículo à frente.,/Users/lucianodiisouza/Documents/projects/autocurso-2000/Banco Nacional de Questões.pdf
p1-m1-q240,1,1,"Placas, Cores e Caminhos",240,facil,O que caracteriza as placas de regulamentação?,,Elas impõem regras que devem ser obedecidas.,Porque impõem regras obrigatórias e desrespeitá-las é infração.,São sinais apenas informativos.,Servem só para enfeitar as vias.,São usadas apenas em rodovias.,/Users/lucianodiisouza/Documents/projects/autocurso-2000/Banco Nacional de Questões.pdf
p1-m1-q241,1,1,"Placas, Cores e Caminhos",241,facil,Qual formato é comumente associado às placas de advertência?,,"Losango (diamante), geralmente amarelas.",O losango amarelo alerta sobre perigos ou mudanças à frente.,"Retangular horizontal, geralmente azul.","Circular, com borda vermelha.",Quadrada e marrom.,/Users/lucianodiisouza/Documents/projects/autocurso-2000/Banco Nacional de Questões.pdf
p1-m1-q242,1,1,"Placas, Cores e Caminhos",242,intermediario,As placas verdes são mais usadas para:,,"Indicar direções, cidades e distâncias em rodovias.","Placas verdes atuam como 'GPS' nas estradas, mostrando rotas e distâncias.",Indicar serviços como postos e hotéis.,Educar sobre segurança.,Sinalizar pontos turísticos.,/Users/lucianodiisouza/Documents/projects/autocurso-2000/Banco Nacional de Questões.pdf
p1-m1-q243,1,1,"Placas, Cores e Caminhos",243,facil,Qual a missão das placas brancas?,,Conscientizar e educar sobre comportamentos seguros.,"As placas brancas têm função educativa, reforçando comportamentos seguros.",Dar ordens obrigatórias aos motoristas.,Indicar serviços e postos de atendimento.,Apontar atrações turísticas.,/Users/lucianodiisouza/Documents/projects/autocurso-2000/Banco Nacional de Questões.pdf
p1-m1-q244,1,1,"Placas, Cores e Caminhos",244,facil,Por que a sinalização deve ser compreendida rapidamente pelo motorista?,,Porque mensagens precisam ser entendidas em frações de segundo,A sinalização usa símbolos e cores para comunicação instantânea durante a direção.,Porque os motoristas não têm tempo de ler.,Porque são feitas só para especialistas.,Para permitir que o carro dirija sozinho.,/Users/lucianodiisouza/Documents/projects/autocurso-2000/Banco Nacional de Questões.pdf
p1-m1-q245,1,1,"Placas, Cores e Caminhos",245,intermediario,O que significa a sinalização temporária em cor laranja?,,"Indica obras, desvios ou eventos temporários na via.",A cor laranja destaca mudanças temporárias e pede atenção extra.,Que a via é exclusiva para transporte público.,Que é uma área escolar.,Que há um ponto turístico adiante.,/Users/lucianodiisouza/Documents/projects/autocurso-2000/Banco Nacional de Questões.pdf
p1-m1-q246,1,1,"Placas, Cores e Caminhos",246,facil,O que uma faixa de pedestres representa no pavimento?,,Local de prioridade para travessia de pedestres.,"A faixa é o espaço sagrado do pedestre, que tem prioridade ao atravessar.",Área de carga e descarga.,Faixa exclusiva para bicicletas.,Local de estacionamento.,/Users/lucianodiisouza/Documents/projects/autocurso-2000/Banco Nacional de Questões.pdf
p1-m1-q247,1,1,"Placas, Cores e Caminhos",247,facil,Por que não se deve parar sobre a faixa de pedestres?,,Porque dificulta a travessia e é considerado infração.,Parar sobre a faixa atrapalha pedestres e é infração prevista no material.,Porque aumenta o espaço de estacionamento.,Porque protege pedestres.,Porque melhora o fluxo de veículos.,/Users/lucianodiisouza/Documents/projects/autocurso-2000/Banco Nacional de Questões.pdf
p1-m1-q248,1,1,"Placas, Cores e Caminhos",248,facil,"Qual o papel dos dispositivos auxiliares (ex.: cones, barreiras)?",,Ajudar a aumentar a segurança e organizar o trânsito fisicamente.,São elementos físicos que complementam placas e faixas para segurança.,Servir apenas como decoração noturna.,Substituir completamente as placas verticais.,Indicar apenas rotas turísticas.,/Users/lucianodiisouza/Documents/projects/autocurso-2000/Banco Nacional de Questões.pdf
p1-m1-q249,1,1,"Placas, Cores e Caminhos",249,facil,O que significa 'sinalização cicloviária'?,,Sinalização que indica espaços reservados (ciclovias/ciclofaixas) para ciclistas.,Delimita infraestruturas específicas para deslocamento seguro de ciclistas.,Sinalização que proíbe bicicletas da cidade.,Indicação de pontos de ônibus.,Local de lavagem de bicicletas.,/Users/lucianodiisouza/Documents/projects/autocurso-2000/Banco Nacional de Questões.pdf
p1-m1-q250,1,1,"Placas, Cores e Caminhos",250,intermediario,Qual é a vantagem de 'ler o chão' (sinalização horizontal)?,,Ela está sempre no campo de visão do motorista e orienta condutas.,"As marcas no solo guiam movimentos, ultrapassagens e paradas.",É apenas estética urbana.,Substitui sinais luminosos em cruzamentos.,Serve só para pavement design.,/Users/lucianodiisouza/Documents/projects/autocurso-2000/Banco Nacional de Questões.pdf
p1-m1-q251,1,1,"Placas, Cores e Caminhos",251,intermediario,O que sinaliza uma placa azul?,,"Serviços e identificação, como postos ou informações.",Placas azuis indicam serviços e identificação úteis ao viajante.,Direções e cidades em rodovias.,Atrações turísticas.,Mensagens educativas.,/Users/lucianodiisouza/Documents/projects/autocurso-2000/Banco Nacional de Questões.pdf
p1-m1-q252,1,1,"Placas, Cores e Caminhos",252,facil,Por que a hierarquia entre sinais é importante?,,Para definir qual sinal seguir quando há conflito entre mensagens.,A hierarquia evita conflitos (ex.: policial vs semáforo) e define prioridade clara.,Para dar prioridade às placas sobre agentes.,Para tornar a sinalização mais complexa.,Para permitir que cada município escolha suas regras.,/Users/lucianodiisouza/Documents/projects/autocurso-2000/Banco Nacional de Questões.pdf
p1-m1-q253,1,1,"Placas, Cores e Caminhos",253,facil,Qual a recomendação ao usar a faixa de aceleração para entrar numa rodovia?,,Acelerar na faixa para atingir a velocidade do tráfego antes de inserir-se.,Faixa de aceleração serve para adaptar velocidade e entrar com segurança.,Parar e aguardar que os carros passem.,Entrar devagar e reduzir na pista principal.,Acelerar e cortar os outros veículos.,/Users/lucianodiisouza/Documents/projects/autocurso-2000/Banco Nacional de Questões.pdf
p1-m1-q254,1,1,"Placas, Cores e Caminhos",254,facil,Qual é a atitude central da direção defensiva ?,,Antecipar riscos e preparar-se para a inesperado.,Direção defensiva é prever erros alheios e manter distância e atenção.,Dirigir sempre no limite máximo de velocidade.,Confiar que os outros não erram.,Evitar usar o cinto em trajetos curtos.,/Users/lucianodiisouza/Documents/projects/autocurso-2000/Banco Nacional de Questões.pdf
p1-m1-q255,1,1,"Placas, Cores e Caminhos",255,intermediario,Por que a velocidade máxima da via nem sempre é a mais segura?,,Porque condições como chuva exigem reduzir abaixo do limite.,"Velocidade segura depende de visibilidade, clima e fluxo, não só da placa.",Porque os limites são sempre exagerados.,Porque locais urbanos não têm limites.,Porque o semáforo determina a velocidade.,/Users/lucianodiisouza/Documents/projects/autocurso-2000/Banco Nacional de Questões.pdf
p1-m1-q256,1,1,"Placas, Cores e Caminhos",256,intermediario,O que uma placa marrom indica?,,Atrativos turísticos como parques e museus.,Placas marrons são dedicadas ao turismo e pontos de interesse.,Proibições de estacionamento.,Direções rodoviárias.,Áreas de risco.,/Users/lucianodiisouza/Documents/projects/autocurso-2000/Banco Nacional de Questões.pdf
p1-m1-q257,1,1,"Placas, Cores e Caminhos",257,facil,"Por que não se deve retornar em curvas, pontes ou túneis?",,Porque reduz visibilidade e aumenta risco de sinistros.,Retornos nesses locais comprometem segurança por falta de visibilidade.,Porque é permitido só de noite.,Porque é complicado para motoristas experientes.,Porque reduz o número de multas.,/Users/lucianodiisouza/Documents/projects/autocurso-2000/Banco Nacional de Questões.pdf
p1-m1-q258,1,1,"Placas, Cores e Caminhos",258,facil,O que é recomendado ao ultrapassar um ciclista?,,"Manter 1,5 m de distância lateral para evitar desequilíbrio.",Distância lateral segura reduz risco de tombos e é citada no material.,Aproxime-se por trás e ultrapasse sem espaço.,Use a faixa de pedestre para ultrapassar.,Buzine constantemente para acelerar o ciclista.,/Users/lucianodiisouza/Documents/projects/autocurso-2000/Banco Nacional de Questões.pdf
p1-m1-q259,1,1,"Placas, Cores e Caminhos",259,facil,Qual é a consequência prática de estacionar indevidamente em local proibido?,,Remoção do veículo e despesas com pátio.,Estacionamento indevido pode gerar remoção e custos significativos.,Só uma advertência verbal.,"Nada, se for pouco tempo.",Apenas perda de pontos sem multa.,/Users/lucianodiisouza/Documents/projects/autocurso-2000/Banco Nacional de Questões.pdf
p1-m1-q260,1,1,"Placas, Cores e Caminhos",260,facil,Por que o uso correto de cintos e cadeirinhas é enfatizado?,,Porque esses dispositivos protegem ocupantes em caso de sinistro.,"Equipamentos de segurança só funcionam se usados corretamente, salvando vidas.",Porque melhoram a economia de combustível.,Porque aumentam a velocidade do veículo.,Porque substituem a necessidade de atenção do motorista.,/Users/lucianodiisouza/Documents/projects/autocurso-2000/Banco Nacional de Questões.pdf
p1-m1-q261,1,1,"Placas, Cores e Caminhos",261,facil,Quais os calçados são recomendados para dirigir?,,Usar sapatos adequados; chinelos podem comprometer controle dos pedais.,Calçados firmes garantem bom controle dos pedais e segurança.,Dirigir sempre descalço é melhor.,Usar qualquer calçado é indiferente.,Usar sapatos de salto alto é recomendado.,/Users/lucianodiisouza/Documents/projects/autocurso-2000/Banco Nacional de Questões.pdf
p1-m1-q262,1,1,"Placas, Cores e Caminhos",262,intermediario,O que é a PPD?,,Permissão para Dirigir: habilitação provisória válida por 1 ano.,PPD é a primeira habilitação temporária com regras especiais.,Documento do veículo.,Curso extra opcional.,Uma multa aplicada a novos condutores.,/Users/lucianodiisouza/Documents/projects/autocurso-2000/Banco Nacional de Questões.pdf
p1-m1-q263,1,1,"Placas, Cores e Caminhos",263,facil,"Durante a Permissão para Dirigir, qual comportamento é proibido ao condutor?",,"Cometer infrações graves, gravíssimas ou reincidência em médias.",A PPD exige conduta responsável; infrações sérias levam à suspensão.,Dirigir somente à noite.,Usar o veículo para trabalho.,Trocar de categoria sem prova.,/Users/lucianodiisouza/Documents/projects/autocurso-2000/Banco Nacional de Questões.pdf
p1-m1-q264,1,1,"Placas, Cores e Caminhos",264,facil,O que diferencia vias urbanas de rodovias?,,"Urbanas têm mais pedestres e cruzamentos; rodovias ligam cidades e permitem maiores
velocidades.",Cada tipo de via exige comportamento adaptado e atenção específica.,Rodovias são sempre sem sinalização.,Urbanas não têm limites de velocidade.,Rodovias são apenas para caminhões.,/Users/lucianodiisouza/Documents/projects/autocurso-2000/Banco Nacional de Questões.pdf
p1-m1-q265,1,1,"Placas, Cores e Caminhos",265,facil,Por que as faixas pintadas no pavimento são tão vantajosas?,,Porque estão sempre no campo de visão do condutor enquanto dirige.,Marcas no solo guiam movimentos sem exigir olhar para placas laterais.,Porque são apenas decorativas.,Porque substituem agentes de trânsito.,Porque indicam pontos turísticos.,/Users/lucianodiisouza/Documents/projects/autocurso-2000/Banco Nacional de Questões.pdf
p1-m1-q266,1,1,"Placas, Cores e Caminhos",266,facil,Qual é a indicação de uma placa 'PARE'?,,É uma ordem absoluta: parar completamente e só seguir quando seguro.,'PARE' é regulamentação que exige parada total para segurança.,É apenas uma sugestão.,É uma informação sobre velocidade.,É uma placa de indicação turística.,/Users/lucianodiisouza/Documents/projects/autocurso-2000/Banco Nacional de Questões.pdf
p1-m1-q267,1,1,"Placas, Cores e Caminhos",267,facil,Qual a recomendação sobre manter distância do veículo à frente?,,Manter distância adequada para poder reagir a imprevistos.,"Distância é pilar da direção defensiva, permitindo tempo de reação.",Colar no carro da frente para 'fechar' trânsito.,Ultrapassar pela direita sempre.,Usar o celular para se distrair.,/Users/lucianodiisouza/Documents/projects/autocurso-2000/Banco Nacional de Questões.pdf
p1-m1-q268,1,1,"Placas, Cores e Caminhos",268,intermediario,O que se entende por 'conversão à esquerda' ?,,Manobra que cruza o fluxo oposto e exige atenção extra.,Conversão à esquerda envolve atravessar o fluxo contrário e requer paciência.,Uma ultrapassagem pela direita.,Estacionar na esquerda da via.,Ignorar sinais de prioridade.,/Users/lucianodiisouza/Documents/projects/autocurso-2000/Banco Nacional de Questões.pdf
p1-m1-q269,1,1,"Placas, Cores e Caminhos",269,intermediario,"Quando a faixa é destinada a ciclistas (ciclofaixa), o que é recomendado aos
motoristas?",,Respeitar a faixa e dar espaço ao ciclista.,Ciclofaixas delimitam espaço específico; motoristas devem respeitar e manter distância.,Ultrapassar rapidamente os ciclistas.,Parar sobre a ciclofaixa para desembarque.,Usar a ciclofaixa para estacionamento.,/Users/lucianodiisouza/Documents/projects/autocurso-2000/Banco Nacional de Questões.pdf
p1-m1-q270,1,1,"Placas, Cores e Caminhos",270,intermediario,"Em caso de mensagens conflitantes (agente, semáforo, placa), qual é a
sequência de prioridade mencionada?",,Agente de trânsito > semáforo > placas e marcas no solo.,A hierarquia definida pelo CTB prioriza o agente em situações de conflito.,Placa > semáforo > agente.,Semáforo > placa > agente.,Marca no solo > placa > semáforo.,/Users/lucianodiisouza/Documents/projects/autocurso-2000/Banco Nacional de Questões.pdf
p1-m1-q271,1,1,"Placas, Cores e Caminhos",271,intermediario,Por que as infrações podem variar de leves a gravíssimas?,,Porque o risco e a gravidade do comportamento variam e as penas acompanham isso.,O material explica que diferenças de risco resultam em penalidades distintas.,Porque os fiscais decidem aleatoriamente.,Porque depende do tipo de veículo.,Porque muda a cada cidade sem regra.,/Users/lucianodiisouza/Documents/projects/autocurso-2000/Banco Nacional de Questões.pdf
p1-m1-q272,1,1,"Placas, Cores e Caminhos",272,intermediario,Qual a recomendação sobre 'velocidade inteligente'?,,"Adaptar a velocidade conforme via, clima e tráfego, não só o limite.",Velocidade inteligente prioriza controle e segurança sobre a velocidade legal máxima.,Sempre dirigir no limite máximo permitido.,Andar sempre mais devagar que os demais.,Sempre usar piloto automático.,/Users/lucianodiisouza/Documents/projects/autocurso-2000/Banco Nacional de Questões.pdf
p1-m1-q273,1,1,"Placas, Cores e Caminhos",273,intermediario,"Em vias urbanas próximas a escolas, qual comportamento é esperado do
condutor?",,Reduzir a velocidade e aumentar atenção por crianças e pedestres.,Áreas escolares demandam redução de velocidade e cuidado redobrado.,Aumentar velocidade para liberar a via.,Ultrapassar outros veículos.,Estacionar sobre a calçada.,/Users/lucianodiisouza/Documents/projects/autocurso-2000/Banco Nacional de Questões.pdf
p1-m1-q274,1,1,"Placas, Cores e Caminhos",274,intermediario,O que define uma rodovia pavimentada?,,"Via rural asfaltada ou de concreto que permite velocidades maiores com sinalização
completa.",Rodovias pavimentadas têm características de segurança e permitem velocidades maiores.,Uma via sem sinalização.,Uma via apenas para pedestres.,Uma rua urbana com muitos cruzamentos.,/Users/lucianodiisouza/Documents/projects/autocurso-2000/Banco Nacional de Questões.pdf
p1-m1-q275,1,1,"Placas, Cores e Caminhos",275,intermediario,Por que a educação no trânsito (placas brancas) aparece em trechos perigosos?,,Porque reforçam comportamentos que reduzem risco nesses pontos.,Placas educativas são colocadas onde reforçar a atenção tem efeito direto na segurança.,Porque não há lugar melhor para colocar placas.,Porque substituem radares.,Porque apenas aumentam a visibilidade do local.,/Users/lucianodiisouza/Documents/projects/autocurso-2000/Banco Nacional de Questões.pdf
p1-m1-q276,1,1,"Placas, Cores e Caminhos",276,intermediario,Qual a função prática de uma faixa de aceleração em uma entrada de rodovia?,,Permitir que o veículo aumente velocidade e combine com o tráfego antes de inserir-se.,Faixa de aceleração ajuda a integrar com segurança o fluxo de veículos.,Forçar o motorista a frear.,Servir como estacionamento temporário.,Reduzir o número de faixas na rodovia.,/Users/lucianodiisouza/Documents/projects/autocurso-2000/Banco Nacional de Questões.pdf
p1-m1-q277,1,1,"Placas, Cores e Caminhos",277,intermediario,Por que é errado 'entrar devagar' na pista principal vindo da faixa de aceleração?,,Porque causa risco de colisão por diferença de velocidade com o tráfego.,Entrar devagar cria descontinuidade no fluxo e pode provocar colisões traseiras.,Porque é legal em todos os casos.,Porque acelera o tráfego atrás.,Porque facilita a conversão.,/Users/lucianodiisouza/Documents/projects/autocurso-2000/Banco Nacional de Questões.pdf
p1-m1-q278,1,1,"Placas, Cores e Caminhos",278,intermediario,Como o condutorde agir quanto às manobras de conversão?,,"Usar calma, sinalizar e garantir visibilidade antes de executar a manobra.","Conversões seguras exigem calma, sinalização e atenção à visibilidade.",Fazer rápidas manobras para poupar tempo.,Nunca sinalizar para confundir outros.,Ultrapassar pela direita ao converter.,/Users/lucianodiisouza/Documents/projects/autocurso-2000/Banco Nacional de Questões.pdf
p1-m1-q279,1,1,"Placas, Cores e Caminhos",279,intermediario,"O que se espera do condutor ao se aproximar de um cruzamento sem
sinalização?",,Conhecer e aplicar as regras de preferência para evitar impasses.,Regras de preferência evitam conflitos e mantêm fluidez no cruzamento.,Aguardar sempre que outro veículo se mova.,Passar sem reduzir a velocidade.,Sempre ceder a quem gritar mais alto.,/Users/lucianodiisouza/Documents/projects/autocurso-2000/Banco Nacional de Questões.pdf
p1-m1-q280,1,1,"Placas, Cores e Caminhos",280,intermediario,"Qual a diferença entre 'rodovia' e 'estrada de terra' no comportamento do
condutor?",,"Porque estradas de terra exigem redução de velocidade e mais cuidado devido à menor
aderência.",Estradas de terra têm menos segurança e requerem condução mais lenta e cautelosa.,Porque estradas de terra permitem velocidades maiores.,Porque a lei não se aplica nelas.,Porque são sempre seguras.,/Users/lucianodiisouza/Documents/projects/autocurso-2000/Banco Nacional de Questões.pdf
p1-m1-q281,1,1,"Placas, Cores e Caminhos",281,dificil,Por que a sinalização deve ser uniforme em todo o país?,,"Para que uma mesma placa signifique a mesma ação em qualquer cidade, aumentando a
previsibilidade.",Uniformidade garante que motoristas compreendam sinais independentemente do local.,Para permitir variações locais frequentes.,Para confundir visitantes.,Para favorecer o design regional.,/Users/lucianodiisouza/Documents/projects/autocurso-2000/Banco Nacional de Questões.pdf
p1-m1-q282,1,1,"Placas, Cores e Caminhos",282,dificil,Como a sinalização horizontal complementa a vertical quando há conflito entre elas?,,"A hierarquia define prioridade; marcas no solo orientam movimentos e, se houver conflito,
segue-se a ordem legal.","Em conflitos, é preciso considerar a hierarquia: agente, semáforo, placas, marcas no solo.",A sinalização horizontal sempre prevalece.,A sinalização vertical sempre prevalece.,Conflitos não ocorrem entre sinalizações.,/Users/lucianodiisouza/Documents/projects/autocurso-2000/Banco Nacional de Questões.pdf
p1-m1-q283,1,1,"Placas, Cores e Caminhos",283,dificil,"Considerando direção defensiva, qual é a relação entre atenção, distância e
antecipação?",,"Atenção constante e manter distância permitem antecipar ações de outros e evitar
sinistros.","A combinação dos três cria o 'escudo' da direção defensiva, reduzindo riscos.",Atenção é menos importante que velocidade.,Distância não influencia na antecipação.,Antecipação substitui atenção.,/Users/lucianodiisouza/Documents/projects/autocurso-2000/Banco Nacional de Questões.pdf
p1-m1-q284,1,1,"Placas, Cores e Caminhos",284,facil,"Ao ver uma linha contínua amarela simples no centro da via, o que o condutor deve
entender?",,É proibido ultrapassar naquele trecho.,"Linha amarela contínua indica proibição de ultrapassagem por motivos de segurança e
visibilidade.",A via é preferencial.,Pode ultrapassar com cuidado.,É uma faixa exclusiva de ônibus.,/Users/lucianodiisouza/Documents/projects/autocurso-2000/Banco Nacional de Questões.pdf
p1-m1-q285,1,1,"Placas, Cores e Caminhos",285,facil,"Quando há duas linhas amarelas contínuas lado a lado, o que isso significa?",,A ultrapassagem é proibida para os dois sentidos.,Linhas duplas contínuas proíbem ultrapassagem para ambos os sentidos da via.,Somente um lado pode ultrapassar.,É uma pista de aceleração.,É uma marcação de estacionamento.,/Users/lucianodiisouza/Documents/projects/autocurso-2000/Banco Nacional de Questões.pdf
p1-m1-q286,1,1,"Placas, Cores e Caminhos",286,facil,"Ao encontrar uma linha seccionada (tracejada) no centro da pista, o motorista pode:",,"Ultrapassar com segurança, se as condições permitirem.",A linha seccionada permite ultrapassagem quando há segurança e boa visibilidade.,Parar sobre a linha.,Transitar entre as faixas livremente.,Fazer retorno em qualquer ponto.,/Users/lucianodiisouza/Documents/projects/autocurso-2000/Banco Nacional de Questões.pdf
p1-m1-q287,1,1,"Placas, Cores e Caminhos",287,facil,O que o motorista deve fazer ao ver faixas zebradas pintadas no chão?,,Evitar parar ou estacionar sobre elas.,As zebras são áreas de segurança e não devem ser ocupadas por veículos.,Atravessar nelas para ganhar tempo.,Usar como área de espera.,Parar para desembarque.,/Users/lucianodiisouza/Documents/projects/autocurso-2000/Banco Nacional de Questões.pdf
p1-m1-q288,1,1,"Placas, Cores e Caminhos",288,facil,"Qual o comportamento correto ao ver uma faixa contínua branca separando faixas no
mesmo sentido?",,"Manter-se na faixa, sem mudar de pista.",Linha branca contínua indica proibição de mudança de faixa no mesmo sentido.,Trocar de faixa rapidamente.,Ultrapassar o veículo à frente.,Estacionar no acostamento.,/Users/lucianodiisouza/Documents/projects/autocurso-2000/Banco Nacional de Questões.pdf
p1-m1-q289,1,1,"Placas, Cores e Caminhos",289,facil,"Em uma via com faixas tracejadas brancas, o que o condutor pode fazer?",,"Mudar de faixa, desde que com segurança.",As linhas brancas seccionadas permitem mudança de faixa em segurança.,Parar sobre as linhas.,Fazer retorno.,Transitar sobre o canteiro.,/Users/lucianodiisouza/Documents/projects/autocurso-2000/Banco Nacional de Questões.pdf
p1-m1-q290,1,1,"Placas, Cores e Caminhos",290,facil,O que indica uma faixa de retenção antes de um semáforo?,,Ponto onde o veículo deve parar quando o sinal estiver vermelho.,A faixa de retenção indica o limite de parada nos cruzamentos.,Local para pedestres atravessarem.,Faixa exclusiva para motos.,Local de aceleração.,/Users/lucianodiisouza/Documents/projects/autocurso-2000/Banco Nacional de Questões.pdf
p1-m1-q291,1,1,"Placas, Cores e Caminhos",291,facil,"Quando há uma faixa de pedestres após a faixa de retenção, o que o condutor deve
fazer?",,Parar antes da faixa de pedestres.,"A parada deve ser antes da faixa, preservando o espaço do pedestre.",Parar sobre a faixa.,Avançar lentamente sobre ela.,Acelerar para passar antes do pedestre.,/Users/lucianodiisouza/Documents/projects/autocurso-2000/Banco Nacional de Questões.pdf
p1-m1-q292,1,1,"Placas, Cores e Caminhos",292,facil,O que significam as setas pintadas no pavimento?,,Indicam o sentido ou obrigatoriedade de direção.,As setas são orientações de direção obrigatória ou recomendada.,Enfeitam o pavimento.,Mostram que a via é de pedágio.,Avisam sobre obras próximas.,/Users/lucianodiisouza/Documents/projects/autocurso-2000/Banco Nacional de Questões.pdf
p1-m1-q293,1,1,"Placas, Cores e Caminhos",293,facil,O que indica a marcação de canalização (faixas em “V” ou diagonais)?,,Área proibida para tráfego de veículos.,Canalizações organizam fluxos e devem ser respeitadas como áreas não transitáveis.,Local seguro para estacionar.,Faixa de ultrapassagem.,Trecho de conversão.,/Users/lucianodiisouza/Documents/projects/autocurso-2000/Banco Nacional de Questões.pdf
p1-m1-q294,1,1,"Placas, Cores e Caminhos",294,facil,Por que o condutor deve evitar circular sobre as marcas de canalização?,,Porque são áreas de separação de fluxos e não de circulação.,Essas marcas delimitam espaços sem circulação — ignorá-las é infração.,Porque podem danificar os pneus.,Porque reduzem o atrito.,Porque indicam locais de estacionamento.,/Users/lucianodiisouza/Documents/projects/autocurso-2000/Banco Nacional de Questões.pdf
p1-m1-q295,1,1,"Placas, Cores e Caminhos",295,facil,O que a linha de bordo amarela pode indicar?,,Proibição de parada e estacionamento.,Linha amarela no bordo da via sinaliza proibição de parada.,Local de ultrapassagem permitida.,Zona escolar.,Faixa de ônibus.,/Users/lucianodiisouza/Documents/projects/autocurso-2000/Banco Nacional de Questões.pdf
p1-m1-q296,1,1,"Placas, Cores e Caminhos",296,facil,"O que o condutor pode fazer ao perceber uma faixa contínua amarela se transformando
em tracejada?",,"A partir dali, a ultrapassagem passa a ser permitida.",A linha tracejada sinaliza início de trecho onde a ultrapassagem é possível.,A ultrapassagem continua proibida.,É área escolar.,Deve estacionar o veículo.,/Users/lucianodiisouza/Documents/projects/autocurso-2000/Banco Nacional de Questões.pdf
p1-m1-q297,1,1,"Placas, Cores e Caminhos",297,facil,"Em uma curva, por que costuma haver linha contínua?",,Porque a visibilidade é reduzida e éproibido ultrapassar.,Linha contínua reforça o perigo de ultrapassar em locais sem visibilidade.,Porque é uma área de estacionamento.,Porque facilita ultrapassar rápido.,Porque não há necessidade de sinalização.,/Users/lucianodiisouza/Documents/projects/autocurso-2000/Banco Nacional de Questões.pdf
p1-m1-q298,1,1,"Placas, Cores e Caminhos",298,intermediario,"Ao ver placa com pictograma em forma de Y, o que isso significa?",A-9,Divisão de pistas — escolha o sentido antes do ponto.,"O formato em Y alerta sobre divisão de fluxo, e o motorista deve escolher o sentido correto.",Retorno obrigatório.,Local de ultrapassagem.,Área de estacionamento.,/Users/lucianodiisouza/Documents/projects/autocurso-2000/Banco Nacional de Questões.pdf
p1-m1-q299,1,1,"Placas, Cores e Caminhos",299,facil,O que o condutor deve fazer ao se aproximar de uma área zebrada entre faixas?,,Evitar circular ou parar sobre a área zebrada.,A zebrada é área de separação de fluxos e não deve ser ocupada.,Aproveitar para ultrapassar.,Usar para conversão rápida.,Estacionar brevemente.,/Users/lucianodiisouza/Documents/projects/autocurso-2000/Banco Nacional de Questões.pdf
p1-m1-q300,1,1,"Placas, Cores e Caminhos",300,intermediario,Por que as linhas horizontais ajudam a fluidez do trânsito?,,Porque orientam condutores e reduzem dúvidas sobre posicionamento e manobras.,A sinalização horizontal mantém o fluxo ordenado e previsível.,Porque substituem os semáforos.,Porque permitem estacionar onde quiser.,Porque reduzem o limite de velocidade.,/Users/lucianodiisouza/Documents/projects/autocurso-2000/Banco Nacional de Questões.pdf
p1-m1-q301,1,1,"Placas, Cores e Caminhos",301,intermediario,"Ao transitar em pista com setas de conversão à esquerda e em frente, o que o
motorista pode fazer?",,Escolher entre seguir em frente ou virar à esquerda.,"As setas informam as direções permitidas, e o condutor deve se posicionar conforme a intenção.",Fazer retorno no local.,Estacionar para esperar.,Virar à direita.,/Users/lucianodiisouza/Documents/projects/autocurso-2000/Banco Nacional de Questões.pdf
p1-m1-q302,1,1,"Placas, Cores e Caminhos",302,intermediario,"Se uma faixa exclusiva de ônibus é delimitada por linha contínua, o que isso
indica?",,É proibido transitar ou cruzar a faixa.,Linha contínua indica proibição total de cruzar a faixa exclusiva.,Pode cruzar rapidamente.,Pode estacionar brevemente.,Pode usar para conversão.,/Users/lucianodiisouza/Documents/projects/autocurso-2000/Banco Nacional de Questões.pdf
p1-m1-q303,1,1,"Placas, Cores e Caminhos",303,intermediario,"O que o condutor deve fazer ao ver setas de convergência (duas setas
unindo-se)?",,Reduzir e preparar-se para junção de faixas.,Setas de convergência alertam para redução e atenção à fusão de tráfego.,Acelerar para passar primeiro.,Parar no meio da pista.,Mudar de sentido.,/Users/lucianodiisouza/Documents/projects/autocurso-2000/Banco Nacional de Questões.pdf
p1-m1-q304,1,1,"Placas, Cores e Caminhos",304,intermediario,"Se o motorista encontra faixas de pedestres em série, o que isso indica?",,"Zona com travessia frequente, exigindo atenção constante.",A repetição de faixas sinaliza alto fluxo de pedestres — atenção redobrada.,Local de estacionamento.,Área de carga e descarga.,Cruzamento preferencial.,/Users/lucianodiisouza/Documents/projects/autocurso-2000/Banco Nacional de Questões.pdf
p1-m1-q305,1,1,"Placas, Cores e Caminhos",305,intermediario,"Em vias com setas de retorno pintadas no solo, o que deve fazer o motorista?",,Fazer o retorno apenas naquele ponto indicado.,"As setas delimitam o ponto autorizado para retorno, garantindo segurança.",Fazer o retorno onde preferir.,Ignorar a seta.,Fazer ultrapassagem.,/Users/lucianodiisouza/Documents/projects/autocurso-2000/Banco Nacional de Questões.pdf
p1-m1-q306,1,1,"Placas, Cores e Caminhos",306,intermediario,"Qual o comportamento correto ao aproximar-se de linhas duplas, sendo uma
contínua e outra tracejada?",,Apenas o lado da linha tracejada pode ultrapassar.,"O lado tracejado indica onde é permitido ultrapassar — o contínuo, não.",A ultrapassagem é proibida para ambos.,Os dois lados podem ultrapassar.,É faixa de pedestres.,/Users/lucianodiisouza/Documents/projects/autocurso-2000/Banco Nacional de Questões.pdf
p1-m1-q307,1,1,"Placas, Cores e Caminhos",307,intermediario,O que a linha de canalização entre faixas de conversão representa?,,Espaço que separa fluxos diferentes e não pode ser ocupado.,Canalização organiza o fluxo e proíbe circulação sobre ela.,Local de ultrapassagem.,Trecho de estacionamento.,Área de pedágio.,/Users/lucianodiisouza/Documents/projects/autocurso-2000/Banco Nacional de Questões.pdf
p1-m1-q308,1,1,"Placas, Cores e Caminhos",308,intermediario,Por que a linha de bordo é importante em vias estreitas?,,Ajuda o condutor a manter o veículo corretamente posicionado na pista.,"Linha de bordo auxilia o posicionamento seguro, principalmente à noite.",Serve apenas para ciclistas.,Indica local de pedágio.,Substitui a iluminação pública.,/Users/lucianodiisouza/Documents/projects/autocurso-2000/Banco Nacional de Questões.pdf
p1-m1-q309,1,1,"Placas, Cores e Caminhos",309,intermediario,"O que o condutor deve evitar fazer em uma interseção com marcas de
cruzamento pintadas em X?",,Parar sobre a área demarcada.,Essas marcas indicam área de não bloqueio — o veículo não deve parar sobre o X.,Aguardar para avançar.,Entrar mesmo com o cruzamento cheio.,Avançar o sinal vermelho.,/Users/lucianodiisouza/Documents/projects/autocurso-2000/Banco Nacional de Questões.pdf
p1-m1-q310,1,1,"Placas, Cores e Caminhos",310,dificil,Por que a sinalização horizontal é considerada um complemento vital da vertical?,,Porque reforça mensagens diretamente no campo de visão do condutor.,"As duas trabalham em conjunto — a vertical informa, a horizontal reforça visualmente.",Porque substitui todas as placas.,Porque é opcional em rodovias.,Porque só serve de enfeite.,/Users/lucianodiisouza/Documents/projects/autocurso-2000/Banco Nacional de Questões.pdf
p1-m1-q311,1,1,"Placas, Cores e Caminhos",311,dificil,"Como o condutor deve agir em uma via onde há marcações de canalização danificadas
ou apagadas?",,"Redobrar a atenção e seguir o fluxo, sem invadir áreas incertas.","Mesmo com sinalização apagada, o motorista deve agir com cautela e prever limites de
circulação.",Ignorar completamente a sinalização.,Usar o acostamento.,Seguir os outros veículos cegamente.,/Users/lucianodiisouza/Documents/projects/autocurso-2000/Banco Nacional de Questões.pdf
p1-m1-q312,1,1,"Placas, Cores e Caminhos",312,dificil,Por que as linhas seccionadas são mais usadas em retas do que em curvas?,,Porque nas retas há visibilidade suficiente para ultrapassagem segura.,"Nas curvas, a visibilidade reduzida exige linha contínua — nas retas, a tracejada é segura.",Porque nas curvas é mais bonito.,Porque são mais fáceis de pintar.,Porque reduzem custos.,/Users/lucianodiisouza/Documents/projects/autocurso-2000/Banco Nacional de Questões.pdf
p1-m1-q313,1,1,"Placas, Cores e Caminhos",313,facil,As placas de indicação servem principalmente para:,,"Informar direções, destinos e serviços disponíveis.",Placas de indicação têm função informativa e orientadora.,Proibir manobras perigosas.,Alertar sobre riscos na pista.,Indicar infrações de trânsito.,/Users/lucianodiisouza/Documents/projects/autocurso-2000/Banco Nacional de Questões.pdf
p1-m1-q314,1,1,"Placas, Cores e Caminhos",314,dificil,Qual é a cor predominante das placas de indicação de destinos e direções em rodovias?,,Verde.,"Placas verdes orientam sobre cidades, distâncias e direções.",Vermelha.,Amarela.,Azul.,/Users/lucianodiisouza/Documents/projects/autocurso-2000/Banco Nacional de Questões.pdf
p1-m1-q315,1,1,"Placas, Cores e Caminhos",315,facil,"Em área urbana, uma placa azul com o símbolo de uma cruz vermelha indica:",SAU-10,A presença de um serviço de saúde nas proximidades.,"Placas azuis identificam serviços públicos, como hospitais.",Que é proibido estacionar.,Que há escola por perto.,Um ponto turístico.,/Users/lucianodiisouza/Documents/projects/autocurso-2000/Banco Nacional de Questões.pdf
p1-m1-q316,1,1,"Placas, Cores e Caminhos",316,facil,Uma placa marrom com o símbolo de uma cachoeira indica:,TNA-05,Um atrativo turístico ou ponto de interesse.,Placas marrons têm função turística.,Um risco de inundação.,A presença de obras na via.,Um serviço de emergência.,/Users/lucianodiisouza/Documents/projects/autocurso-2000/Banco Nacional de Questões.pdf
p1-m1-q317,1,1,"Placas, Cores e Caminhos",317,facil,O que o motorista entende ao ver uma placa azul com o símbolo de um telefone?,SAU-06,Há telefone público disponível.,Placas azuis informam serviços úteis.,É obrigatório ligar para o Detran.,A via tem pedágio.,Há um posto de gasolina.,/Users/lucianodiisouza/Documents/projects/autocurso-2000/Banco Nacional de Questões.pdf
p1-m1-q318,1,1,"Placas, Cores e Caminhos",318,facil,As placas brancas de indicação são usadas para:,,Informar nomes de ruas ou bairros.,Placas de fundo branco identificam locais e vias.,Proibir estacionamento.,Alertar sobre curvas.,Informar velocidades máximas.,/Users/lucianodiisouza/Documents/projects/autocurso-2000/Banco Nacional de Questões.pdf
p1-m1-q319,1,1,"Placas, Cores e Caminhos",319,facil,O que o motorista deve fazer ao ver uma placa verde indicando “Saída 500 m”?,,Reduzir gradualmente e preparar-se para sair da rodovia.,Essa placa antecipa a aproximação de uma saída.,Parar no acostamento.,Acelerar para não perder a saída.,Ignorar se o destino for próximo.,/Users/lucianodiisouza/Documents/projects/autocurso-2000/Banco Nacional de Questões.pdf
p1-m1-q320,1,1,"Placas, Cores e Caminhos",320,facil,Uma placa azul com o símbolo de uma colher e garfo indica:,SAU-12,Restaurante ou lanchonete próxima.,Símbolo de alimentação disponível.,Proibição de parar.,Área de carga e descarga.,Serviço mecânico.,/Users/lucianodiisouza/Documents/projects/autocurso-2000/Banco Nacional de Questões.pdf
p1-m1-q321,1,1,"Placas, Cores e Caminhos",321,facil,Qual é a principal diferença entre uma placa de regulamentação e uma de indicação?,,A de regulamentação impõe regras; a de indicação apenas informa.,Placas de regulamentação são obrigatórias; as de indicação orientam.,A de indicação tem formato redondo.,A de regulamentação é opcional.,A de indicação é sempre marrom.,/Users/lucianodiisouza/Documents/projects/autocurso-2000/Banco Nacional de Questões.pdf
p1-m1-q322,1,1,"Placas, Cores e Caminhos",322,facil,O que o motorista entende ao ver uma placa azul com o símbolo de uma cama?,SAU-13,Indica um local com hospedagem disponível.,"Símbolo de hospedagem, útil em longas viagens.",Indica área de descanso obrigatória.,Indica hospital.,Indica ponto de ônibus.,/Users/lucianodiisouza/Documents/projects/autocurso-2000/Banco Nacional de Questões.pdf
p1-m1-q323,1,1,"Placas, Cores e Caminhos",323,facil,As placas de indicação também podem mostrar:,,A distância em quilômetros até cidades próximas.,Informam distâncias e destinos.,O limite de velocidade.,O tipo de solo da pista.,O horário de funcionamento de pedágios.,/Users/lucianodiisouza/Documents/projects/autocurso-2000/Banco Nacional de Questões.pdf
p1-m1-q324,1,1,"Placas, Cores e Caminhos",324,facil,"Em uma rodovia, a placa verde “Retorno a 2 km” informa:",,A distância até o local onde é permitido retornar.,Sinaliza o ponto autorizado para retorno.,Que é proibido retornar.,Que há um pedágio em 2 km.,Que o trânsito é mão única.,/Users/lucianodiisouza/Documents/projects/autocurso-2000/Banco Nacional de Questões.pdf
p1-m1-q325,1,1,"Placas, Cores e Caminhos",325,intermediario,"Por que é importante que o motorista saiba identificar placas de indicação
rapidamente?",,Porque ajudam na tomada de decisões sem distrações perigosas.,A leitura rápida evita decisões de última hora.,Porque evitam multas.,Porque substituem os mapas digitais.,Porque reduzem o consumo de combustível.,/Users/lucianodiisouza/Documents/projects/autocurso-2000/Banco Nacional de Questões.pdf
p1-m1-q326,1,1,"Placas, Cores e Caminhos",326,intermediario,Uma placa azul com símbolo de uma cruz vermelha representa:,SAU-10,Serviço médico ou pronto-atendimento.,A cruz vermelha simboliza atendimento médico.,Local religioso.,Cemitério.,Proibição de parar.,/Users/lucianodiisouza/Documents/projects/autocurso-2000/Banco Nacional de Questões.pdf
p1-m1-q327,1,1,"Placas, Cores e Caminhos",327,intermediario,O que significa uma placa verde indicando “Desvio” com seta direcional?,,Um caminho alternativo temporário.,Indica rotas alternativas durante bloqueios.,Que é proibido seguir em frente.,Que há hospital.,Que é um acesso a estacionamento.,/Users/lucianodiisouza/Documents/projects/autocurso-2000/Banco Nacional de Questões.pdf
p1-m1-q328,1,1,"Placas, Cores e Caminhos",328,intermediario,Uma placa azul com o símbolo de uma bomba de combustível informa:,SAU-09,A presença de posto de abastecimento adiante.,Informa posto de combustível próximo.,Que é proibido abastecer.,Que há mecânica de emergência.,Que a via termina.,/Users/lucianodiisouza/Documents/projects/autocurso-2000/Banco Nacional de Questões.pdf
p1-m1-q329,1,1,"Placas, Cores e Caminhos",329,intermediario,Por que as placas de indicação de serviços têm fundo azul?,,Porque o azul é associado à informação e tranquilidade.,O azul facilita leitura e transmite segurança.,Porque é mais visível à noite.,Porque é a cor usada em obras.,Porque diferencia pedágios.,/Users/lucianodiisouza/Documents/projects/autocurso-2000/Banco Nacional de Questões.pdf
p1-m1-q330,1,1,"Placas, Cores e Caminhos",330,dificil,Como as placas de indicação contribuem para a segurança viária?,,"Evita paradas indevidas e decisões de última hora, guiando o fluxo de forma previsível.",Orientam o condutor e reduzem manobras bruscas.,Reduzem o número de pedestres.,Substituem o trabalho de agentes.,Eliminam semáforos.,/Users/lucianodiisouza/Documents/projects/autocurso-2000/Banco Nacional de Questões.pdf
p1-m1-q331,1,1,"Placas, Cores e Caminhos",331,facil,"Em uma viagem, João vê uma placa azul com símbolo de um telefone. O que essa placa
comunica?",SAU-06,Existe telefone público disponível adiante,Placas azuis informam serviços ao usuário.,Existe radar próximo,A área é escolar,É proibido parar,/Users/lucianodiisouza/Documents/projects/autocurso-2000/Banco Nacional de Questões.pdf
p1-m1-q332,1,1,"Placas, Cores e Caminhos",332,facil,"Ao observar uma placa azul com colher e garfo, o que Maria deve entender?",SAU-12,Há restaurante ou alimentação próxima,Símbolo de alimentação é padrão nas placas azuis.,É área de risco animal,A via está escorregadia,Há pedágio à frente,/Users/lucianodiisouza/Documents/projects/autocurso-2000/Banco Nacional de Questões.pdf
p1-m1-q333,1,1,"Placas, Cores e Caminhos",333,facil,Paulo observa uma placa verde com distâncias para duas cidades. O que ela indica?,,Direções e distâncias até destinos distintos,Placas verdes orientam rotas e distâncias.,Restrição de veículos pesados,Fiscalização eletrônica no trecho,Interdição completa da via,/Users/lucianodiisouza/Documents/projects/autocurso-2000/Banco Nacional de Questões.pdf
p1-m1-q334,1,1,"Placas, Cores e Caminhos",334,facil,"Laura vê uma placa azul com o símbolo de uma bomba de combuistível. Qual a
mensagem?",SAU-09,Posto de combustível à frente,Placas de serviços mostram abastecimento disponível.,Sentido obrigatório à direita,Perigo de pista irregular,Ciclovia ao lado,/Users/lucianodiisouza/Documents/projects/autocurso-2000/Banco Nacional de Questões.pdf
p1-m1-q335,1,1,"Placas, Cores e Caminhos",335,facil,Lucas encontra uma placa branca com o nome da via. O que ela representa?,,Identificação da rua ou avenida,Placas brancas servem para identificar logradouros.,Proibição de tráfego de caminhões,Advertência de ponte móvel,Área de travessia escolar,/Users/lucianodiisouza/Documents/projects/autocurso-2000/Banco Nacional de Questões.pdf
p1-m1-q336,1,1,"Placas, Cores e Caminhos",336,facil,Gustavo vê uma placa marrom indicando “Cachoeira Véu da Noiva”. O que isso significa?,,Atrativo turístico adiante,Placas marrons indicam pontos turísticos.,Pista em obras,Risco de quedas de barreira,Sentido único obrigatório,/Users/lucianodiisouza/Documents/projects/autocurso-2000/Banco Nacional de Questões.pdf
p1-m1-q337,1,1,"Placas, Cores e Caminhos",337,facil,Joana vê placa azul com símbolo de hotel. O que isso indica?,SAU-13,Disponibilidade de hospedagem,Placas azuis informam serviços auxiliares.,Zona de pedágio,Área de risco de deslizamento,Fiscalização por radar,/Users/lucianodiisouza/Documents/projects/autocurso-2000/Banco Nacional de Questões.pdf
p1-m1-q338,1,1,"Placas, Cores e Caminhos",338,facil,Sara encontra placa azul com símbolo de ônibus. O que isso significa?,SAU-26,Área com rodoviária ou ponto de ônibus,Placa azul informa serviços públicos.,Via exclusiva de carga,Estrada perigosa,Radar móvel adiante,/Users/lucianodiisouza/Documents/projects/autocurso-2000/Banco Nacional de Questões.pdf
p1-m1-q339,1,1,"Placas, Cores e Caminhos",339,facil,Marcos vê placa azul com símbolo de pneu. O que ela indica?,SAU-08,Borracharia próxima,Placa azul indica serviços ao motorista.,Presença de ciclistas,Restrição de ultrapassagem,Velocidade mínima obrigatória,/Users/lucianodiisouza/Documents/projects/autocurso-2000/Banco Nacional de Questões.pdf
p1-m1-q340,1,1,"Placas, Cores e Caminhos",340,facil,Diego vê placa marrom com símbolo de museu. Que informação recebe?,THC-05,Local turístico ou cultural,Placas marrons comunicam turismo.,Velocidade reduzida,Ponte móvel adiante,Pista escorregadia,/Users/lucianodiisouza/Documents/projects/autocurso-2000/Banco Nacional de Questões.pdf
p1-m1-q341,1,1,"Placas, Cores e Caminhos",341,intermediario,"Cléo encontra placa branca educativa “Reduza – Área Escolar”. Qual sua
função?",,Conscientizar sobre velocidade em trecho sensível,Placas brancas reforçam comportamentos seguros.,Proibir ultrapassagens,Impor parada obrigatória,Indicar rotatória próxima,/Users/lucianodiisouza/Documents/projects/autocurso-2000/Banco Nacional de Questões.pdf
p1-m1-q342,1,1,"Placas, Cores e Caminhos",342,intermediario,Rafael vê placa azul anunciando “Polícia Rodoviária – 2 km”. O que isso indica?,,Posto de fiscalização adiante,Placas azuis podem indicar postos de fiscalização.,Cruzamento perigoso,Bifurcação em T,Pista irregular,/Users/lucianodiisouza/Documents/projects/autocurso-2000/Banco Nacional de Questões.pdf
p1-m1-q343,1,1,"Placas, Cores e Caminhos",343,intermediario,Júlia encontra placa verde com símbolo de aeroporto. Isso representa:,SAU-21,Acesso ao aeroporto próximo,Placas verdes orientam destinos de grande importância.,Risco de aeronave baixa,Proibição de parada,Advertência de aclive,/Users/lucianodiisouza/Documents/projects/autocurso-2000/Banco Nacional de Questões.pdf
p1-m1-q344,1,1,"Placas, Cores e Caminhos",344,intermediario,Bruno vê placa azul com símbolo de cadeira de rodas. O que significa?,DEF-01,Local acessível a pessoas com deficiência,A placa indica acessibilidade.,Área proibida para pedestres,Velocidade mínima obrigatória,Pista com obras,/Users/lucianodiisouza/Documents/projects/autocurso-2000/Banco Nacional de Questões.pdf
p1-m1-q345,1,1,"Placas, Cores e Caminhos",345,intermediario,Helena observa placa azul com símbolo de pedágio. O que ela comunica?,SAU-18,Existência de praça de pedágio adiante,Serviços de fiscalização são indicados em azul.,Cruzamento perigoso,Ponte estreita,Área escolar,/Users/lucianodiisouza/Documents/projects/autocurso-2000/Banco Nacional de Questões.pdf
p1-m1-q346,1,1,"Placas, Cores e Caminhos",346,dificil,"Tereza encontra placa verde listando diversas cidades com distâncias. O que isso
comunica?",,Sequência organizada de destinos ao longo da rodovia,Placas verdes orientam trajetos de longo alcance.,Limite de velocidade múltiplo,Proibição de trânsito pesado,Pista em obras,/Users/lucianodiisouza/Documents/projects/autocurso-2000/Banco Nacional de Questões.pdf
p1-m1-q347,1,1,"Placas, Cores e Caminhos",347,dificil,André vê placa azul com informação de “balança de pesagem”. O que ela indica?,,Posto de pesagem obrigatório para veículos de carga,Placas de serviços indicam pontos de controle rodoviário.,Travessia de pedestres,Sentido único,Pista estreita,/Users/lucianodiisouza/Documents/projects/autocurso-2000/Banco Nacional de Questões.pdf
p1-m1-q348,1,1,"Placas, Cores e Caminhos",348,dificil,Márcia vê placa branca educativa “Use o Cinto – Salve Vidas”. Qual a função dela?,,Conscientizar sobre comportamento seguro,Placas educativas reforçam mensagens de segurança.,Proibir veículos grandes,Indicar estacionamento obrigatório,Alertar sobre curva acentuada,/Users/lucianodiisouza/Documents/projects/autocurso-2000/Banco Nacional de Questões.pdf
p1-m1-q349,1,1,"Placas, Cores e Caminhos",349,dificil,"Um motorista vê placa marrom com símbolo de patrimônio natural. O que isso
representa?",TNA-06,Atrativo ambiental ou paisagístico,Placas turísticas divulgam lugares naturais.,Proibição de ultrapassagem,Via com obras,Risco de queda de barreira,/Users/lucianodiisouza/Documents/projects/autocurso-2000/Banco Nacional de Questões.pdf
p1-m1-q350,1,1,"Placas, Cores e Caminhos",350,dificil,Jonas encontra placa verde com indicação de “Retorno 1 km”. O que isso informa?,,"Ponto de retorno próximo, permitindo manobras seguras",Placas verdes ajudam na organização da navegação.,Proibição de retorno,Risco de desmoronamento,Desvio temporário,/Users/lucianodiisouza/Documents/projects/autocurso-2000/Banco Nacional de Questões.pdf
p1-m1-q351,1,1,"Placas, Cores e Caminhos",351,facil,O que a cor azul das placas de indicação representa?,,Informações úteis ao motorista,O azul sinaliza serviços e informações gerais.,Riscos na pista,Regras obrigatórias,Situações emergenciais,/Users/lucianodiisouza/Documents/projects/autocurso-2000/Banco Nacional de Questões.pdf
p1-m1-q352,1,1,"Placas, Cores e Caminhos",352,facil,Qual é a principal função das placas verdes?,,Orientar destinos e direções,São o “GPS visual” das rodovias.,Alertar sobre riscos,Imposição de regras,Indicar escolas,/Users/lucianodiisouza/Documents/projects/autocurso-2000/Banco Nacional de Questões.pdf
p1-m1-q353,1,1,"Placas, Cores e Caminhos",353,facil,Placas marrons servem para indicar o quê?,,Atrações turísticas e culturais,Marrons remetem ao turismo.,Áreas escolares,Proibições severas,Faixas exclusivas,/Users/lucianodiisouza/Documents/projects/autocurso-2000/Banco Nacional de Questões.pdf
p1-m1-q354,1,1,"Placas, Cores e Caminhos",354,facil,Qual é o papel das placas brancas dentro das placas de indicação?,,Reforçar mensagens educativas,São placas educativas de conscientização.,Informar sobre pedágios,Alertar perigo,Indicar oficinas,/Users/lucianodiisouza/Documents/projects/autocurso-2000/Banco Nacional de Questões.pdf
p1-m1-q355,1,1,"Placas, Cores e Caminhos",355,facil,Uma placa azul com símbolo de ônibus indica:,SAU-26,Terminal ou ponto de transporte,Azul também marca serviços ao usuário.,Proibição de ônibus,Área perigosa,Trânsito lento,/Users/lucianodiisouza/Documents/projects/autocurso-2000/Banco Nacional de Questões.pdf
p1-m1-q356,1,1,"Placas, Cores e Caminhos",356,facil,Uma placa azul com símbolo de pneu indica:,SAU-08,Borracharia,Serviços ao motorista são mostrados em azul.,Restrição de tráfego,Radar,Curva perigosa,/Users/lucianodiisouza/Documents/projects/autocurso-2000/Banco Nacional de Questões.pdf
p1-m1-q357,1,1,"Placas, Cores e Caminhos",357,facil,Uma placa marrom com símbolo de árvores indica:,TAR-03,Parque urbano,Marrons indicam turismo e natureza.,Área escolar,Perigo,Desvio,/Users/lucianodiisouza/Documents/projects/autocurso-2000/Banco Nacional de Questões.pdf
p1-m1-q358,1,1,"Placas, Cores e Caminhos",358,intermediario,Pedro avista placa verde indicando duas cidades e “200 m”. O que isso sinaliza?,,Distância até o ponto de decisão da bifurcação,Placas verdes podem antecipar trechos de decisão.,Curva fechada,Velocidade máxima,Área escolar,/Users/lucianodiisouza/Documents/projects/autocurso-2000/Banco Nacional de Questões.pdf
p1-m1-q359,1,1,"Placas, Cores e Caminhos",359,intermediario,Qual a diferença entre placas azuis e verdes dentro da categoria de indicação?,,Azuis informam serviços; verdes orientam trajetos,Cada cor possui finalidade própria.,Verdes alertam perigo; azuis impõem regras,Azuis indicam proibições; verdes são temporárias,Nenhuma,/Users/lucianodiisouza/Documents/projects/autocurso-2000/Banco Nacional de Questões.pdf
p1-m1-q360,1,1,"Placas, Cores e Caminhos",360,intermediario,Uma placa azul com símbolo de cruz vermelha indica:,SAU-10,Pronto Socorro,Serviços médicos são indicados em azul.,Igreja,Radares,Curva perigosa,/Users/lucianodiisouza/Documents/projects/autocurso-2000/Banco Nacional de Questões.pdf
p1-m1-q361,1,1,"Placas, Cores e Caminhos",361,intermediario,"Em uma rodovia, Carla vê placa marrom com um símbolo de livro aberto e seta.
O que isso comunica?",THC-11,Direção para biblioteca,Placas verdes podem orientar destinos de serviços.,Área de risco,Redução obrigatória,Proibição de tráfego,/Users/lucianodiisouza/Documents/projects/autocurso-2000/Banco Nacional de Questões.pdf
p1-m1-q362,1,1,"Placas, Cores e Caminhos",362,intermediario,Uma placa branca com texto curto como “USE O CINTO” indica:,,Mensagem educativa,Placas brancas reforçam comportamentos seguros.,Proibição,Risco imediato,Sentido obrigatório,/Users/lucianodiisouza/Documents/projects/autocurso-2000/Banco Nacional de Questões.pdf
p1-m1-q363,1,1,"Placas, Cores e Caminhos",363,intermediario,"Paula vê placa azul com símbolo de cadeira de rodas e uma seta. O que isso
indica?",DEF-01,Direção de ponto acessível,Acessibilidade é indicada por símbolo universal.,Proibição de parar,Risco de queda,Faixa exclusiva,/Users/lucianodiisouza/Documents/projects/autocurso-2000/Banco Nacional de Questões.pdf
p1-m1-q364,1,1,"Placas, Cores e Caminhos",364,dificil,Uma placa verde exibindo três cidades com distâncias diferentes organiza:,,A sequência de destinos ao longo da rota,Placas verdes funcionam como guias de navegação.,Ordens de parada obrigatória,Áreas escolares,Riscos múltiplos,/Users/lucianodiisouza/Documents/projects/autocurso-2000/Banco Nacional de Questões.pdf
p1-m1-q365,1,1,"Placas, Cores e Caminhos",365,dificil,Uma placa de indicação pode combinar palavras e símbolos. Qual a vantagem disso?,,Comunicação rápida e universal,Símbolos aceleram o entendimento.,Tornar a via mais bonita,Preencher espaço,Diminuir velocidade,/Users/lucianodiisouza/Documents/projects/autocurso-2000/Banco Nacional de Questões.pdf
p1-m1-q366,1,1,"Placas, Cores e Caminhos",366,dificil,"Em rodovia turística, placas marrons podem aparecer com frequência. Por quê?",,Indicam atrativos próximos ou zonas de interesse,Marrons guiam experiências de viagem.,Sinalizam perigo,Impõem regras,Indicam acessibilidade,/Users/lucianodiisouza/Documents/projects/autocurso-2000/Banco Nacional de Questões.pdf
p1-m1-q367,1,1,"Placas, Cores e Caminhos",367,dificil,"Uma placa azul com vários símbolos alinhados (hospital, restaurante, posto) indica:",,Conjunto de serviços disponíveis na área,Agrupamentos de serviços auxiliam planejamento.,Proibição de carga,Proximidade de obras,Local de pedágio,/Users/lucianodiisouza/Documents/projects/autocurso-2000/Banco Nacional de Questões.pdf
p1-m1-q368,1,1,"Placas, Cores e Caminhos",368,intermediario,"“Ricardo está perdido e vê placa verde listando três cidades desconhecidas”.
Qual melhor interpretação?",,"Ela mostra os caminhos possíveis, cabendo escolher o desejado",Placas verdes orientam rotas mesmo sem familiaridade.,Não deve seguir,É área de risco,Indica parada obrigatória,/Users/lucianodiisouza/Documents/projects/autocurso-2000/Banco Nacional de Questões.pdf
p1-m1-q369,1,1,"Placas, Cores e Caminhos",369,dificil,"“Durante trilha turística, Helena dirige e vê sequência de placas marrons com símbolos
naturais”. O que isso representa?",,Complexo turístico com vários atrativos,Placas marrons organizam oferta turística regional.,Via bloqueada,Curva perigosa,Restrição de tráfego,/Users/lucianodiisouza/Documents/projects/autocurso-2000/Banco Nacional de Questões.pdf
p1-m1-q370,1,1,"Placas, Cores e Caminhos",370,dificil,"Quando duas vias se cruzam e ambas possuem placa “PARE”, o condutor deve",,Parar e ceder a passagem a quem chegou primeiro ao cruzamento.,"Nessa situação, aplica-se a regra de cortesia e prudência: cede passagem quem chega depois.",Avançar rapidamente.,Aguardar buzina do outro condutor.,Manter prioridade automática.,/Users/lucianodiisouza/Documents/projects/autocurso-2000/Banco Nacional de Questões.pdf
p1-m1-q371,1,1,"Placas, Cores e Caminhos",371,facil,Como deve ser usada a faixa de aceleração?,,Acelerando gradualmente até atingir a velocidade da via principal.,Serve para ajustar a velocidade antes de se unir ao fluxo.,Parando para observar o trânsito.,Entrando direto na pista principal.,Reduzindo totalmente a velocidade.,/Users/lucianodiisouza/Documents/projects/autocurso-2000/Banco Nacional de Questões.pdf
p1-m2-q1,1,2,Escolhas e Consequências,1,dificil,"Cassação da CNH ocorre, por exemplo, quando:",,"o condutor dirige com o direito de dirigir suspenso ou reincide em determinadas infrações
previstas no Código de Trânsito Brasileiro.","Conforme o art. 263, incisos I e II, do Código de Trânsito Brasileiro, a cassação da CNH ocorre
quando o condutor dirige com o direito de dirigir suspenso ou reincide, no período de 12 meses, em
determinadas infrações graves previstas na lei.",o condutor esquece de renovar a CNH dentro do prazo.,o condutor comete uma infração leve durante o período de suspensão.,o condutor acumula 20 pontos na CNH em um período de 12 meses.,/Users/lucianodiisouza/Documents/projects/autocurso-2000/Banco Nacional de Questões.pdf
p1-m2-q2,1,2,Escolhas e Consequências,2,dificil,Qual a classificação de infração por dirigir sem possuir habilitação?,,Gravíssima.,Tipificação e medidas.,Leve.,Média.,Só advertência.,/Users/lucianodiisouza/Documents/projects/autocurso-2000/Banco Nacional de Questões.pdf
p1-m2-q3,1,2,Escolhas e Consequências,3,dificil,"Caso o comprador de um veículo não realize a transferência obrigatória, caberá ao
vendedor (antigo proprietário) do veículo:",,"Comunicar a venda ao Detran, senão continua responsável por infrações e tributos até a
transferência.",Comunicação evita responsabilidade posterior. Art. 134 do CTB,Guardar o CRV e não falar nada.,Pagar o IPVA do novo dono.,Cancelar a placa.,/Users/lucianodiisouza/Documents/projects/autocurso-2000/Banco Nacional de Questões.pdf
p1-m2-q4,1,2,Escolhas e Consequências,4,dificil,"É permitido transportar uma criança no colo, mesmo em trajeto curto?",,"Não, isso configura uma infração de trânsito",Art. 168 do CTB,"Não, porque ela se distrai facilmente.","Não, porque pode sujar o banco.","Não, porque o cinto fica frouxo.",/Users/lucianodiisouza/Documents/projects/autocurso-2000/Banco Nacional de Questões.pdf
p1-m2-q5,1,2,Escolhas e Consequências,5,dificil,Quando cabe advertência por escrito?,,"Infrações leves ou médias, punidas com multa e sem outra infração nos últimos 12 meses.","Conforme dispõe o art. 267 do CTB, a penalidade de advertência por escrito deve ser imposta
para infração de natureza leve ou média, passível de multa, caso o condutor não tenha cometido nenhuma
outra infração nos últimos 12 (doze) meses.",Só gravíssima.,Em qualquer infração.,Apenas com sinistro.,/Users/lucianodiisouza/Documents/projects/autocurso-2000/Banco Nacional de Questões.pdf
p1-m2-q6,1,2,Escolhas e Consequências,6,facil,"Maria possui permissão para dirigir e cometeu uma infração de natureza grave. O que
ocorre com o processo de obtenção da Carteira Nacional de Habilitação (CNH)?",,"Perde o direito de se obter a CNH e precisará reiniciar o processo para obtenção da CNH
novamente.","De acordo com o artigo 148, § 3º, do Código de Trânsito Brasileiro, o condutor que possui
Permissão para Dirigir perde o direito de obter a Carteira Nacional de Habilitação (CNH) definitiva caso cometa
infração grave, gravíssima ou seja reincidente em infração média durante o período permissionário.","Nada muda, ela conseguirá obter a CNH ao término de um ano.",Basta pagar uma taxa extra e segue.,Só precisa escrever uma carta ao Detran.,/Users/lucianodiisouza/Documents/projects/autocurso-2000/Banco Nacional de Questões.pdf
p1-m2-q7,1,2,Escolhas e Consequências,7,dificil,É correto parar ou estacionar na esquina a menos de 5 metros do cruzamento?,,Não. Isso esconde o carro e aumenta o risco de batida.,"Conforme estabelece o art. 181, inciso I do CTB, estacionar o veículo nas esquinas e a menos
de 5 (cinco) metros do bordo do alinhamento da via transversal é considerado infração média, sujeita a multa e
remoção do veículo. A restrição de 5 metros visa garantir a segurança e a visibilidade dos motoristas nas
manobras de conversão e entrada no cruzamento.","Sim, se for rapidinho.","Sim, se ligar o pisca-alerta.","Sim, se deixar alguém dentro.",/Users/lucianodiisouza/Documents/projects/autocurso-2000/Banco Nacional de Questões.pdf
p1-m2-q8,1,2,Escolhas e Consequências,8,facil,O que é infração de trânsito?,,Inobservância a qualquer preceito do CTB.,"Infração é violação expressa em lei, tratada no sistema de fiscalização.",Qualquer ato que desagrada outro condutor.,Só bater o carro em sinistro.,Um aviso sem efeito legal.,/Users/lucianodiisouza/Documents/projects/autocurso-2000/Banco Nacional de Questões.pdf
p1-m2-q9,1,2,Escolhas e Consequências,9,dificil,O que significa a parada de um veículo de acordo com o Código de Trânsito Brasileiro?,,"Imobilizar o veículo por pouco tempo só para embarcar ou desembarcar, em local
permitido.","Parada: imobilização do veículo com a finalidade e pelo tempo estritamente necessário para
efetuar embarque ou desembarque de passageiros. Glossário do CTB",Largar o carro por horas na calçada.,Deixar o carro com motor ligado em qualquer lugar.,Parar no meio do cruzamento para telefonar.,/Users/lucianodiisouza/Documents/projects/autocurso-2000/Banco Nacional de Questões.pdf
p1-m2-q10,1,2,Escolhas e Consequências,10,intermediario,Parar o carro a menos de cinco metros da esquina é:,,Infração de trânsito sujeita a multa.,"Reduz a visibilidade e aumenta o risco de colisão. Art. 181, inciso I do CTB",Permitido se for rápido.,Permitido à noite.,Aceitável em ruas pouco movimentadas.,/Users/lucianodiisouza/Documents/projects/autocurso-2000/Banco Nacional de Questões.pdf
p1-m2-q11,1,2,Escolhas e Consequências,11,intermediario,Parar o veículo em vaga de idoso sem credencial que comprove essa condição é:,,Infração gravíssima.,"A multa protege o direito de mobilidade e acessibilidade. Art, 181, inciso XX do CTB",Permitido por poucos minutos.,Aceitável se for rápido.,Apenas advertência.,/Users/lucianodiisouza/Documents/projects/autocurso-2000/Banco Nacional de Questões.pdf
p1-m2-q12,1,2,Escolhas e Consequências,12,facil,Parar o veículo sobre faixa de pedestre para embarque é:,,"Proibido e perigoso, obriga pedestres a desviar para a via.",Faixa é exclusiva para travessia segura. Art. 183 do CTB,Permitido se o motor estiver ligado.,Permitido se o passageiro for criança.,Permitido só por um minuto.,/Users/lucianodiisouza/Documents/projects/autocurso-2000/Banco Nacional de Questões.pdf
p1-m2-q13,1,2,Escolhas e Consequências,13,facil,"Pedro, motociclista, quer mudar de faixa. Ele deve:",,"Sinalizar antes, olhar pelos retrovisores e só mudar se for seguro.",O uso das setas é obrigatório e evita colisões laterais.,Cortar logo para não perder espaço.,Mudar rápido sem avisar.,Esperar o outro buzinar.,/Users/lucianodiisouza/Documents/projects/autocurso-2000/Banco Nacional de Questões.pdf
p1-m2-q14,1,2,Escolhas e Consequências,14,facil,Por que as infrações gravíssimas podem ter multa multiplicada?,,Pelo alto potencial de dano à vida e à coletividade.,Refletem a gravidade da infração.,Para arrecadar mais.,Porque são raras.,Para punir só quem é reincidente.,/Users/lucianodiisouza/Documents/projects/autocurso-2000/Banco Nacional de Questões.pdf
p1-m2-q15,1,2,Escolhas e Consequências,15,dificil,Quais penalidades o CTB prevê?,,"Advertência por escrito, multa, suspensão, cassação e curso de reciclagem.",Penalidades previstas no art. 256 do CTB,Multa e apreensão do veículo.,Advertência e multa.,Prisão do condutor.,/Users/lucianodiisouza/Documents/projects/autocurso-2000/Banco Nacional de Questões.pdf
p1-m2-q16,1,2,Escolhas e Consequências,16,facil,Qual é o comportamento mais seguro ao dirigir perto de ciclistas?,,"Reduzir a velocidade e manter uma distância mínima de 1,5 metro ao ultrapassar.",Essa distância está no art. 201 do CTB.,Acelerar para ultrapassar rapidamente.,Buzinar para o ciclista sair.,Passar bem perto do ciclista para não prejudicar o fluxo de veículos.,/Users/lucianodiisouza/Documents/projects/autocurso-2000/Banco Nacional de Questões.pdf
p1-m2-q17,1,2,Escolhas e Consequências,17,dificil,Quando a responsabilidade por uma infração de trânsito é do proprietário do veículo?,,Quando a infração estiver ligada às condições do veículo ou à falta de licenciamento.,Infrações ligadas à condição do veículo.,Quando o condutor não respeita a sinalização de trânsito.,Quando o condutor estaciona em vaga comum.,Quando o condutor utiliza farol baixo à noite.,/Users/lucianodiisouza/Documents/projects/autocurso-2000/Banco Nacional de Questões.pdf
p1-m2-q18,1,2,Escolhas e Consequências,18,facil,Quem é o responsável pela maioria das infrações durante a condução?,,O condutor.,"Regra geral, exceções no art. 257.",O fabricante.,O pedestre.,O guincho.,/Users/lucianodiisouza/Documents/projects/autocurso-2000/Banco Nacional de Questões.pdf
p1-m2-q19,1,2,Escolhas e Consequências,19,intermediario,A medida administrativa de remoção do veículo (art. 271) ocorre quando:,,"A infração impede a circulação ou oferece risco, exigindo que o veículo seja recolhido pelo
agente.",Aplicável para ações que representam risco ou impedem o fluxo das vias.,Há pneu calibrado.,Carro está limpo.,Motorista é habilitado.,/Users/lucianodiisouza/Documents/projects/autocurso-2000/Banco Nacional de Questões.pdf
p1-m2-q20,1,2,Escolhas e Consequências,20,intermediario,A medida administrativa de retenção do veículo (art. 270) significa:,,"Fica parado até sanar a irregularidade no local, se possível.",Retem-se o veículo pelo tempo suficiente para averiguar ou sanar uma situação.,Vai direto ao pátio do órgão de trânsito.,Que será aplicada multa em dobro.,Perda do veículo.,/Users/lucianodiisouza/Documents/projects/autocurso-2000/Banco Nacional de Questões.pdf
p1-m2-q21,1,2,Escolhas e Consequências,21,intermediario,A suspensão do direito de dirigir pode ocorrer por infração específica quando:,,"A própria infração prevê suspensão (ex.: álcool, corrida, ameaçar pedestres).","Nas situações em que a infração, por expressa previsão legal, implicar a aplicação conjunta da
penalidade de suspensão do direito de dirigir.",Somar 10 pontos.,Houver apenas advertência.,Qualquer infração leve.,/Users/lucianodiisouza/Documents/projects/autocurso-2000/Banco Nacional de Questões.pdf
p1-m2-q22,1,2,Escolhas e Consequências,22,dificil,Conduzir veículo não registrado e licenciado é infração:,,Gravíssima.,Exigência do licenciamento.,Leve.,Não é considerada infração.,Grave.,/Users/lucianodiisouza/Documents/projects/autocurso-2000/Banco Nacional de Questões.pdf
p1-m2-q23,1,2,Escolhas e Consequências,23,intermediario,Dirigir com CNH vencida há mais de 30 dias é:,,"Infração gravíssima, com multa e retenção do veículo até ser apresentado condutor
habilitado.","O condutor deve estar devidamente habilitado para dirigir veículos. Extrapolar o prazo e conduzir
é uma infração, conforme art. 162, inciso V, do CTB.",Permitido por 1 ano.,Infração leve e o condutor recebe advertência verbal.,Infração leve sem multa.,/Users/lucianodiisouza/Documents/projects/autocurso-2000/Banco Nacional de Questões.pdf
p1-m2-q24,1,2,Escolhas e Consequências,24,intermediario,Dirigir com documento cassado ou com suspensão é:,,"Infração gravíssima, com multa (três vezes), recolhimento do documento e retenção do
veículo.","Infração prevista no art. 162, inciso II, do CTB.",Permitido se for perto de casa.,"Permitido, desde que ligue o pisca-alerta.",Infração leve.,/Users/lucianodiisouza/Documents/projects/autocurso-2000/Banco Nacional de Questões.pdf
p1-m2-q25,1,2,Escolhas e Consequências,25,dificil,Dirigir veículo de categoria superior à sua habilitação é:,,"Infração gravíssima, com multa (duas vezes) e retenção do veículo.","Infração prevista no art. 162, inciso III, do CTB.",Permitido aos domingos.,Infração média.,Sem problema se tiver cuidado.,/Users/lucianodiisouza/Documents/projects/autocurso-2000/Banco Nacional de Questões.pdf
p1-m2-q26,1,2,Escolhas e Consequências,26,intermediario,É correto parar ou estacionar sobre faixa de pedestres?,,Não. Bloqueia a passagem e configura uma infração de trânsito.,O condutor deve observar as preferências da via e estacionar nos locais apropriados.,"Sim, se for após as 22h.","Sim, se não houver fiscalização.","Sim, se ligar o pisca-alerta.",/Users/lucianodiisouza/Documents/projects/autocurso-2000/Banco Nacional de Questões.pdf
p1-m2-q27,1,2,Escolhas e Consequências,27,dificil,"De acordo com o CTB, qual é a natureza da infração cometida ao estacionar o veículo
bloqueando o acesso a hidrantes, garagens, tampas de poço de visita ou galerias pluviais?",,"Proibido, porque atrapalha serviços essenciais e causa risco.","Conforme estabelece o Art. 181, inciso X do CTB, estacionar o veículo impedindo a
movimentação de outro veículo ou o acesso a saídas de garagens e o Art. 181, inciso VI, que trata de
estacionar em desacordo com as condições regulamentadas especificamente nas áreas de hidrantes de
incêndio, ambos são classificados como infração média, sujeitos à multa e à medida administrativa de remoção
do veículo. Bloquear tais acessos prejudica serviços públicos essenciais e o direito de acesso à propriedade.",Permitido com pisca-alerta.,Permitido à noite e domingos.,Permitido se o carro ficar ligado.,/Users/lucianodiisouza/Documents/projects/autocurso-2000/Banco Nacional de Questões.pdf
p1-m2-q28,1,2,Escolhas e Consequências,28,intermediario,"De acordo com o CTB, o que são as Medidas Administrativas e qual é a sua
finalidade?",,Ações imediatas para reestabelecer a segurança que acompanham a autuação.,"Conforme estabelece o Art. 269 do CTB, as Medidas Administrativas (como retenção do veículo,
remoção, ou recolhimento da CNH/CRLV) são ações de caráter complementar à penalidade (multa,
suspensão, cassação) e têm como principal finalidade a pronta intervenção para coibir a infração, regularizar a
situação e garantir a segurança no local.",Apenas multas.,Punições criminais.,Acordos entre particulares.,/Users/lucianodiisouza/Documents/projects/autocurso-2000/Banco Nacional de Questões.pdf
p1-m2-q29,1,2,Escolhas e Consequências,29,intermediario,"Se o comprador do veículo não transferir a propriedade em 30 dias, qual é a
infração?",,infração média,Deixar de registrar no prazo legal.,Advertência por escrito automática.,Não acontece nada.,leve,/Users/lucianodiisouza/Documents/projects/autocurso-2000/Banco Nacional de Questões.pdf
p1-m2-q30,1,2,Escolhas e Consequências,30,intermediario,Vagas exclusivas para pessoa idosa ou com deficiência:,,"Devem ser respeitadas, só usando com a credencial válida.",Devem ser respitadas as regras de estacionamento.,Podem ser usadas por qualquer um à noite.,Valem só em dias úteis.,Podem ser usadas por qualquer um por no máximo 5 minutos.,/Users/lucianodiisouza/Documents/projects/autocurso-2000/Banco Nacional de Questões.pdf
p1-m2-q31,1,2,Escolhas e Consequências,31,dificil,"Qual a consequência para o motorista com Permissão para dirigir que comete infração de
trânsito gravíssima?",,Cancelamento da permissão e reinício do processo de habilitação.,"Art. 148, §§ 3º e 4º.",Apenas pagar multa e seguir.,Suspensão de 30 dias.,Advertência por escrito.,/Users/lucianodiisouza/Documents/projects/autocurso-2000/Banco Nacional de Questões.pdf
p1-m2-q32,1,2,Escolhas e Consequências,32,facil,Usar o celular ao volante é:,,Um risco porque distrai o condutor e reduz o tempo de reação.,"Além de ser infração, a distração por celular é uma das principais causas de sinistros.","Uma ferramenta boa, pois aumenta a atenção na direção.",Uma ferramenta que ajuda a manter a calma no trânsito.,Permitido em ruas pouco movimentadas.,/Users/lucianodiisouza/Documents/projects/autocurso-2000/Banco Nacional de Questões.pdf
p1-m2-q33,1,2,Escolhas e Consequências,33,intermediario,"“Meu carro tem muitos sistemas, posso dispensar o cinto.” A leitura correta é:",,"Nenhum sistema substitui o cinto, ele é indispensável.","Sistemas são complementares ao cinto, sendo este indispensável e obrigatório.",Airbag já basta.,ABS faz o papel do cinto.,DRL evita todos os sinistros.,/Users/lucianodiisouza/Documents/projects/autocurso-2000/Banco Nacional de Questões.pdf
p1-m2-q34,1,2,Escolhas e Consequências,34,intermediario,Cinto na gravidez:,,"Deve ser usado, reduz riscos à gestante e ao bebê.","Sem cinto, há risco de lesões para a gestante e para o bebê.",É proibido.,Só a faixa abdominal.,Apenas no banco dianteiro.,/Users/lucianodiisouza/Documents/projects/autocurso-2000/Banco Nacional de Questões.pdf
p1-m2-q35,1,2,Escolhas e Consequências,35,facil,"“Bebi uma taça de vinho, dá para dirigir?” Qual a resposta correta para esta pergunta?",,Não. Qualquer quantidade de álcool aumenta o risco de sinistros e é infração.,A legislação brasileira adota a tolerância zero para álcool na direção.,"Sim, se for perto de casa.","Sim, se não tiver fiscalização.","Não, pois pode ser denunciado.",/Users/lucianodiisouza/Documents/projects/autocurso-2000/Banco Nacional de Questões.pdf
p1-m2-q36,1,2,Escolhas e Consequências,36,facil,"Antônio estaciona em local proibido, em frente a uma esquina. Isso pode causar:",,Dificuldade de visão para outros motoristas e risco de sinistro.,O condutor deve estarcionar em locais apropriados para aumentar a segurança das vias.,"Nenhum problema, se for rápido.",Apenas uma multa leve.,"Maior segurança, por estar perto da esquina.",/Users/lucianodiisouza/Documents/projects/autocurso-2000/Banco Nacional de Questões.pdf
p1-m2-q37,1,2,Escolhas e Consequências,37,facil,Beber só uma latinha e dirigir é:,,"Perigoso, pois reduz reflexos e aumenta o risco de sinistro.",O álcool altera a capacidade psicomotora.,Permitido se a rua estiver vazia.,Seguro se o motorista for experiente.,Correto se não houver fiscalização.,/Users/lucianodiisouza/Documents/projects/autocurso-2000/Banco Nacional de Questões.pdf
p1-m2-q38,1,2,Escolhas e Consequências,38,facil,Beber cerveja e dirigir só um pouco é:,,"Risco grave de sinistro, pois o álcool reduz a capacidade do condutor.",O álcool altera a capacidade psicomotora.,Aceitável se for perto de casa.,Permitido em ruas vazias.,Certo se não houver fiscalização.,/Users/lucianodiisouza/Documents/projects/autocurso-2000/Banco Nacional de Questões.pdf
p1-m2-q39,1,2,Escolhas e Consequências,39,facil,Por que devemos respeitar a faixa de pedestre mesmo quando não há semáforo?,,Porque o pedestre tem prioridade de passagem.,Priorizar o pedestre é garantir segurança no trânsito e respeito.,Porque evita multa leve.,Porque o motorista perde tempo.,Porque melhora o trânsito.,/Users/lucianodiisouza/Documents/projects/autocurso-2000/Banco Nacional de Questões.pdf
p1-m2-q40,1,2,Escolhas e Consequências,40,facil,Por que não se deve usar o celular enquanto dirige?,,Porque tira a atenção e aumenta o risco de sinistros.,Distração é causa frequente de atropelamentos.,Porque pode não ter sinal para mandar mensagens.,Porque atrapalha a buzina.,Porque consome bateria do carro.,/Users/lucianodiisouza/Documents/projects/autocurso-2000/Banco Nacional de Questões.pdf
p1-m2-q41,1,2,Escolhas e Consequências,41,facil,Por que o uso do celular ao volante é perigoso?,,"Porque tira a atenção dos olhos, da mente e das mãos.","Distração visual, cognitiva e manual aumenta o risco.",Porque gasta bateria do celular.,Porque atrasa a entrega de mensagens.,Porque só incomoda os passageiros.,/Users/lucianodiisouza/Documents/projects/autocurso-2000/Banco Nacional de Questões.pdf
p1-m2-q42,1,2,Escolhas e Consequências,42,facil,Por que olhar notificações no celular por “5 segundos” é perigoso?,,"Porque nesse tempo, a 70 km/h, o carro percorre quase um campo de futebol sem controle.",Distância percorrida sem atenção é enorme.,Porque o celular pode desligar.,Porque só atrapalha em estrada.,Porque gasta internet.,/Users/lucianodiisouza/Documents/projects/autocurso-2000/Banco Nacional de Questões.pdf
p1-m2-q43,1,2,Escolhas e Consequências,43,facil,Por que respeitar a vaga reservada para pessoa com deficiência é importante?,,Porque é um direito garantido por lei e mostra respeito ao outro.,A acessibilidade é um direito legal e uma atitude de empatia.,Porque deixa o estacionamento mais bonito.,Porque evita multas leves.,Porque só quem usa cadeira de rodas precisa.,/Users/lucianodiisouza/Documents/projects/autocurso-2000/Banco Nacional de Questões.pdf
p1-m2-q44,1,2,Escolhas e Consequências,44,facil,Por que responder mensagem pelo celular dirigindo é perigoso?,,"O condutor fica distraído e retitra as mãos do volante, sendo perigoso para todos usuários
da via.",A distração aumenta o risco de sinistros.,Só gasta bateria.,Só é ruim à noite.,Só atrapalha quem está atrás.,/Users/lucianodiisouza/Documents/projects/autocurso-2000/Banco Nacional de Questões.pdf
p1-m2-q45,1,2,Escolhas e Consequências,45,facil,Qual a ideia da tolerância zero para álcool?,,Qualquer quantidade de álcool influencia na coordenação do condutor.,"O álcool compromete a coordenação do condutor e o tempo de resposta, aumentando a
possibilidade de sinistros de trânsito.",Que uma taça é liberada.,Que só vale para rodovia.,Que depende do humor do agente.,/Users/lucianodiisouza/Documents/projects/autocurso-2000/Banco Nacional de Questões.pdf
p1-m2-q46,1,2,Escolhas e Consequências,46,facil,Qual é a idade mínima para uma criança andar na garupa de moto?,,10 anos.,"O CTB proíbe transportar criança menor de 10 anos em motocicletas. Art. 244, inciso V.",8 anos.,5 anos.,7 anos.,/Users/lucianodiisouza/Documents/projects/autocurso-2000/Banco Nacional de Questões.pdf
p1-m2-q47,1,2,Escolhas e Consequências,47,intermediario,Qual é a relação entre normas do CTB e preservação da vida?,,As regras organizam a convivência no trânsito e reduzem riscos e conflitos.,As normas estabelecem diretrizes para um trânsito seguro.,As regras existem só para multar.,As regras atrapalham o trânsito.,As regras servem apenas em rodovia.,/Users/lucianodiisouza/Documents/projects/autocurso-2000/Banco Nacional de Questões.pdf
p1-m2-q48,1,2,Escolhas e Consequências,48,facil,Rosa vai atravessar a rua falando ao celular e quase é atropelada. O que ela fez de errado?,,Deixou de prestar atenção no trânsito.,Todos os usuários da via devem prestar atenção aos arredores.,Atravessou na faixa de pedestres.,Esperou o semáforo abrir.,Usou o celular apenas para ouvir música.,/Users/lucianodiisouza/Documents/projects/autocurso-2000/Banco Nacional de Questões.pdf
p1-m2-q49,1,2,Escolhas e Consequências,49,facil,"Trafegar em velocidade incompatível com a segurança perto de escola ou hospital
configura o quê?",,"Configura crime de trânsito, conforme previstono art. 311 do CTB.","Trafegar em velocidade incompatível nesses locais é crime, conforme art. 311 do CTB.",Apenas multa leve.,Infração média.,Só orientação verbal.,/Users/lucianodiisouza/Documents/projects/autocurso-2000/Banco Nacional de Questões.pdf
p1-m2-q50,1,2,Escolhas e Consequências,50,facil,Um motociclista leva uma criança de 8 anos na garupa. Isso é:,,"Proibido, configurando uma infração de trânsito.","Criança menor de 10 anos não pode ser transportada em motocicletas, conforme art. 244, inciso
V, do CTB.",Permitido se o trajeto for curto.,Permitido se a criança estiver com capacete.,Permitido dentro do bairro.,/Users/lucianodiisouza/Documents/projects/autocurso-2000/Banco Nacional de Questões.pdf
p1-m2-q51,1,2,Escolhas e Consequências,51,facil,Um motociclista passa entre os carros em alta velocidade. Isso é:,,Um comportamento perigoso e proibido.,Ultrapassar entre veículos aumenta muito o risco de sinistro.,Um jeito normal de ganhar tempo.,Permitido se o trânsito estiver parado.,Permitido em qualquer situação.,/Users/lucianodiisouza/Documents/projects/autocurso-2000/Banco Nacional de Questões.pdf
p1-m2-q52,1,2,Escolhas e Consequências,52,facil,"Um motorista sai de casa atrasado e decide dirigir acima da velocidade permitida para a
via. Essa atitude:",,Aumenta o risco de sinistro e pode causar mortes.,As regras de velocidade da via devem ser respeitadas para garantir segurança para todos.,Ajuda a economizar tempo com segurança.,É correta se a rua estiver vazia.,Evita multas por atraso.,/Users/lucianodiisouza/Documents/projects/autocurso-2000/Banco Nacional de Questões.pdf
p1-m2-q53,1,2,Escolhas e Consequências,53,facil,Um motorista ultrapassa um ciclista muito perto e causa um tombo. Isso mostra falta de:,,Respeito às regras de trânsito e às vidas das pessoas.,"A distância lateral de 1,5 m evita sinistros.",Atenção com o carro.,Conhecimento da via.,Paciência.,/Users/lucianodiisouza/Documents/projects/autocurso-2000/Banco Nacional de Questões.pdf
p1-m2-q54,1,2,Escolhas e Consequências,54,facil,"Paulo bebeu cerveja antes de dirigir e disse que “só umas latinhas não fazem mal”. O que
essa atitude representa?",,"A atitude representa falta de percepção de risco e a desobediência à legislação, pois
qualquer quantidade de álcool prejudica a capacidade psicomotora para dirigir.","O álcool prejudica a coordenação motora e é causa principal de mortes no trânsito. Conforme
estabelece o Art. 165 do CTB, dirigir sob a influência de álcool é infração gravíssima com penalidade de multa
(dez vezes o valor) e suspensão do direito de dirigir. O CTB adota o princípio da Tolerância Zero (Lei Seca), no
qual qualquer concentração de álcool por litro de sangue ou por litro de ar alveolar sujeita o condutor às
penalidades administrativas e criminais. A crença de que ""pouco não faz mal"" demonstra um erro de avaliação
e a falta de percepção do risco que o álcool causa na coordenação, atenção e tempo de reação.","Um erro sem importância, se ele dirigir devagar.",Algo permitido se não houver blitz.,Uma tradição comum e sem problema.,/Users/lucianodiisouza/Documents/projects/autocurso-2000/Banco Nacional de Questões.pdf
p1-m2-q55,1,2,Escolhas e Consequências,55,dificil,"Cenário: Pedro dirige com seu filho de 12 anos no banco de trás sem o cinto de
segurança em um trajeto curto. Pergunta: De acordo com o CTB e a Direção Defensiva, qual é a
penalidade legal e o principal risco de segurança dessa atitude?",,"A penalidade é infração grave, sujeita a multa e retenção do veículo. O principal risco é a
projeção da criança em caso de colisão ou frenagem brusca.","Conforme estabelece o Art. 167 do CTB, deixar de usar o cinto de segurança (obrigatório para
todos os ocupantes, conforme Art. 65) é infração grave, sujeita a multa e retenção do veículo até a colocação
do cinto. A crença de que ""trajeto curto não tem perigo"" é um erro de percepção de risco, pois a maioria dos
acidentes ocorre perto de casa. Sem o cinto, em uma colisão ou frenagem brusca, a criança de 12 anos corre
o risco de ser projetada contra o banco dianteiro ou para fora do veículo.","Nada, pois o cinto só é obrigatório para crianças menores de 10 anos.","O carro é apreendido na hora, e Pedro perde a CNH por um ano.","Apenas o agente aplica uma advertência verbal, pois o trajeto era curto.",/Users/lucianodiisouza/Documents/projects/autocurso-2000/Banco Nacional de Questões.pdf
p1-m2-q56,1,2,Escolhas e Consequências,56,intermediario,"Por que “dar só uma espiadinha” no celular, durante a condução de veículo a 70
km/h, é perigoso?",,"Porque a 70 km/h, em 5 s o carro anda aproximadamente 97 m sem controle.","Conforme estabelece o Art. 252, Parágrafo único do CTB, manusear telefone celular enquanto
dirige é uma infração gravíssima. O risco é extremo porque a 70 km/h, o veículo percorre aproximadamente 58
metros em apenas 3 segundos de desatenção. Essa distância anula a margem de segurança e o tempo
necessário para o condutor reagir (frear ou desviar) a qualquer imprevisto, levando a um risco máximo de
colisão.",Porque o celular pode esquentar.,Porque só atrapalha o passageiro.,Porque o motor perde força.,/Users/lucianodiisouza/Documents/projects/autocurso-2000/Banco Nacional de Questões.pdf
p1-m2-q57,1,2,Escolhas e Consequências,57,intermediario,Por que não se deve estacionar diante de rampas de acesso?,,Porque impede o uso por cadeirantes e carrinhos.,Bloquear rampa é falta de respeito e infração.,Porque o piso é escorregadio.,Porque é pouco usado.,Porque ninguém reclama.,/Users/lucianodiisouza/Documents/projects/autocurso-2000/Banco Nacional de Questões.pdf
p1-m2-q58,1,2,Escolhas e Consequências,58,intermediario,Por que não se deve usar o celular enquanto dirige?,,Porque tira a atenção e aumenta o risco de sinistros.,"Conforme estabelece o Art. 252, Parágrafo único do CTB, manusear telefone celular enquanto
dirige é uma infração gravíssima. O risco é extremo porque a 70 km/h, o veículo percorre aproximadamente 58
metros em apenas 3 segundos de desatenção. Essa distância anula a margem de segurança e o tempo
necessário para o condutor reagir (frear ou desviar) a qualquer imprevisto, levando a um risco máximo de
colisão.",Porque é feio.,Porque atrapalha a buzina.,Porque consome bateria do carro.,/Users/lucianodiisouza/Documents/projects/autocurso-2000/Banco Nacional de Questões.pdf
p1-m2-q59,1,2,Escolhas e Consequências,59,intermediario,Por que o uso do celular aumenta tanto o risco de sinistro?,,"Porque desvia visão, pensamento e mãos do volante ao mesmo tempo.","Conforme estabelece o Art. 252, Parágrafo único do CTB, manusear telefone celular enquanto
dirige é uma infração gravíssima. O risco é extremo porque a 70 km/h, o veículo percorre aproximadamente 58
metros em apenas 3 segundos de desatenção. Essa distância anula a margem de segurança e o tempo
necessário para o condutor reagir (frear ou desviar) a qualquer imprevisto, levando a um risco máximo de
colisão.",Porque só atrapalha à noite.,Porque aumenta a potência do motor.,Porque reduz o barulho do carro.,/Users/lucianodiisouza/Documents/projects/autocurso-2000/Banco Nacional de Questões.pdf
p1-m2-q60,1,2,Escolhas e Consequências,60,intermediario,"Qual condição caracteriza crime de trânsito em razão da condução de veículo sob
influência de álcool?",,"O crime se caracteriza pela capacidade psicomotora alterada devido à influência de álcool,
constatada por concentração igual ou superior a 0,3 miligrama de álcool por litro de ar alveolar (bafômetro) ou
por sinais que indiquem essa alteração.","Conforme estabelece o Art. 306, § 1º, inciso I do CTB, o crime de embriaguez ao volante é
caracterizado pela concentração de álcool igual ou superior a 0,3 miligrama por litro de ar alveolar (0,34 mg/L é
o valor a ser considerado após a margem de erro) ou por 0,6 decigrama de álcool por litro de sangue. O Art.
306, § 1º, inciso II, permite a comprovação do crime também por sinais que indiquem a alteração da
capacidade psicomotora, como dificuldade de equilíbrio ou fala alterada, independentemente do teste do
bafômetro. O crime é punido com detenção, multa e suspensão ou proibição de obter a CNH.",Qualquer valor no aparelho.,Apenas se houver sinistro.,Só com laudo médico.,/Users/lucianodiisouza/Documents/projects/autocurso-2000/Banco Nacional de Questões.pdf
p1-m2-q61,1,2,Escolhas e Consequências,61,intermediario,Qual consequência administrativa de dirigir sob influência de álcool?,,Multa gravíssima (dez vezes) e suspensão do direito de dirigir por 12 meses.,Penalidade do art. 165 do CTB.,Apenas advertência por escrito.,"Multa simples, sem suspensão.",Perda do veículo automaticamente.,/Users/lucianodiisouza/Documents/projects/autocurso-2000/Banco Nacional de Questões.pdf
p1-m2-q62,1,2,Escolhas e Consequências,62,intermediario,Qual é a diferença entre “velocidade máxima” e “velocidade segura”?,,"A máxima é o limite legal, a segura é a adequada às condições do momento.","Conforme dispõe o art. 61 do Código de Trânsito Brasileiro (CTB), a velocidade máxima é aquela
estabelecida por meio de sinalização, ou, na ausência desta, pelos limites fixados pelo próprio Código. Já a
velocidade segura é um conceito vinculado à Direção Defensiva, que orienta o condutor a ajustar sua
velocidade às condições da via, do trânsito, do veículo e do clima, de forma a manter o controle do automóvel
e prevenir acidentes.",As duas são iguais sempre.,A segura é sempre maior.,A máxima é só uma sugestão.,/Users/lucianodiisouza/Documents/projects/autocurso-2000/Banco Nacional de Questões.pdf
p1-m2-q63,1,2,Escolhas e Consequências,63,intermediario,Recusar o bafômetro gera quais efeitos?,,"Mesmas penalidades administrativas de dirigir sob a influência de álcool (multa x10 e
suspensão por 12 meses).","Conforme estabelece o Art. 165-A do CTB, a recusa do condutor em se submeter a qualquer dos
procedimentos previstos (teste do bafômetro, exames clínicos) para a verificação de influência de álcool ou de
substância psicoativa é considerada infração gravíssima. A penalidade aplicada é a mesma do Art. 165 (dirigir
sob influência de álcool): multa (dez vezes o valor) e suspensão do direito de dirigir por 12 meses, além do
recolhimento da CNH e retenção do veículo.",Nenhuma penalidade.,Apenas multa leve.,Só vale à noite.,/Users/lucianodiisouza/Documents/projects/autocurso-2000/Banco Nacional de Questões.pdf
p1-m2-q64,1,2,Escolhas e Consequências,64,intermediario,Um pedestre usa o celular enquanto atravessa a via. O que pode acontecer?,,Ele pode se distrair e sofrer um sinistro.,"Conforme os princípios da Direção Defensiva, a distração causada pelo uso do celular (distração
visual e cognitiva) anula a capacidade de previsão e a atenção difusa do pedestre. O Art. 69 do CTB exige que
o pedestre tome as precauções de segurança ao atravessar. Ao usar o celular, o pedestre negligencia essa
obrigação, falhando em ver e ouvir veículos, o que o expõe diretamente ao risco de ser atropelado, que é a
forma mais letal de sinistro de trânsito.","Nada, pois está na faixa.",O motorista é o único responsável.,Isso é sempre permitido.,/Users/lucianodiisouza/Documents/projects/autocurso-2000/Banco Nacional de Questões.pdf
p1-m2-q65,1,2,Escolhas e Consequências,65,dificil,Qual das punições a seguir é um exemplo de Penalidade?,,Suspensão do direito de dirigir.,Suspensão e cassação são exemplos de Penalidade.,Retenção do veículo.,Remoção do carro para o pátio.,Recolhimento do documento de habilitação.,/Users/lucianodiisouza/Documents/projects/autocurso-2000/Banco Nacional de Questões.pdf
p1-m2-q66,1,2,Escolhas e Consequências,66,dificil,Qual das ações a seguir é um exemplo de Medida Administrativa?,,Retenção do veículo.,"Retenção do veículo é uma ação imediata do agente, caracterizando Medida Administrativa.",Multa.,Advertência por escrito.,Cassação da CNH.,/Users/lucianodiisouza/Documents/projects/autocurso-2000/Banco Nacional de Questões.pdf
p1-m2-q67,1,2,Escolhas e Consequências,67,facil,"Qual é o prazo, em dias, que o novo proprietário tem para providenciar o registro da
transferência do veículo após a venda?",,30 dias.,O novo proprietário tem até 30 dias para fazer o registro da transferência.,10 dias.,60 dias.,90 dias.,/Users/lucianodiisouza/Documents/projects/autocurso-2000/Banco Nacional de Questões.pdf
p1-m2-q68,1,2,Escolhas e Consequências,68,facil,"Qual o prazo, em dias, que o condutor tem para providenciar a renovação da CNH a partir
do seu vencimento?",,30 (trinta) dias.,O prazo para providenciar a renovação é de 30 dias após o vencimento.,60 dias.,10 dias.,90 dias.,/Users/lucianodiisouza/Documents/projects/autocurso-2000/Banco Nacional de Questões.pdf
p1-m2-q69,1,2,Escolhas e Consequências,69,facil,"Qual item é listado como um equipamento obrigatório para carros que deve ser checado
antes de sair?",,Estepe calibrado.,"Estepe calibrado, macaco e triângulo são equipamentos obrigatórios para carros.",Extintor de incêndio.,Kit de primeiros socorros.,GPS.,/Users/lucianodiisouza/Documents/projects/autocurso-2000/Banco Nacional de Questões.pdf
p1-m2-q70,1,2,Escolhas e Consequências,70,facil,"Qual item é listado como um equipamento obrigatório para motos que deve ser checado
antes de sair?",,Capacete com viseira ou óculos de proteção.,O capacete com viseira/óculos de proteção é obrigatório para motos.,Estepe calibrado.,Macaco.,Kit de ferramentas avançado.,/Users/lucianodiisouza/Documents/projects/autocurso-2000/Banco Nacional de Questões.pdf
p1-m2-q71,1,2,Escolhas e Consequências,71,facil,"Qual condição física e mental afeta reflexos, atenção e capacidade de decisão do
condutor?",,Estar cansado ou emocionalmente abalado.,"O estado físico e mental (cansaço, álcool, emoções) afeta a direção.",Estar com o carro limpo.,Estar com o som alto.,Estar com a janela aberta.,/Users/lucianodiisouza/Documents/projects/autocurso-2000/Banco Nacional de Questões.pdf
p1-m2-q72,1,2,Escolhas e Consequências,72,facil,"A Pontuação na Carteira é uma consequência que acompanha uma infração de trânsito. O
que ela soma ao condutor?",,Pontos na CNH que ficam registrados no prontuário.,A pontuação é o registro dos pontos na CNH.,O valor da multa a ser pago.,O número de crimes de trânsito.,O número de Medidas Administrativas.,/Users/lucianodiisouza/Documents/projects/autocurso-2000/Banco Nacional de Questões.pdf
p1-m2-q73,1,2,Escolhas e Consequências,73,facil,"O que a Penalidade de Multa pode acompanhar, fazendo parte de um processo
administrativo?",,A pontuação na carteira.,"A pontuação é uma consequência diferente que pode ser aplicada junto com a penalidade de
multa.",Um crime de trânsito.,Uma cassação definitiva.,Uma prisão.,/Users/lucianodiisouza/Documents/projects/autocurso-2000/Banco Nacional de Questões.pdf
p1-m2-q74,1,2,Escolhas e Consequências,74,facil,"O que é essencial que esteja funcionando no veículo para que ele esteja em condições de
segurança?",,"Faróis, freios, retrovisores, buzina, pneus em bom estado e setas.","O essencial para dirigir inclui faróis, freios, pneus e retrovisores.","Ar-condicionado, GPS e airbag.",Câmera de ré e sensor de estacionamento.,Sistema de som e rastreador.,/Users/lucianodiisouza/Documents/projects/autocurso-2000/Banco Nacional de Questões.pdf
p1-m2-q75,1,2,Escolhas e Consequências,75,intermediario,"O que acontece quando o limite de pontos na CNH é atingido dentro do período de
12 meses?",,O condutor pode responder a processo de suspensão do direito de dirigir.,Atingir o limite de pontos inicia o processo de suspensão da CNH.,O condutor deve pagar apenas uma multa extra.,Os pontos são zerados imediatamente.,O valor da multa é multiplicado.,/Users/lucianodiisouza/Documents/projects/autocurso-2000/Banco Nacional de Questões.pdf
p1-m2-q76,1,2,Escolhas e Consequências,76,intermediario,"Em que momento ocorre a Medida Administrativa imposta pelo agente de
trânsito?",,"Na hora, no local da infração.",A Medida Administrativa é uma ação imediata do agente de trânsito.,Depois que a infração é confirmada pelo órgão.,30 dias após a notificação.,12 meses após o registro dos pontos.,/Users/lucianodiisouza/Documents/projects/autocurso-2000/Banco Nacional de Questões.pdf
p1-m2-q77,1,2,Escolhas e Consequências,77,intermediario,Qual das punições a seguir é listada como exemplo de Crime de Trânsito?,,Dirigir embriagado.,Dirigir embriagado e causar morte são exemplos de Crime de Trânsito.,Reter o veículo.,Multa por estacionamento.,Advertência por escrito.,/Users/lucianodiisouza/Documents/projects/autocurso-2000/Banco Nacional de Questões.pdf
p1-m2-q78,1,2,Escolhas e Consequências,78,intermediario,"Qual a condição obrigatória para que o veículo esteja regularizado para circular,
além de estar em boas condições de segurança?",,Ter o licenciamento do ano em dia e o IPVA pago.,O veículo precisa estar com licenciamento e IPVA em dia.,Ter o seguro total.,Ter airbag instalado.,Estar com o tanque cheio.,/Users/lucianodiisouza/Documents/projects/autocurso-2000/Banco Nacional de Questões.pdf
p1-m2-q79,1,2,Escolhas e Consequências,79,intermediario,"O que a Penalidade pode incluir, além da multa e da advertência por escrito?",,Suspensão temporária do direito de dirigir ou até cassação definitiva da CNH.,Suspensão e cassação são as penalidades mais graves.,Remoção do veículo para o pátio.,Recolhimento de documentos.,Retenção do veículo.,/Users/lucianodiisouza/Documents/projects/autocurso-2000/Banco Nacional de Questões.pdf
p1-m2-q80,1,2,Escolhas e Consequências,80,intermediario,Qual é o principal risco atribuido ao excesso de velocidade?,,Reduz o tempo de reação do condutor a um imprevisto.,A redução do tempo de reação é citada como o principal fator de risco da velocidade.,Apenas aumenta o consumo de combustível.,Apenas aumenta a distância para parar o veículo.,Apenas aumenta o estresse.,/Users/lucianodiisouza/Documents/projects/autocurso-2000/Banco Nacional de Questões.pdf
p1-m2-q81,1,2,Escolhas e Consequências,81,intermediario,O que a Penalidade de Advertência por Escrito representa?,,Uma punição que vem depois da infração ser confirmada.,Advertência por escrito é um exemplo de Penalidade.,Uma ação imediata do agente.,A consequência de um crime.,A pontuação na carteira.,/Users/lucianodiisouza/Documents/projects/autocurso-2000/Banco Nacional de Questões.pdf
p1-m2-q82,1,2,Escolhas e Consequências,82,intermediario,"Qual é o principal objetivo da classificação das infrações em quatro níveis de
gravidade?",,Refletir o tamanho do risco que aquele comportamento oferece para a segurança de todos.,A classificação reflete o risco para a segurança.,Apenas facilitar o cálculo da multa.,Apenas aumentar a pontuação.,Apenas diferenciar o agente de trânsito.,/Users/lucianodiisouza/Documents/projects/autocurso-2000/Banco Nacional de Questões.pdf
p1-m2-q83,1,2,Escolhas e Consequências,83,intermediario,"Quando o comportamento de um condutor ultrapassa a esfera administrativa e
vira crime, qual a consequência que se aplica?",,"Processo criminal, possibilidade de prisão e antecedentes na ficha criminal.","O crime de trânsito envolve a esfera criminal, com processo e possibilidade de prisão.",Apenas multa e pontos na carteira.,Apenas cassação da CNH.,Apenas medida administrativa de retenção.,/Users/lucianodiisouza/Documents/projects/autocurso-2000/Banco Nacional de Questões.pdf
p1-m2-q84,1,2,Escolhas e Consequências,84,intermediario,"Dirigir sob influência de álcool ou drogas é listado como qual tipo de
consequência, além de ser infração gravíssima?",,Crime de trânsito previsto no Código de Trânsito Brasileiro.,Dirigir sob influência de álcool ou drogas é também um crime de trânsito.,Apenas Medida Administrativa.,Apenas Penalidade de Cassação.,Apenas Pontuação de 7 pontos.,/Users/lucianodiisouza/Documents/projects/autocurso-2000/Banco Nacional de Questões.pdf
p1-m2-q85,1,2,Escolhas e Consequências,85,dificil,O que a classificação das infrações em quatro níveis de gravidade reflete?,,"Estudos, estatísticas de sinistros e análise de comportamentos que mais causam mortes e
ferimentos.",A classificação é baseada em dados e riscos reais.,Apenas a opinião do agente de trânsito.,Apenas o número de acidentes da semana.,Apenas o humor do condutor.,/Users/lucianodiisouza/Documents/projects/autocurso-2000/Banco Nacional de Questões.pdf
p1-m2-q86,1,2,Escolhas e Consequências,86,dificil,"O que o sistema de punições no Brasil visa ativar quando o condutor comete uma ação
errada no trânsito?",,"Um sistema de proteção social que envolve punições administrativas, financeiras e até
criminais.",O erro ativa um sistema de proteção social abrangente.,Apenas a notificação da multa.,Apenas a advertência por escrito.,Apenas o processo de suspensão da CNH.,/Users/lucianodiisouza/Documents/projects/autocurso-2000/Banco Nacional de Questões.pdf
p1-m2-q87,1,2,Escolhas e Consequências,87,facil,"Antes de sair para uma viagem, o motorista verifica o estepe, o macaco e o triângulo. Qual
o status desses itens para carros?",,Equipamento obrigatório para carros.,"Estepe, macaco e triângulo são equipamentos obrigatórios para carros.",Acessório opcional.,Item de luxo.,Equipamento de segurança apenas para motos.,/Users/lucianodiisouza/Documents/projects/autocurso-2000/Banco Nacional de Questões.pdf
p1-m2-q88,1,2,Escolhas e Consequências,88,facil,"Uma motociclista preparava-se para pilotar e garantiu que estava com o capacete e a
viseira em perfeitas condições. Qual o status desse item para motos?",,Capacete com viseira ou óculos de proteção é equipamento obrigatório.,O capacete com viseira/óculos de proteção é obrigatório para motos.,Acessório opcional.,Item de conforto.,Equipamento obrigatório apenas em rodovias.,/Users/lucianodiisouza/Documents/projects/autocurso-2000/Banco Nacional de Questões.pdf
p1-m2-q89,1,2,Escolhas e Consequências,89,facil,"O instrutor perguntou aos alunos qual era a primeira atitude que definia um condutor
verdadeiramente responsável. Qual foi a resposta correta?",,Seguir as regras de trânsito.,Seguir as regras é a primeira atitude do condutor responsável.,Apenas evitar multas.,Decorar todas as leis.,Dirigir em alta velocidade.,/Users/lucianodiisouza/Documents/projects/autocurso-2000/Banco Nacional de Questões.pdf
p1-m2-q90,1,2,Escolhas e Consequências,90,facil,"Fatores de Risco: Uma psicóloga do trânsito explicou que o motorista não dirige sozinho,
pois seu estado mental afeta as decisões. Qual condição física e mental afeta reflexos, atenção e
capacidade de decisão do condutor?",,"Estar cansado, sob efeito de álcool ou emocionalmente abalado.","O estado físico e mental (cansaço, álcool, emoções) é o principal fator de risco que afeta a
direção.",Estar com o carro limpo.,Estar com o som alto.,Estar com a janela aberta.,/Users/lucianodiisouza/Documents/projects/autocurso-2000/Banco Nacional de Questões.pdf
p1-m2-q91,1,2,Escolhas e Consequências,91,facil,"João estava ao volante e usando o celular para checar uma mensagem. Qual é o tipo de
infração que ele cometeu?",,Usar celular ao volante.,Usar celular ao volante é uma das infrações gravíssimas mais perigosas.,Transitar 20% acima da velocidade.,Estacionar afastado da guia.,Não usar cinto de segurança.,/Users/lucianodiisouza/Documents/projects/autocurso-2000/Banco Nacional de Questões.pdf
p1-m2-q92,1,2,Escolhas e Consequências,92,facil,"Cada vez que o motorista comete uma infração, ele recebe a pontuação correspondente. O
que a Pontuação na Carteira representa?",,Pontos na CNH que ficam registrados no prontuário.,A pontuação é o registro dos pontos na CNH.,O valor da multa a ser pago.,O número de crimes de trânsito.,O número de Medidas Administrativas.,/Users/lucianodiisouza/Documents/projects/autocurso-2000/Banco Nacional de Questões.pdf
p1-m2-q93,1,2,Escolhas e Consequências,93,facil,"Após o processo administrativo, o condutor recebeu a multa para pagamento. O que a
Penalidade de Multa pode acompanhar no processo administrativo?",,A pontuação na carteira.,"A pontuação é uma consequência diferente que pode ser aplicada junto com a penalidade de
multa.",Um crime de trânsito.,Uma cassação definitiva.,Uma prisão.,/Users/lucianodiisouza/Documents/projects/autocurso-2000/Banco Nacional de Questões.pdf
p1-m2-q94,1,2,Escolhas e Consequências,94,facil,"Um mecânico revisou o carro e garantiu que tudo estava funcionando para uma viagem
segura. Qual o conjunto de itens que deve estar funcionando para o veículo estar em condições de
segurança?",,"Faróis, freios, retrovisores, buzina, pneus em bom estado e setas.","Os itens essenciais de segurança incluem faróis, freios, pneus e retrovisores.","Ar-condicionado, GPS e airbag.",Câmera de ré e sensor de estacionamento.,Sistema de som e rastreador.,/Users/lucianodiisouza/Documents/projects/autocurso-2000/Banco Nacional de Questões.pdf
p1-m2-q95,1,2,Escolhas e Consequências,95,intermediario,"Um motorista atingiu 40 pontos no período de 12 meses, sem nenhuma
Gravíssima. O que acontece com ele após o limite de pontos ser atingido?",,O condutor pode responder a processo de suspensão do direito de dirigir.,Atingir o limite de pontos inicia o processo de suspensão do direito de dirigir.,O condutor deve pagar apenas uma multa extra.,Os pontos são zerados imediatamente.,O valor da multa é multiplicado.,/Users/lucianodiisouza/Documents/projects/autocurso-2000/Banco Nacional de Questões.pdf
p1-m2-q96,1,2,Escolhas e Consequências,96,intermediario,"Um agente de trânsito parou um motorista com o licenciamento vencido e
recolheu o documento. Em que momento ocorre a Medida Administrativa imposta pelo agente?",,"Na hora, no local da infração.",A Medida Administrativa é uma ação imediata do agente no local.,Depois que a infração é confirmada pelo órgão.,30 dias após a notificação.,12 meses após o registro dos pontos.,/Users/lucianodiisouza/Documents/projects/autocurso-2000/Banco Nacional de Questões.pdf
p1-m2-q97,1,2,Escolhas e Consequências,97,intermediario,"Um condutor foi pego dirigindo sob efeito de bebida alcoólica. Qual das punições
a seguir é listada como exemplo de Crime de Trânsito?",,Dirigir embriagado.,Dirigir embriagado é classificado como Crime de Trânsito.,Reter o veículo.,Multa por estacionamento.,Advertência por escrito.,/Users/lucianodiisouza/Documents/projects/autocurso-2000/Banco Nacional de Questões.pdf
p1-m2-q98,1,2,Escolhas e Consequências,98,intermediario,"Para circular legalmente, um veículo precisa estar com a manutenção em dia. Qual
a condição legal obrigatória para que o veículo esteja regularizado, além de estar em boas condições
de segurança?",,Ter o licenciamento do ano em dia e o IPVA pago.,O veículo precisa estar com licenciamento e IPVA em dia.,Ter o seguro total.,Ter airbag instalado.,Estar com o tanque cheio.,/Users/lucianodiisouza/Documents/projects/autocurso-2000/Banco Nacional de Questões.pdf
p1-m2-q99,1,2,Escolhas e Consequências,99,intermediario,"Após o processo, a punição foi confirmada. O que a Penalidade pode incluir, além
da multa e da advertência por escrito?",,Suspensão temporária do direito de dirigir ou até cassação definitiva da CNH.,Suspensão e cassação são as penalidades mais graves no Código de Trânsito.,Remoção do veículo para o pátio.,Recolhimento de documentos.,Retenção do veículo.,/Users/lucianodiisouza/Documents/projects/autocurso-2000/Banco Nacional de Questões.pdf
p1-m2-q100,1,2,Escolhas e Consequências,100,intermediario,"Risco da Velocidade: Um instrutor explicou que o excesso de velocidade não
aumenta apenas a distância de parada. Qual é o principal risco atribuído ao excesso de velocidade?",,Reduz o tempo de reação do condutor a um imprevisto.,"A redução do tempo de reação é o principal fator de risco da velocidade, segundo o material.",Apenas aumenta o consumo de combustível.,Apenas aumenta a distância para parar o veículo.,Apenas aumenta o estresse.,/Users/lucianodiisouza/Documents/projects/autocurso-2000/Banco Nacional de Questões.pdf
p1-m2-q101,1,2,Escolhas e Consequências,101,facil,Por que o trânsito começa antes mesmo de ligar o carro?,,Porque a checagem prévia evita riscos e imprevistos,A checagem prévia garante segurança antes de sair.,Porque o carro pode não pegar,Porque ajuda a economizar combustível,Porque deixa a viagem mais rápida,/Users/lucianodiisouza/Documents/projects/autocurso-2000/Banco Nacional de Questões.pdf
p1-m2-q102,1,2,Escolhas e Consequências,102,facil,O que verificar os pneus diariamente ensina ao condutor?,,Que pequenos cuidados evitam grandes problemas,Verificações simples evitam transtornos na viagem.,Que pneus duram menos,Que a revisão é opcional,Que multas nunca acontecem,/Users/lucianodiisouza/Documents/projects/autocurso-2000/Banco Nacional de Questões.pdf
p1-m2-q103,1,2,Escolhas e Consequências,103,facil,O que pequenas distrações mostram no trânsito?,,Que segundos de descuido podem gerar grandes perigos,Dois segundos equivalem a muitos metros sem atenção.,Que todos se distraem e tudo bem,Que o celular ajuda a dirigir,Que só motoristas novos se distraem,/Users/lucianodiisouza/Documents/projects/autocurso-2000/Banco Nacional de Questões.pdf
p1-m2-q104,1,2,Escolhas e Consequências,104,facil,O que torna as bicicletas veículos que merecem atenção especial?,,A vulnerabilidade e necessidade de espaço seguro,Ciclistas são frágeis e exigem cuidado.,Porque são mais lentas,Porque ocupam menos espaço,Porque têm prioridade total,/Users/lucianodiisouza/Documents/projects/autocurso-2000/Banco Nacional de Questões.pdf
p1-m2-q105,1,2,Escolhas e Consequências,105,facil,Por que não se deve parar sobre a faixa de pedestres?,,Porque impede a travessia segura,A faixa é espaço exclusivo do pedestre.,Porque atrapalha outros carros,Porque causa ruído,Porque aumenta consumo,/Users/lucianodiisouza/Documents/projects/autocurso-2000/Banco Nacional de Questões.pdf
p1-m2-q106,1,2,Escolhas e Consequências,106,facil,Por que obedecer ao agente de trânsito é essencial?,,Porque ele organiza a via e garante segurança,A orientação do agente prioriza a segurança.,Porque evita conversa,Porque agiliza o trajeto,Porque não há alternativa,/Users/lucianodiisouza/Documents/projects/autocurso-2000/Banco Nacional de Questões.pdf
p1-m2-q107,1,2,Escolhas e Consequências,107,intermediario,Por que retornar em local proibido é perigoso?,,Porque reduz a visibilidade e aumenta risco de colisão,"Lugares como curvas, pontes e túneis aumentam o risco.",Porque aumenta o trajeto,Porque incomoda motoristas,Porque é manobra lenta,/Users/lucianodiisouza/Documents/projects/autocurso-2000/Banco Nacional de Questões.pdf
p1-m2-q108,1,2,Escolhas e Consequências,108,intermediario,Por que infrações são classificadas em níveis?,,Para refletir o risco real do comportamento,A classificação considera o risco à segurança.,Para definir valores fixos,Para dificultar o sistema,Para beneficiar motoristas experientes,/Users/lucianodiisouza/Documents/projects/autocurso-2000/Banco Nacional de Questões.pdf
p1-m2-q109,1,2,Escolhas e Consequências,109,intermediario,Qual é o impacto social de cada decisão ao volante?,,Afeta diretamente a vida dos demais usuários,Cada escolha influencia o coletivo.,É irrelevante,Só afeta o motorista,Impacta apenas o trânsito local,/Users/lucianodiisouza/Documents/projects/autocurso-2000/Banco Nacional de Questões.pdf
p1-m2-q110,1,2,Escolhas e Consequências,110,intermediario,Por que parar em locais proibidos prejudica a segurança?,,"Porque afeta pedestres, fluxo e serviços essenciais",Estacionar errado compromete a segurança e a dinâmica da via.,Porque deixa o trânsito feio,Porque ocupa a calçada,Porque gera barulho,/Users/lucianodiisouza/Documents/projects/autocurso-2000/Banco Nacional de Questões.pdf
p1-m2-q111,1,2,Escolhas e Consequências,111,intermediario,O que caracteriza a diferença entre erro e crime de trânsito?,,O nível de risco e o dano potencial causado,Crimes envolvem perigo extremo e esfera penal.,A presença de testemunhas,O tipo de rua,O modelo do veículo,/Users/lucianodiisouza/Documents/projects/autocurso-2000/Banco Nacional de Questões.pdf
p1-m2-q112,1,2,Escolhas e Consequências,112,dificil,Por que “não existem pequenos erros” no trânsito?,,Porque cada escolha pode salvar ou tirar uma vida,Pequenos deslizes podem resultar em grandes riscos.,Porque todas as infrações têm o mesmo peso,Porque o trânsito é imprevisível,Porque as multas são altas,/Users/lucianodiisouza/Documents/projects/autocurso-2000/Banco Nacional de Questões.pdf
p1-m2-q113,1,2,Escolhas e Consequências,113,dificil,Por que seguir regras melhora a convivência no trânsito?,,Porque cria previsibilidade e reduz conflitos,Regras organizam e evitam comportamentos imprevisíveis.,Porque deixa o trânsito lento,Porque facilita multas,Porque aumenta a burocracia,/Users/lucianodiisouza/Documents/projects/autocurso-2000/Banco Nacional de Questões.pdf
p1-m2-q114,1,2,Escolhas e Consequências,114,dificil,Por que atitudes imprudentes geram efeito em cadeia?,,Porque influenciam o comportamento dos demais usuários,Um comportamento errado incentiva outros a repetirem.,Porque só afetam o carro do motorista,Porque deixam o trânsito mais colorido,Porque tornam a viagem divertida,/Users/lucianodiisouza/Documents/projects/autocurso-2000/Banco Nacional de Questões.pdf
p1-m2-q115,1,2,Escolhas e Consequências,115,facil,Por que é importante ler a notificação de multa com atenção?,,Para conferir se todos os dados estão corretos,"agir com responsabilidade começa entendendo o que ocorreu. Conferir dados como horário,
placa e local evita injustiças e garante que o condutor tenha consciência plena da situação antes de qualquer
decisão.",Para decidir se vai pagar na hora,Para ver se dá para ignorar,Para saber se alguém já pagou,/Users/lucianodiisouza/Documents/projects/autocurso-2000/Banco Nacional de Questões.pdf
p1-m2-q116,1,2,Escolhas e Consequências,116,facil,O que fazer se os dados da multa estiverem incorretos?,,Contestar junto ao órgão responsável,"o processo de multa possui etapas formais. Se houver erro, contestar é um direito e faz parte de
agir corretamente e com responsabilidade, evitando assumir uma infração que não ocorreu.",Jogar a notificação fora,Ignorar até vencer,Esperar outra carta,/Users/lucianodiisouza/Documents/projects/autocurso-2000/Banco Nacional de Questões.pdf
p1-m2-q117,1,2,Escolhas e Consequências,117,facil,O que significa aprender com o erro após receber uma multa?,,Entender por que cometeu a infração e não repetir,"o valor pedagógico da multa está justamente em promover mudança de comportamento.
Reconhecer o erro e melhorar a conduta reforça a segurança de todos.",Não dirigir mais,Culpar o agente de trânsito,Achar que é azar,/Users/lucianodiisouza/Documents/projects/autocurso-2000/Banco Nacional de Questões.pdf
p1-m2-q118,1,2,Escolhas e Consequências,118,facil,Por que perder prazos no processo de multa é ruim?,,Você perde o direito de se defender,"responsabilidade inclui atenção aos procedimentos legais. Perder prazos impede o exercício do
direito de defesa e faz com que o processo siga automaticamente.",A multa some do sistema,O valor diminui,A contestação vira automática,/Users/lucianodiisouza/Documents/projects/autocurso-2000/Banco Nacional de Questões.pdf
p1-m2-q119,1,2,Escolhas e Consequências,119,facil,O que acontece quando se paga a multa com antecedência?,,Pode haver desconto de até 40%,"o pagamento antecipado é um benefício previsto para quem reconhece a infração e decide agir
de forma consciente, recebendo desconto significativo.",O valor dobra,O processo é cancelado,O veículo é liberado de fiscalização,/Users/lucianodiisouza/Documents/projects/autocurso-2000/Banco Nacional de Questões.pdf
p1-m2-q120,1,2,Escolhas e Consequências,120,facil,Por que não devemos entrar em desespero ao receber uma multa?,,"Porque é possível entender, agir e aprender com ela","maturidade no trânsito envolve reconhecer a situação e tomar decisões equilibradas. A multa
deve ser vista como oportunidade de ajuste, não motivo de desespero.",Porque multas não valem nada,Porque sempre é um engano,Porque alguém vai resolver,/Users/lucianodiisouza/Documents/projects/autocurso-2000/Banco Nacional de Questões.pdf
p1-m2-q121,1,2,Escolhas e Consequências,121,facil,Por que pequenas atitudes no trânsito são importantes?,,Porque tornam o condutor mais responsável,"pequenas escolhas diárias moldam o comportamento e constroem um trânsito mais seguro, pois
atitudes responsáveis se somam e evitam riscos.",Porque deixam o trajeto mais rápido,Porque evitam qualquer multa,Porque garantem preferência sempre,/Users/lucianodiisouza/Documents/projects/autocurso-2000/Banco Nacional de Questões.pdf
p1-m2-q122,1,2,Escolhas e Consequências,122,facil,Por que a faixa de pedestres nunca deve ser ocupada ao parar?,,Porque é espaço exclusivo do pedestre,"a prioridade deve ser do pedestre e deve-se respeitar as áreas destinadas à sua segurança.
Parar sobre a faixa impede a travessia e coloca vidas em risco.",Porque atrasa o trânsito,Porque atrapalha a placa,Porque desgasta pneus,/Users/lucianodiisouza/Documents/projects/autocurso-2000/Banco Nacional de Questões.pdf
p1-m2-q123,1,2,Escolhas e Consequências,123,facil,Por que não se deve parar afastado da guia além do permitido?,,Porque atrapalha fluxo e coloca passageiros em risco,"decisões individuais afetam todos ao redor. Parar longe da guia dificulta
embarque/desembarque, cria obstáculos e amplia riscos desnecessários.",Porque suja o pneu,Porque ocupa espaço,Porque é difícil de medir,/Users/lucianodiisouza/Documents/projects/autocurso-2000/Banco Nacional de Questões.pdf
p1-m2-q124,1,2,Escolhas e Consequências,124,facil,Por que manusear o celular ao volante é tão arriscado?,,Porque desvia o olhar por segundos e cria grande risco,"Segundos de desatenção são suficientes para causar um sinistro, pois o trânsito muda
rapidamente e exige atenção constante. Tirar os olhos da via interrompe essa atenção e multiplica o risco.",Porque reduz bateria,Porque atrapalha notificações,Porque o carro vibra,/Users/lucianodiisouza/Documents/projects/autocurso-2000/Banco Nacional de Questões.pdf
p1-m2-q125,1,2,Escolhas e Consequências,125,facil,Por que realizar freada brusca pode ser perigoso?,,Porque indica desatenção e risco de colisão,"Atitudes impulsivas ou tardias mostram falta de atenção ao ambiente. Frear bruscamente revela
que o condutor não antecipou a situação, aumentando o risco de batidas traseiras e perda de controle.",Porque desgasta freios,Porque acorda passageiros,Porque não é comum,/Users/lucianodiisouza/Documents/projects/autocurso-2000/Banco Nacional de Questões.pdf
p1-m2-q126,1,2,Escolhas e Consequências,126,facil,O que significa ser um motorista consciente?,,Colocar a vida das pessoas acima da pressa,"Escolhas no trânsito têm impacto direto sobre outras pessoas. O motorista consciente age
priorizando vidas, não a velocidade ou conveniência.",Esperar nunca ser multado,Ser o mais rápido,Usar atalhos,/Users/lucianodiisouza/Documents/projects/autocurso-2000/Banco Nacional de Questões.pdf
p1-m2-q127,1,2,Escolhas e Consequências,127,facil,Por que é importante aprender com a multa recebida?,,Porque ajuda a não repetir o erro,"erros no trânsito são oportunidades de reflexão. Entender por que a infração ocorreu permite
corrigir o comportamento e evitar riscos futuros.",Porque aumenta a pontuação na CNH,Porque evita dirigir,Porque elimina futuros problemas automaticamente,/Users/lucianodiisouza/Documents/projects/autocurso-2000/Banco Nacional de Questões.pdf
p1-m2-q128,1,2,Escolhas e Consequências,128,facil,Por que ler atentamente uma notificação de multa?,,Para confirmar se os dados estão corretos,"O processo administrativo depende da conferência cuidadosa de informações. Se algo estiver
errado, o condutor pode contestar dentro do prazo.",Para descobrir quem fez a denúncia,Para reduzir o valor automaticamente,Para evitar usar o carro,/Users/lucianodiisouza/Documents/projects/autocurso-2000/Banco Nacional de Questões.pdf
p1-m2-q129,1,2,Escolhas e Consequências,129,facil,O que significa agir com responsabilidade após receber uma multa?,,"Ler, entender e corrigir o comportamento","a responsabilidade inclui compreender o erro, reconhecer seu impacto e ajustar as atitudes, para
que não haja repetição do comportamento inadequado.",Discutir com o agente,Desconsiderar a infração,Continuar dirigindo da mesma forma,/Users/lucianodiisouza/Documents/projects/autocurso-2000/Banco Nacional de Questões.pdf
p1-m2-q130,1,2,Escolhas e Consequências,130,facil,O que fazer se você não era o condutor no momento da infração?,,Indicar quem dirigia,"a indicação do condutor é um direito e garante justiça no processo, evitando que o proprietário
assuma um erro que não cometeu.",Assumir a culpa,Apagar a notificação,Esperar outra multa,/Users/lucianodiisouza/Documents/projects/autocurso-2000/Banco Nacional de Questões.pdf
p1-m2-q131,1,2,Escolhas e Consequências,131,facil,O que acontece se o condutor perder prazos do processo?,,Perde o direito de se defender,"É importante ficar atento aos prazos porque, uma vez encerrados, a defesa não pode mais ser
apresentada, e a penalidade é mantida.",O processo é cancelado automaticamente,Recebe desconto,Não recebe penalidade,/Users/lucianodiisouza/Documents/projects/autocurso-2000/Banco Nacional de Questões.pdf
p1-m2-q132,1,2,Escolhas e Consequências,132,facil,Qual a vantagem de pagar a multa antecipadamente?,,Possibilidade de até 40% de desconto,"o pagamento antecipado garante desconto significativo e simplifica o processo, desde que o
condutor opte por não recorrer.",Poder dirigir mais rápido,Evitar pontos automaticamente,Liberar a CNH do outro condutor,/Users/lucianodiisouza/Documents/projects/autocurso-2000/Banco Nacional de Questões.pdf
p1-m2-q133,1,2,Escolhas e Consequências,133,facil,Por que saber agir certo no dia a dia é importante?,,Porque pequenas atitudes tornam o condutor responsável,"pequenas escolhas, quando somadas, criam um trânsito mais seguro e mostram maturidade e
responsabilidade.",Porque evita ter carro,Porque reduz o uso da via,Porque aumenta velocidade,/Users/lucianodiisouza/Documents/projects/autocurso-2000/Banco Nacional de Questões.pdf
p1-m2-q134,1,2,Escolhas e Consequências,134,facil,Por que paciência melhora o trânsito?,,Porque reduz conflitos e estresse,"atitudes impulsivas geram conflitos e riscos. Paciência permite decisões melhores e convivência
mais harmoniosa.",Porque aumenta a velocidade da via,Porque diminui vias congestionadas,Porque facilita estacionar,/Users/lucianodiisouza/Documents/projects/autocurso-2000/Banco Nacional de Questões.pdf
p1-m2-q135,1,2,Escolhas e Consequências,135,facil,O que significa colocar a vida acima da pressa?,,Escolher atitudes seguras,pressa gera decisões perigosas. Priorizar a vida significa reduzir velocidade e agir com cautela.,Dirigir sempre muito devagar,Desobedecer regras para não atrasar,Confiar apenas no próprio reflexo,/Users/lucianodiisouza/Documents/projects/autocurso-2000/Banco Nacional de Questões.pdf
p1-m2-q136,1,2,Escolhas e Consequências,136,facil,Por que o pedestre deve ter sua área respeitada?,,Porque a faixa é espaço dele,"a faixa de pedestres é o espaço protegido do usuário mais vulnerável do trânsito. Desrespeitá-la
coloca vidas em risco.",Porque ele anda devagar,Porque atrapalha o motorista,Porque não conhece trânsito,/Users/lucianodiisouza/Documents/projects/autocurso-2000/Banco Nacional de Questões.pdf
p1-m2-q137,1,2,Escolhas e Consequências,137,facil,Por que parar afastado da guia é proibido?,,Porque atrapalha o fluxo e causa risco,"paradas irregulares prejudicam a circulação e criam situações perigosas para pedestres e outros
veículos.",Porque deixa o carro bonito,Porque facilita ultrapassagens,Porque economiza combustível,/Users/lucianodiisouza/Documents/projects/autocurso-2000/Banco Nacional de Questões.pdf
p1-m2-q138,1,2,Escolhas e Consequências,138,intermediario,Por que agir com calma evita erros?,,Porque reduz decisões impulsivas,"emoções fortes e pressa levam a escolhas arriscadas. Calma permite avaliar melhor o ambiente
e agir com segurança.",Porque diminui o tempo de viagem,Porque evita multas sempre,Porque torna a rua mais vazia,/Users/lucianodiisouza/Documents/projects/autocurso-2000/Banco Nacional de Questões.pdf
p1-m2-q139,1,2,Escolhas e Consequências,139,intermediario,O que as infrações “pequenas” revelam?,,Que comportamentos comuns podem gerar riscos reais,"não existem “pequenos erros”, pois qualquer deslize pode desencadear um sinistro.",Que são irrelevantes,Que podem ser ignoradas,Que não afetam ninguém,/Users/lucianodiisouza/Documents/projects/autocurso-2000/Banco Nacional de Questões.pdf
p1-m2-q140,1,2,Escolhas e Consequências,140,intermediario,Por que a pressa é mostrada como inimiga da segurança?,,Porque leva a decisões erradas e perigosas,"comportamentos apressados, como avançar sinal amarelo, resultam em riscos graves.",Porque aumenta o consumo,Porque irrita passageiros,Porque reduz multas,/Users/lucianodiisouza/Documents/projects/autocurso-2000/Banco Nacional de Questões.pdf
p1-m2-q141,1,2,Escolhas e Consequências,141,intermediario,Qual a importância de entender o motivo das regras?,,Para mudar o comportamento e evitar sinistros,"regras existem para proteger vidas; entender o porquê ajuda o condutor a adotá-las de forma
consciente.",Para decorar artigos,Para discutir com agentes,Para ignorar sinalização,/Users/lucianodiisouza/Documents/projects/autocurso-2000/Banco Nacional de Questões.pdf
p1-m2-q142,1,2,Escolhas e Consequências,142,intermediario,Por que ler todos os detalhes da multa é essencial?,,"Para confirmar placa, horário e local",erros na notificação podem ser contestados. Conferir tudo assegura que a penalidade é legítima.,Para pedir desconto maior,Para mudar o agente responsável,Para evitar que a multa desapareça,/Users/lucianodiisouza/Documents/projects/autocurso-2000/Banco Nacional de Questões.pdf
p1-m2-q143,1,2,Escolhas e Consequências,143,intermediario,Como pequenas atitudes transformam o motorista?,,Ele se torna mais consciente e seguro,"atitudes cotidianas — como atenção e empatia — formam um condutor mais responsável no
longo prazo.",Ele dirige mais rápido,Ele deixa de seguir regras,Ele evita todos os riscos automaticamente,/Users/lucianodiisouza/Documents/projects/autocurso-2000/Banco Nacional de Questões.pdf
p1-m2-q144,1,2,Escolhas e Consequências,144,intermediario,"O que significa que “ninguém é perfeito, mas pode ser consciente”?",,"Que todos erram, mas podem dirigir melhor","erros fazem parte do aprendizado, mas devem ser usados para melhorar o comportamento.",Que perfeição é obrigatória,Que dirigir bem é impossível,Que só especialistas dirigem direito,/Users/lucianodiisouza/Documents/projects/autocurso-2000/Banco Nacional de Questões.pdf
p1-m2-q145,1,2,Escolhas e Consequências,145,dificil,Por que errar ao volante é tão perigoso?,,Porque erros acontecem rapidamente e afetam outros usuários,"o trânsito é dinâmico e qualquer erro — mesmo pequeno — pode envolver várias pessoas e
causar danos graves.",Porque erros são raros,Porque só iniciantes erram,Porque não há consequências reais,/Users/lucianodiisouza/Documents/projects/autocurso-2000/Banco Nacional de Questões.pdf
p1-m2-q146,1,2,Escolhas e Consequências,146,dificil,Por que lidar corretamente com a multa é importante?,,Porque evita repetir comportamentos de risco,"compreender o erro e corrigir o comportamento reduz a chance de reincidência e melhora a
segurança.",Porque libera o motorista automaticamente,Porque resolve problemas financeiros,Porque deixa a CNH “limpa” sempre,/Users/lucianodiisouza/Documents/projects/autocurso-2000/Banco Nacional de Questões.pdf
p1-m2-q147,1,2,Escolhas e Consequências,147,facil,O que fazer ao receber uma multa?,,"Ler, entender e agir com responsabilidade",O documento reforça a importância de compreender a notificação antes de agir.,Ignorar e esperar prescrever,Passar a dirigir mais rápido,Reclamar na internet,/Users/lucianodiisouza/Documents/projects/autocurso-2000/Banco Nacional de Questões.pdf
p1-m2-q148,1,2,Escolhas e Consequências,148,facil,Qual é a primeira atitude recomendada ao ler a notificação da multa?,,Conferir se os dados estão corretos,O texto destaca a conferência dos dados como ação inicial.,Jogar fora para evitar estresse,Esperar outra carta chegar,Pagar sem verificar nada,/Users/lucianodiisouza/Documents/projects/autocurso-2000/Banco Nacional de Questões.pdf
p1-m2-q149,1,2,Escolhas e Consequências,149,facil,O que significa aprender com o erro?,,Refletir e não repetir a infração,O valor da punição está na mudança de comportamento.,Evitar falar sobre o assunto,Culpar o agente de trânsito,Ignorar a situação,/Users/lucianodiisouza/Documents/projects/autocurso-2000/Banco Nacional de Questões.pdf
p1-m2-q150,1,2,Escolhas e Consequências,150,facil,Por que respeitar os prazos é importante?,,Para não perder o direito de defesa,Perder o prazo elimina o direito de se defender.,Para ganhar descontos automáticos,Para evitar apreensão do veículo,Porque aumenta pontos,/Users/lucianodiisouza/Documents/projects/autocurso-2000/Banco Nacional de Questões.pdf
p1-m2-q151,1,2,Escolhas e Consequências,151,facil,Por que parar na faixa de pedestres é proibido?,,Porque a faixa é espaço exclusivo do pedestre,A faixa pertence ao pedestre.,Porque atrapalha outros motoristas,Porque estraga a pintura da via,Porque aumenta consumo,/Users/lucianodiisouza/Documents/projects/autocurso-2000/Banco Nacional de Questões.pdf
p1-m2-q152,1,2,Escolhas e Consequências,152,facil,O que significa parar afastado mais de 50 cm da guia?,,Infração leve ou média,O anexo menciona essa infração e seus riscos.,Apenas um erro estético,Situação permitida,Uma manobra de estacionamento especial,/Users/lucianodiisouza/Documents/projects/autocurso-2000/Banco Nacional de Questões.pdf
p1-m2-q153,1,2,Escolhas e Consequências,153,facil,Por que não se deve embarcar ou desembarcar passageiros em locais proibidos?,,Porque atrapalha o fluxo e gera risco,O texto reforça riscos ao passageiro e ao trânsito.,Porque demora muito,Porque causa multas apenas leves,Porque é desconfortável,/Users/lucianodiisouza/Documents/projects/autocurso-2000/Banco Nacional de Questões.pdf
p1-m2-q154,1,2,Escolhas e Consequências,154,facil,Por que ignorar a sinalização em área de obras é perigoso?,,Porque coloca em risco quem trabalha no local,Os trabalhadores ficam muito vulneraveis.,Porque causa pequenas multas,Porque reduz velocidade,Porque atrasa o condutor,/Users/lucianodiisouza/Documents/projects/autocurso-2000/Banco Nacional de Questões.pdf
p1-m2-q155,1,2,Escolhas e Consequências,155,intermediario,Por que agir com empatia melhora o trânsito?,,Porque protege quem divide a via,Empatia é citada como elemento de convivência.,Porque deixa o trânsito mais rápido,Porque evita multas,Porque dá vantagem ao motorista,/Users/lucianodiisouza/Documents/projects/autocurso-2000/Banco Nacional de Questões.pdf
p1-m2-q156,1,2,Escolhas e Consequências,156,intermediario,O que significa entender o motivo das regras?,,Compreender por que uma norma protege vidas,O documento reforça que regras existem por segurança.,Decorar o CTB,Questionar toda regra,Evitar ser fiscalizado,/Users/lucianodiisouza/Documents/projects/autocurso-2000/Banco Nacional de Questões.pdf
p1-m2-q157,1,2,Escolhas e Consequências,157,intermediario,Por que manusear o celular é uma das infrações mais perigosas?,,Porque retira totalmente a atenção do condutor,O documento explica o risco dos 33 metros sem atenção.,Porque gasta bateria,Porque causa transtornos leves,Porque faz o carro tremer,/Users/lucianodiisouza/Documents/projects/autocurso-2000/Banco Nacional de Questões.pdf
p1-m2-q158,1,2,Escolhas e Consequências,158,intermediario,Por que não indicar o real condutor é prejudicial?,,Porque compromete a veracidade do processo,O anexo explica a possibilidade de indicar o motorista.,Porque dificulta estacionar,Porque atrasa o pagamento,Porque muda a placa do carro,/Users/lucianodiisouza/Documents/projects/autocurso-2000/Banco Nacional de Questões.pdf
p1-m2-q159,1,2,Escolhas e Consequências,159,intermediario,Por que a pressa aumenta erros?,,Porque leva a decisões impulsivas e perigosas,O texto usa exemplos como o sinal amarelo e o pneu murcho.,Porque reduz multas,Porque melhora reflexos,Porque gera mais atenção,/Users/lucianodiisouza/Documents/projects/autocurso-2000/Banco Nacional de Questões.pdf
p1-m2-q160,1,2,Escolhas e Consequências,160,dificil,O que caracteriza um crime de trânsito?,,A imprudência que coloca vidas em risco real,O anexo diferencia infrações de crimes pelo risco gerado.,Multas acima de certo valor,A opinião do agente,O tipo do veículo envolvido,/Users/lucianodiisouza/Documents/projects/autocurso-2000/Banco Nacional de Questões.pdf
p1-m2-q161,1,2,Escolhas e Consequências,161,dificil,Quando uma infração se torna crime?,,Quando a conduta coloca gravemente em risco outras pessoas,O documento traz exemplos e explica essa diferença.,Quando envolve motocicletas,Quando ocorre à noite,Quando causa multa alta,/Users/lucianodiisouza/Documents/projects/autocurso-2000/Banco Nacional de Questões.pdf
p1-m2-q162,1,2,Escolhas e Consequências,162,facil,"No caminho para o trabalho, Ana ignora a notificação de multa que recebeu e pensa “vejo
isso depois”. Isso é perigoso por quê?",,Porque existe prazo para cada etapa do processo,Nem ler nem agir a tempo faz a pessoa perder direitos.,Porque a multa some sozinha,Porque a multa se resolve no banco,Porque não precisa ser lida,/Users/lucianodiisouza/Documents/projects/autocurso-2000/Banco Nacional de Questões.pdf
p1-m2-q163,1,2,Escolhas e Consequências,163,facil,"Leo recebe uma multa e decide pagar logo no início porque leu que isso é vantajoso. Qual
é o benefício da ação?",,Até 40% de desconto,O texto destaca o benefício do desconto antecipado.,Parcelamento automático,Perdão total da multa,Aumento de prazo,/Users/lucianodiisouza/Documents/projects/autocurso-2000/Banco Nacional de Questões.pdf
p1-m2-q164,1,2,Escolhas e Consequências,164,facil,Paulo percebe que não era ele quem dirigia no momento da multa. O que ele pode fazer?,,Indicar o real condutor,A indicação do condutor é direito previsto.,Cancelar a multa,Transferir a placa do carro,Ignorar a notificação,/Users/lucianodiisouza/Documents/projects/autocurso-2000/Banco Nacional de Questões.pdf
p1-m2-q165,1,2,Escolhas e Consequências,165,facil,"Camila está prestes a pedir revisão da multa, mas quase perde o prazo. Por que isso é um
problema?",,Perder prazo faz perder o direito de defesa,Os prazos são essenciais para garantir defesa.,Perder prazo aumenta pontuação,Perder prazo gera outra multa,Perder prazo cancela o recurso,/Users/lucianodiisouza/Documents/projects/autocurso-2000/Banco Nacional de Questões.pdf
p1-m2-q166,1,2,Escolhas e Consequências,166,facil,"Laura está conduzindo o carro e decide parar afastada do meio-fio. Por que isso é
proibido?",,Porque atrapalha o fluxo e gera risco,Parar afastado da guia prejudica a circulação.,Porque deixa o carro torto,Porque desgasta o pneu,Porque economiza tempo,/Users/lucianodiisouza/Documents/projects/autocurso-2000/Banco Nacional de Questões.pdf
p1-m2-q167,1,2,Escolhas e Consequências,167,facil,"Um motorista decide parar sobre a faixa enquanto o sinal está trocando. Isso é errado
porque?",,Compromete a segurança do pedestre,Parar sobre a faixa coloca pedestres em risco.,Não deixa o carro bonito,Atrapalha a placa,Aumenta consumo,/Users/lucianodiisouza/Documents/projects/autocurso-2000/Banco Nacional de Questões.pdf
p1-m2-q168,1,2,Escolhas e Consequências,168,intermediario,"André vê alguém parado no meio da rua “por um instante”. Paradas rápidas
podem ser perigosas porque:",,Interrompem fluxo e criam risco,As paradas inadequadas prejudicam o trânsito.,Deixam o carro vulnerável,Provocam multas mais caras,Pioram a economia do carro,/Users/lucianodiisouza/Documents/projects/autocurso-2000/Banco Nacional de Questões.pdf
p1-m2-q169,1,2,Escolhas e Consequências,169,intermediario,"Carla tenta justificar que “foi rapidinho” estacionar em local proibido. Atitudes
assim são perigosas porque:",,Colocam terceiros em risco,O perigo está no risco para os outros.,Reduzem conforto do motorista,Atrapalham o trânsito apenas moralmente,Não são vistas por ninguém,/Users/lucianodiisouza/Documents/projects/autocurso-2000/Banco Nacional de Questões.pdf
p1-m2-q170,1,2,Escolhas e Consequências,170,intermediario,"Um motorista resolve não verificar o carro antes de sair. O capítulo mostra que
falhas assim podem causar:",,Sinistros evitáveis e prejuízos,Negligências geram riscos reais.,Conforto extra,Multas automáticas,Consumo menor de combustível,/Users/lucianodiisouza/Documents/projects/autocurso-2000/Banco Nacional de Questões.pdf
p1-m2-q171,1,2,Escolhas e Consequências,171,dificil,"Um instrutor quer explicar a diferença entre infração e crime segundo o material. Como
descrever essa diferença?",,Crimes têm maior risco e geram processo criminal,A distinção é risco e consequência jurídica.,Infrações são sempre leves,Crimes são apenas multas maiores,Infrações envolvem violência física,/Users/lucianodiisouza/Documents/projects/autocurso-2000/Banco Nacional de Questões.pdf
p1-m3-q1,1,3,Na Direção da Segurança,1,intermediario,"Ao ultrapassar ônibus, qual a conduta segura:",,"Ultrapassar com espaço e tempo suficientes e só voltar ao ver o ônibus inteiro no
retrovisor.",Pontos cegos grandes exigem distância e visibilidade.,Voltar logo após utlrapassar a parte dianteira do ônibus.,Voltar antes de terminar a ultrapassagem.,Passar colado para acabar rápido.,/Users/lucianodiisouza/Documents/projects/autocurso-2000/Banco Nacional de Questões.pdf
p1-m3-q2,1,3,Na Direção da Segurança,2,dificil,"Ao ultrapassar um ciclista, o motociclista deve:",,"Reduzir a velocidade e manter 1,5 metro de distância lateral.","Arts. 201 e 220, inciso XIII do CTB.",Acelerar para sair logo.,Passar colado para economizar espaço.,Buzinar alto para avisar.,/Users/lucianodiisouza/Documents/projects/autocurso-2000/Banco Nacional de Questões.pdf
p1-m3-q3,1,3,Na Direção da Segurança,3,dificil,"De acordo com Código de Trânsito Brasileiro (CTB), os ciclomotores podem trafegar em
rodovias ou vias de trânsito rápido?",,"Não, é proibida a circulação de ciclomotores em vias de trânsito rápido.","Segundo o art. 57 do CTB, os ciclomotores devem circular pela direita da pista, sendo proibida
sua circulação nas vias de trânsito rápido e sobre as calçadas.","Sim, se andar devagar.","Sim, se for domingo.","Sim, se usar colete refletivo.",/Users/lucianodiisouza/Documents/projects/autocurso-2000/Banco Nacional de Questões.pdf
p1-m3-q4,1,3,Na Direção da Segurança,4,dificil,"Em avenida com ciclofaixa contínua, o carro vai entrar à direita em uma rua. Não há
semáforo. Quem tem preferência no conflito?",,"O ciclista que segue na ciclofaixa, salvo sinal que o obrigue a parar.","Ao mudar de direção, deve-se ceder preferência a ciclistas/pedestres, nos termos do art. 214 do
CTB","O carro, por ser maior.",Quem buzinar primeiro.,Quem estiver mais rápido.,/Users/lucianodiisouza/Documents/projects/autocurso-2000/Banco Nacional de Questões.pdf
p1-m3-q5,1,3,Na Direção da Segurança,5,dificil,"Em avenida movimentada, você vê um motociclista equipado (capacete, luvas, jaqueta). O
que isso indica?",,Redução de risco de lesões e atitude segura.,EPI reduz a gravidade em caso de quedas e colisões.,Vaidade do condutor.,Gasto sem necessidade.,Que pode correr mais.,/Users/lucianodiisouza/Documents/projects/autocurso-2000/Banco Nacional de Questões.pdf
p1-m3-q6,1,3,Na Direção da Segurança,6,dificil,"Em cruzamento sem sinalização, quem tem a preferência?",,O veículo que vem pela direita.,"É a chamada “regra da direita”, prevista no art. 29, inciso III, alínea ""c"" do CTB.",O veículo maior.,O mais rápido.,O que chegar primeiro.,/Users/lucianodiisouza/Documents/projects/autocurso-2000/Banco Nacional de Questões.pdf
p1-m3-q7,1,3,Na Direção da Segurança,7,dificil,"Em retorno na via, o que é obrigatório?",,"Escolher local sinalizado, sinalizar a manobra, avaliar visibilidade e dar preferência a
pedestres e ciclistas.","Retorno exige planejamento e respeito ao projeto da via, conforme art. 39 do CTB.","Fazer onde der, bem rápido.",Parar no canteiro central e virar.,Usar o acostamento para cortar todo mundo.,/Users/lucianodiisouza/Documents/projects/autocurso-2000/Banco Nacional de Questões.pdf
p1-m3-q8,1,3,Na Direção da Segurança,8,dificil,"Em via com faixa exclusiva de ônibus à direita e área escolar à frente, sua conversão será à
direita adiante. Conduta correta:",,"Entrar na faixa exclusiva apenas no trecho e horário permitidos para fazer a conversão com
segurança.",Conversões podem permitir cruzamento pontual da faixa exclusiva conforme a sinalização.,Usar toda a faixa exclusiva para ganhar tempo.,Parar na faixa exclusiva para embarque.,Cortar pela calçada para virar.,/Users/lucianodiisouza/Documents/projects/autocurso-2000/Banco Nacional de Questões.pdf
p1-m3-q9,1,3,Na Direção da Segurança,9,dificil,Locais onde a ultrapassagem é proibida?,,"Curvas, aclives sem visibilidade, passagens de nível, pontes/viadutos e faixas de
pedestres, salvo sinal que autorize.",Pontos críticos com baixa visibilidade e alto risco.,Só em rodovia.,Apenas à noite.,Em dias de chuva somente.,/Users/lucianodiisouza/Documents/projects/autocurso-2000/Banco Nacional de Questões.pdf
p1-m3-q10,1,3,Na Direção da Segurança,10,dificil,O que determina o CTB sobre proteção aos mais frágeis?,,"Veículos maiores devem cuidar dos menores, motorizados protegem não motorizados.","Hierarquia de proteção no trânsito, conforme art. 29, 2º.",Cada um por si.,Pedestres devem sempre sair da frente.,Carros têm prioridade em qualquer situação.,/Users/lucianodiisouza/Documents/projects/autocurso-2000/Banco Nacional de Questões.pdf
p1-m3-q11,1,3,Na Direção da Segurança,11,dificil,O que é compartilhamento da via?,,"Uso conjunto e seguro por pedestres, ciclistas e veículos.",Todos os usuários devem conviver de forma segura e respeitosa.,Quando carros e motos dividem acostamento.,Quando o pedestre anda na pista.,Quando se alterna o sentido da via.,/Users/lucianodiisouza/Documents/projects/autocurso-2000/Banco Nacional de Questões.pdf
p1-m3-q12,1,3,Na Direção da Segurança,12,dificil,"Pedro passou no exame teórico, pegou a Licença de aprendizagem e quer treinar num
carro próprio com o pai, sem instrutor. O que é correto?",,Não pode. Treino em via pública exige instrutor autorizado.,"A formação de condutor de veículo automotor será realizada por instrutor autorizado, conforme
art. 155 do CTB.",Pode desde que seja domingo.,Pode se o pai assinar uma autorização.,Pode se o bairro estiver vazio.,/Users/lucianodiisouza/Documents/projects/autocurso-2000/Banco Nacional de Questões.pdf
p1-m3-q13,1,3,Na Direção da Segurança,13,dificil,Qual a função da via coletora?,,"Leva o trânsito das ruas menores para as avenidas e vice-versa, máxima 40 km/h.",Função de distribuir fluxo.,É igual à via rápida.,Só serve para bicicletas.,É usada apenas por caminhões.,/Users/lucianodiisouza/Documents/projects/autocurso-2000/Banco Nacional de Questões.pdf
p1-m3-q14,1,3,Na Direção da Segurança,14,dificil,Qual atitude evita aquaplanagem na chuva forte?,,"Reduzir velocidade, não frear bruscamente e manter pneus em bom estado.",Menos velocidade e pneus bons aumentam aderência.,Acelerar para “furar” a água.,Frear de uma vez no molhado.,Ligar farol alto e acelerar.,/Users/lucianodiisouza/Documents/projects/autocurso-2000/Banco Nacional de Questões.pdf
p1-m3-q15,1,3,Na Direção da Segurança,15,dificil,"Quando houver a transferência de propriedade do veículo, é dever do comprador:",,"Transferir o veículo em até 30 dias da assinatura do documento de compra e venda (art.
123, §1º).","Conforme disposto no Art. 123, § 1º do CTB, o dever do comprador, no caso de transferência de
propriedade, é adotar as providências necessárias à expedição do novo Certificado de Registro do Veículo em
um prazo máximo de 30 (trinta) dias. O descumprimento desse prazo sujeita o infrator à penalidade prevista no
Art. 233 (infração média, multa e remoção do veículo).",Transferir em até 90 dias quando quiser.,Só avisar o banco.,Não precisa transferir.,/Users/lucianodiisouza/Documents/projects/autocurso-2000/Banco Nacional de Questões.pdf
p1-m3-q16,1,3,Na Direção da Segurança,16,dificil,Ultrapassar em curvas é permitido?,,"Não, pois há risco de colisão frontal.","Locais sem visibilidade, como curvas, proíbem ultrapassagem.","Sim, desde que o motorista saiba dirigir bem.","Sim, se o carro for potente.",Apenas à noite.,/Users/lucianodiisouza/Documents/projects/autocurso-2000/Banco Nacional de Questões.pdf
p1-m3-q17,1,3,Na Direção da Segurança,17,dificil,Você começou a derrapar numa curva. O que NÃO fazer?,,Frear bruscamente ou virar o volante de uma vez.,Ações bruscas agravam a perda de controle.,Soltar o acelerador suavemente e segurar firme o volante.,Manter calma e corrigir com cuidado.,Evitar movimentos bruscos.,/Users/lucianodiisouza/Documents/projects/autocurso-2000/Banco Nacional de Questões.pdf
p1-m3-q18,1,3,Na Direção da Segurança,18,facil,O que significa o termo via?,,"É todo o espaço de circulação: pista, calçada, acostamento, canteiro, onde circulam
veículos, pessoas e até animais.","VIA - superfície por onde transitam veículos, pessoas e animais, compreendendo a pista, a
calçada, o acostamento, ilha e canteiro central.",É somente a pista de asfalto.,É só a parte do pedestre.,É só a rua da sua casa.,/Users/lucianodiisouza/Documents/projects/autocurso-2000/Banco Nacional de Questões.pdf
p1-m3-q19,1,3,Na Direção da Segurança,19,facil,A CNH é um documento de que tipo?,,"Documento pessoal e intransferível, em versão física e digital, vale como identidade.",A CNH tem fé pública e é pessoal.,Documento que pode ser emprestado para amigo usar.,Documento que só vale no bairro da pessoa.,Documento que serve apenas para comprar combustível.,/Users/lucianodiisouza/Documents/projects/autocurso-2000/Banco Nacional de Questões.pdf
p1-m3-q20,1,3,Na Direção da Segurança,20,intermediario,"A CNH precisa ser renovada conforme a idade do condutor. Para pessoa com
menos de 50 anos, qual o prazo?",,A cada 10 anos.,"Conforme dispõe o Art. 147, § 2º, inciso I do CTB, o prazo de validade do exame de aptidão
física e mental para a renovação da CNH é de 10 (dez) anos para os condutores com idade inferior a 50
(cinquenta) anos.",A cada 5 anos.,A cada 3 anos.,Não renova nunca mais.,/Users/lucianodiisouza/Documents/projects/autocurso-2000/Banco Nacional de Questões.pdf
p1-m3-q21,1,3,Na Direção da Segurança,21,facil,A preferência em cruzamentos sem sinalização é de:,,Quem vem pela direita.,"A chamada “regra da direita” evita indecisões e colisões. Art. 29, inciso III, alínea c",Quem vem pela esquerda.,O veículo maior.,O que buzinar primeiro.,/Users/lucianodiisouza/Documents/projects/autocurso-2000/Banco Nacional de Questões.pdf
p1-m3-q22,1,3,Na Direção da Segurança,22,facil,A ultrapassagem correta para o motociclista deve ser realizada:,,"Pela esquerda, com espaço e velocidade compatível.",Direita/acostamento são perigosos e infração.,"Pela direita, porque “é mais rápido”.","Pelo acostamento, porque “é mais livre”.","Entre dois veículos, ziguezagueando.",/Users/lucianodiisouza/Documents/projects/autocurso-2000/Banco Nacional de Questões.pdf
p1-m3-q23,1,3,Na Direção da Segurança,23,facil,O acostamento serve para quê?,,"Para emergência (pneu furado, pane) e, em vias rurais, também para pedestres e ciclistas
quando não há calçada.","Não é faixa de circulação normal, conforme anexo do CTB.",Para andar mais rápido e ultrapassar pela direita.,Para estacionar o dia todo.,Para vender comida.,/Users/lucianodiisouza/Documents/projects/autocurso-2000/Banco Nacional de Questões.pdf
p1-m3-q24,1,3,Na Direção da Segurança,24,facil,"Antes de entrar na rotatória, o condutor deve:",,Observar o fluxo interno e só entrar quando houver espaço seguro.,"A regra de segurança é esperar o momento certo, sem pressa.",Forçar a entrada para não ficar esperando.,Parar dentro da rotatória.,Acelerar e buzinar.,/Users/lucianodiisouza/Documents/projects/autocurso-2000/Banco Nacional de Questões.pdf
p1-m3-q25,1,3,Na Direção da Segurança,25,facil,Quais as ações devem ser realizadas por um condutor antes de entrar na rotatória?,,"Reduzir a velocidade, ligar a seta e olhar o fluxo para entrar com segurança.",Aproximação segura evita colisões.,Acelerar para “pegar embalo”.,Desligar as luzes para não chamar atenção.,Parar o carro dentro da faixa de pedestres.,/Users/lucianodiisouza/Documents/projects/autocurso-2000/Banco Nacional de Questões.pdf
p1-m3-q26,1,3,Na Direção da Segurança,26,facil,"Antes de mudar de faixa com a moto, o que o condutor deve fazer?",,Ligar a seta com antecedência e checar espelhos e ponto cego.,"Antes de mudar de faixa com a moto, o condutor deve sinalizar a manobra e olhar nos
retrovisores para garantir que é seguro, evitando colisões com outros veículos.","Mudar rápido sem avisar, para não “perder a chance”.",Buzinar e jogar a moto para o lado.,Deitar a moto e cortar várias faixas de uma vez.,/Users/lucianodiisouza/Documents/projects/autocurso-2000/Banco Nacional de Questões.pdf
p1-m3-q27,1,3,Na Direção da Segurança,27,intermediario,"Ao avistar ciclovia ou ciclofaixa, o condutor deve:",,Reduzir a velocidade e respeitar a passagem de ciclistas.,"A ciclovia é espaço exclusivo dos ciclistas. O condutor deve respeitar o espaço dos ciclistas e
reduzir a velocidade, garantindo a segurança de todos.",Acelerar para ultrapassar rapidamente a ciclovia ou ciclofaixa.,Ignorar os ciclistas,Buzinar para que os ciclistas saiam da via.,/Users/lucianodiisouza/Documents/projects/autocurso-2000/Banco Nacional de Questões.pdf
p1-m3-q28,1,3,Na Direção da Segurança,28,facil,"Ao chegar perto de uma rotatória, qual regra principal seguir?",,"Dar preferência a quem já está dentro da rotatória, entrando só quando houver espaço
seguro.","A regra é dar prioridade aos veículos que já estão na rotatória. Isso evita colisões e garante que
o tráfego dentro da rotatória flua de forma segura e organizada.",Buzinar forte e entrar rápido para não perder a vez.,Entrar primeiro e depois ligar a seta.,Parar no meio da entrada para decidir.,/Users/lucianodiisouza/Documents/projects/autocurso-2000/Banco Nacional de Questões.pdf
p1-m3-q29,1,3,Na Direção da Segurança,29,dificil,"Ao fazer uma conversão à direita ou esquerda em piso molhado, a moto deve:",,"Entrar devagar, sem inclinar demais, mantendo a moto estável.",Menos inclinação e controle preservam a aderência.,Deitar bem a moto e acelerar forte.,Frear dentro da curva com freio dianteiro travado.,Passar por cima da pintura molhada em alta velocidade.,/Users/lucianodiisouza/Documents/projects/autocurso-2000/Banco Nacional de Questões.pdf
p1-m3-q30,1,3,Na Direção da Segurança,30,facil,Qual ação um condutor deve fazer ao mudar de faixa?,,Sinalizar com a seta (ou gesto) e conferir se é seguro.,"O condutor deve sinalizar e verificar os retrovisores para garantir que a mudança de faixa seja
segura e evitar acidentes.",Jogar o carro de uma vez.,Buzinar forte.,Ligar farol alto.,/Users/lucianodiisouza/Documents/projects/autocurso-2000/Banco Nacional de Questões.pdf
p1-m3-q31,1,3,Na Direção da Segurança,31,intermediario,"Ao passar por um ciclista, o condutor deve:",,"Manter pelo menos 1,5 m de distância lateral e reduzir a velocidade.",Distância salva vidas. Art. 201 do CTB,Passar colado para “caber”.,Buzinar forte e seguir sem espaço.,Jogar o veículo para cima para “educar”.,/Users/lucianodiisouza/Documents/projects/autocurso-2000/Banco Nacional de Questões.pdf
p1-m3-q32,1,3,Na Direção da Segurança,32,intermediario,"Ao realizar uma conversão à esquerda em via de mão dupla, o condutor deve:",,Aproximar-se do centro da via e ceder passagem a pedestres e veículos contrários.,A manobra deve ser feita com antecedência e cautela.,Ir direto e virar sem sinalizar.,Aumentar a velocidade.,Parar sobre a faixa de pedestres.,/Users/lucianodiisouza/Documents/projects/autocurso-2000/Banco Nacional de Questões.pdf
p1-m3-q33,1,3,Na Direção da Segurança,33,intermediario,"Ao sair da rotatória, o condutor deve:",,Manter atenção a pedestres e ciclistas próximos à saída.,Pedestres e ciclistas têm prioridade nas faixas junto às saídas.,Acelerar para não perder tempo.,Usar o celular para se orientar.,Ignorar os pedestres.,/Users/lucianodiisouza/Documents/projects/autocurso-2000/Banco Nacional de Questões.pdf
p1-m3-q34,1,3,Na Direção da Segurança,34,facil,"Ao sair de um estacionamento para a via pública, quem tem a preferência?",,Quem já circula na via.,Preferência de quem está na via.,O veículo que está saindo.,O maior carro.,Quem liga o pisca-alerta.,/Users/lucianodiisouza/Documents/projects/autocurso-2000/Banco Nacional de Questões.pdf
p1-m3-q35,1,3,Na Direção da Segurança,35,facil,"Ao se aproximar de uma rotatória, o motorista deve:",,Reduzir a velocidade e aguardar a vez de entrar.,"A regra é dar prioridade aos veículos que já estão na rotatória. Isso evita colisões e garante que
o tráfego dentro da rotatória flua de forma segura e organizada.",Entrar rapidamente.,Buzinar para avisar.,Passar pelo meio da ilha.,/Users/lucianodiisouza/Documents/projects/autocurso-2000/Banco Nacional de Questões.pdf
p1-m3-q36,1,3,Na Direção da Segurança,36,facil,"Ao ver agente de trânsito orientando fluxo na saída da escola, o condutor deve:",,"Cumprir as ordens do agente, mesmo que a placa diga diferente.",A ordem do agente prevalece para segurança.,Obedecer só ao semáforo.,Ignorar o agente e seguir a fila.,Buzinar para passar primeiro.,/Users/lucianodiisouza/Documents/projects/autocurso-2000/Banco Nacional de Questões.pdf
p1-m3-q37,1,3,Na Direção da Segurança,37,facil,"Ao ver um pedestre começando a atravessar fora da faixa, o motociclista deve:",,Reduzir a velocidade e garantir a passagem com segurança.,"Mesmo fora da faixa, o pedestre tem prioridade.",Acelerar para passar antes.,Buzinar forte.,Fazer ziguezague.,/Users/lucianodiisouza/Documents/projects/autocurso-2000/Banco Nacional de Questões.pdf
p1-m3-q38,1,3,Na Direção da Segurança,38,facil,O passeio é destinado a quem?,,"Para pedestres. Motorista só passa por ela para entrar em garagem, com cuidado e dando
preferência ao pedestre.","O passeio é a parte da calçada ou da pista de rolamento, neste último caso, separada por pintura
ou elemento físico separador, livre de interferências, destinada à circulação exclusiva de pedestres e,
excepcionalmente, de ciclistas. Glossário do CTB",Para motos pararem em fila.,Para carros desviarem do trânsito.,Para fazer retorno rápido.,/Users/lucianodiisouza/Documents/projects/autocurso-2000/Banco Nacional de Questões.pdf
p1-m3-q39,1,3,Na Direção da Segurança,39,facil,Os caminhões de coleta de lixo sinalizados trabalhando na via:,,"Podem parar na via, mesmo que atrapalhem o trânsito, desde que estejam sinalizados e
em operação","Veículos de serviço essenciais, como caminhões de lixo, podem parar na via durante o trabalho,
desde que devidamente sinalizados, garantindo segurança e funcionamento do serviço.",Devem sair para você passar.,Podem circular em alta velocidade para terminar a coleta mais rápido.,Devem sempre estacionar na calçada para não atrapalhar os veículos,/Users/lucianodiisouza/Documents/projects/autocurso-2000/Banco Nacional de Questões.pdf
p1-m3-q40,1,3,Na Direção da Segurança,40,intermediario,"Dentro da rotatória, qual é o comportamento correto?",,"Manter velocidade moderada, ficar na faixa escolhida e não parar, salvo emergência.","Conforme estabelece o art. 29, inciso III, alínea ""b"" do CTB, quando veículos se aproximam de
um local não sinalizado (como uma rotatória sem sinalização de ""Dê a Preferência""), a preferência de
passagem é de quem estiver circulando por ela.",Mudar de faixa toda hora para sair mais rápido.,Parar para conversar com outro motorista.,Acelerar forte para assustar motociclistas.,/Users/lucianodiisouza/Documents/projects/autocurso-2000/Banco Nacional de Questões.pdf
p1-m3-q41,1,3,Na Direção da Segurança,41,intermediario,Duas vias sem sinalização se cruzam e nenhuma é rodovia. O que vale?,,Regra da direita: ceder ao que vem pela direita.,"Conforme estabelece o art. 29, inciso III, alínea ""c"" do CTB, quando veículos, transitando por
fluxos que se cruzem, se aproximarem de local não sinalizado e nenhuma das vias for rodovia ou rotatória, terá
preferência de passagem aquele que vier pela direita do condutor.",Buzinar e passar.,Quem estiver na esquerda tem preferência.,Quem é maior tem prioridade.,/Users/lucianodiisouza/Documents/projects/autocurso-2000/Banco Nacional de Questões.pdf
p1-m3-q42,1,3,Na Direção da Segurança,42,intermediario,"Durante uma ultrapassagem, o condutor deve:",,"Fazer a manobra pela esquerda, respeitando a sinalização e distância segura.","Conforme estabelece o art. 29, inciso IX do CTB, a ultrapassagem de outro veículo em
movimento deverá ser feita pela esquerda, obedecida a sinalização regulamentar e respeitadas as normas de
segurança. Além disso, o art. 30, inciso II, reforça que, ao ultrapassar, o condutor deve retornar à faixa de
trânsito de origem, assim que a manobra for concluída com segurança.","Passar o veículo pela direita, se houver espaço.",Acelerar perto de curvas.,Ignorar os limites de velocidade.,/Users/lucianodiisouza/Documents/projects/autocurso-2000/Banco Nacional de Questões.pdf
p1-m3-q43,1,3,Na Direção da Segurança,43,dificil,É permitido circular sobre a calçada?,,Apenas para entrar ou sair de imóvel ou estacionamento.,"Conforme estabelece o Art. 193 do CTB, transitar sobre calçadas ou passeios é infração
gravíssima. A exceção ocorre na manobra de acesso a imóveis (garagens), pois o art. 29, inciso V do CTB
permite o deslocamento lateral necessário para entrar ou sair, não caracterizando o ""transitar"" (uso
longitudinal).",Sempre que não houver trânsito.,Para desviar de buracos.,Para fazer retorno.,/Users/lucianodiisouza/Documents/projects/autocurso-2000/Banco Nacional de Questões.pdf
p1-m3-q44,1,3,Na Direção da Segurança,44,facil,É permitido parar dentro de uma rotatória?,,"Não, salvo em caso de emergência.","Conforme estabelece o Art. 182, inciso VII do CTB, parar o veículo na área de cruzamento de
vias (incluindo rotatórias) é uma infração média, sujeita a multa. A rotatória é uma área de interseção de fluxo
de trânsito contínuo, e a parada no local compromete a segurança e a fluidez do tráfego.","Sim, se estiver em dúvida sobre a saída.","Sim, se houver espaço.",Sempre que quiser.,/Users/lucianodiisouza/Documents/projects/autocurso-2000/Banco Nacional de Questões.pdf
p1-m3-q45,1,3,Na Direção da Segurança,45,intermediario,"Em área com muitos pedestres e ciclistas, qual atitude básica do motorista?",,"Reduzir a velocidade, manter distância e dar preferência ao mais vulnerável.",Proteção à vida em primeiro lugar.,Buzinar para todos saírem.,Passar bem perto para caber.,Acelerar para sair logo.,/Users/lucianodiisouza/Documents/projects/autocurso-2000/Banco Nacional de Questões.pdf
p1-m3-q46,1,3,Na Direção da Segurança,46,intermediario,"Em área escolar com crianças saindo do colégio, o motorista deve:",,Reduzir a velocidade e estar pronto para parar.,"Conforme estabelece o art. 220, inciso XIV do CTB, deixar de reduzir a velocidade do veículo de
forma compatível com a segurança do trânsito nas proximidades de escolas ou onde haja intensa
movimentação de pedestres é considerado infração gravíssima. Essa exigência se justifica porque a presença
de crianças (pedestres vulneráveis e muitas vezes imprevisíveis) requer o máximo de cautela e uma
velocidade que permita a parada imediata para evitar acidentes.",Buzinar para abrir caminho e passar rápido.,Seguir no fluxo sem mudanças porque a rua é pública.,Parar na faixa de pedestres para embarque de aluno.,/Users/lucianodiisouza/Documents/projects/autocurso-2000/Banco Nacional de Questões.pdf
p1-m3-q47,1,3,Na Direção da Segurança,47,intermediario,"Em áreas de grande circulação de pessoas, o motorista deve:",,Reduzir a velocidade e manter distância segura.,"Conforme estabelece o art. 220, inciso XIV do CTB, deixar de reduzir a velocidade do veículo de
forma compatível com a segurança do trânsito nas proximidades de escolas ou onde haja intensa
movimentação de pedestres é considerado infração gravíssima. Essa exigência se justifica porque a presença
de crianças (pedestres vulneráveis e muitas vezes imprevisíveis) requer o máximo de cautela e uma
velocidade que permita a parada imediata para evitar acidentes.",Aumentar a velocidade para sair logo.,Ultrapassar com buzina.,Ligar o pisca-alerta.,/Users/lucianodiisouza/Documents/projects/autocurso-2000/Banco Nacional de Questões.pdf
p1-m3-q48,1,3,Na Direção da Segurança,48,intermediario,"Em um cruzamento onde há ciclofaixa, qual é a penalidade aplicada ao
motociclista (ou qualquer condutor) que não parar para ceder a passagem ao ciclista?",,Comete infração gravíssima e põe vidas em risco.,"Conforme estabelece o art. 214, inciso I do CTB, deixar de dar preferência de passagem a
pedestre ou a ciclista quando estiverem na faixa a eles destinada ou que não haja sinalização, mas que já
tenham iniciado a travessia, é considerado infração gravíssima. Nesse cenário, a ciclofaixa é a faixa destinada
ao ciclista, e não ceder a preferência é uma conduta de alto risco e punível com multa gravíssima.",Está certo se o sinal estiver verde.,Age certo se buzinar.,Pode seguir se estiver apressado.,/Users/lucianodiisouza/Documents/projects/autocurso-2000/Banco Nacional de Questões.pdf
p1-m3-q49,1,3,Na Direção da Segurança,49,dificil,"Em um cruzamento com linha férrea (trilhos) sem cancela, com o Veículo Leve sobre
Trilhos (VLT) se aproximando e pedestres aguardando, qual é a decisão correta e obrigatória do
motorista?",,Parar antes dos trilhos e só cruzar depois da passagem completa do VLT.,"Conforme estabelece o art. 29, inciso XII do CTB, os veículos que se deslocam sobre trilhos
(como trens ou VLTs) têm preferência de passagem absoluta sobre todos os demais.",Atravessar rápido antes dele.,Parar sobre os trilhos para “garantir lugar”.,Entrar na contramão para passar primeiro.,/Users/lucianodiisouza/Documents/projects/autocurso-2000/Banco Nacional de Questões.pdf
p1-m3-q50,1,3,Na Direção da Segurança,50,facil,"Em estrada sem acostamento, um pedestre caminha pelo bordo da pista. O que o
motociclista deve fazer?",,"Reduzir a velocidade, manter distância lateral e passar devagar.",Pedestre tem prioridade na ausência de calçada.,Buzinar para ele sair.,Passar colado.,Acelerar para “livrar” rápido.,/Users/lucianodiisouza/Documents/projects/autocurso-2000/Banco Nacional de Questões.pdf
p1-m3-q51,1,3,Na Direção da Segurança,51,facil,"Em frente à escola, motociclista deve:",,"Reduzir a velocidade, não trafegar entre carros e manter distância de pedestres.",Áreas escolares pedem máximo cuidado do motociclista.,Passar no corredor em alta velocidade.,Usar a calçada para “escapar do trânsito”.,Cortar pela direita em fila dupla.,/Users/lucianodiisouza/Documents/projects/autocurso-2000/Banco Nacional de Questões.pdf
p1-m3-q52,1,3,Na Direção da Segurança,52,facil,"Em uma rotatória, quem tem a preferência?",,Quem já está circulando dentro dela.,A prioridade é de quem já está na rotatória.,Quem está entrando.,O veículo maior.,O mais rápido.,/Users/lucianodiisouza/Documents/projects/autocurso-2000/Banco Nacional de Questões.pdf
p1-m3-q53,1,3,Na Direção da Segurança,53,intermediario,"Em uma via com várias faixas, onde a moto deve circular?",,"Dentro de UMA faixa, bem posicionada para ser vista, sem andar entre carros em
movimento.","A moto deve circular dentro da faixa, bem posicionada para ser vista, evitando andar entre
veículos em movimento, garantindo segurança.","Entre dois carros em movimento, aproveitando o espaço livre.","Somente no corredor, em alta velocidade.","Em cima da calçada, quando a rua estiver cheia.",/Users/lucianodiisouza/Documents/projects/autocurso-2000/Banco Nacional de Questões.pdf
p1-m3-q54,1,3,Na Direção da Segurança,54,facil,"Em via comum, por qual lado da pista o veículo deve trafegar?",,"Pelo lado direito da via, salvo sinalização dizendo o contrário.",Regra geral de circulação pelo lado direito.,"Pelo meio da pista, para ver melhor.","Pelo lado esquerdo, pois é mais rápido.","De qualquer jeito, se for devagar.",/Users/lucianodiisouza/Documents/projects/autocurso-2000/Banco Nacional de Questões.pdf
p1-m3-q55,1,3,Na Direção da Segurança,55,intermediario,"Em vias de várias faixas, veículos grandes e lentos devem:",,Circular nas faixas da direita.,"Veículos grandes e lentos devem usar a faixa da direita para não atrapalhar o fluxo dos mais
rápidos e garantir segurança no trânsito.",Circular à esquerda.,Ficar alternando de faixa.,Seguir pelo acostamento.,/Users/lucianodiisouza/Documents/projects/autocurso-2000/Banco Nacional de Questões.pdf
p1-m3-q56,1,3,Na Direção da Segurança,56,facil,O que significa estacionar um veículo?,,"Deixar o veículo parado por tempo maior do que o de embarque e desembarque, com ou
sem condutor.","Estacionar significa imobilizar o veículo por tempo indeterminado, sem interromper
momentaneamente o trânsito, diferente de apenas parar para embarque ou desembarque.",Só encostar por 10 segundos em cima da faixa.,Parar na esquina para ir ao mercado rapidinho.,Ligar o pisca-alerta e poder qualquer coisa.,/Users/lucianodiisouza/Documents/projects/autocurso-2000/Banco Nacional de Questões.pdf
p1-m3-q57,1,3,Na Direção da Segurança,57,intermediario,Fila dupla em frente à escola para embarque rápido é:,,"Irregular e perigosa, atrapalha o trânsito e aumenta risco para pedestres.","A infração ocorre quando um veículo para ao lado de outro já estacionado na via, prejudicando o
trânsito, a segurança e o fluxo de outros veículos, incluindo veículos de emergência. Art. 181, inciso XI",Permitida se o pisca-alerta estiver ligado.,Permitida em horários de pico.,Permitida se o motorista não descer do carro.,/Users/lucianodiisouza/Documents/projects/autocurso-2000/Banco Nacional de Questões.pdf
p1-m3-q58,1,3,Na Direção da Segurança,58,facil,Motocicleta pode trafegar em ciclovia ou ciclofaixa?,,Não. Esses espaços são exclusivos de bicicletas.,"Exclusividade do ciclista, invadir é gravíssimo. Art. 193 do CTB.","Pode, se for devagar.","Pode, se ligar o pisca-alerta.","Pode, só para ultrapassar.",/Users/lucianodiisouza/Documents/projects/autocurso-2000/Banco Nacional de Questões.pdf
p1-m3-q59,1,3,Na Direção da Segurança,59,facil,"Na rotatória, o motociclista deve:",,"Reduzir, sinalizar, e dar preferência a quem já está dentro da rotatória.",Regra de preferência na rotatória.,Entrar acelerando para “abrir caminho”.,Parar dentro da rotatória para escolher a saída.,Cortar pela calçada para sair logo.,/Users/lucianodiisouza/Documents/projects/autocurso-2000/Banco Nacional de Questões.pdf
p1-m3-q60,1,3,Na Direção da Segurança,60,intermediario,"Na saída de alunos, um ônibus escolar parou no ponto. Nesse cenário, o que um
condutor deve fazer?",,"Reduzir a velocidade, manter distância, observar crianças e só avançar com segurança.","Passageiros podem atravessar à frente do ônibus, prudência máxima.",Ultrapassar rápido pela direita.,Colar na traseira para “empurrar” o fluxo.,Buzinar para que as crianças saiam logo.,/Users/lucianodiisouza/Documents/projects/autocurso-2000/Banco Nacional de Questões.pdf
p1-m3-q61,1,3,Na Direção da Segurança,61,intermediario,"Um condutor dirige em uma rodovia, na faixa da esquerda, durante a noite com a
pista molhada. Surge carro atrás querendo ultrapassar. O que ele deve fazer?",,"Ir para a faixa da direita quando seguro, sem acelerar, e manter distância maiorem caso de
chuva.","O condutor deve manter-se na faixa da esquerda apenas quando necessário, e, ao perceber que
há outro veículo atrás querendo ultrapassar, deve se deslocar para a faixa da direita, respeitando as normas
de circulação e garantindo a segurança, especialmente em condições adversas, como pista molhada.",Acelerar para “segurar a esquerda”.,Frear de propósito.,Ir para o acostamento e parar.,/Users/lucianodiisouza/Documents/projects/autocurso-2000/Banco Nacional de Questões.pdf
p1-m3-q62,1,3,Na Direção da Segurança,62,intermediario,O ciclomotor deve trafegar:,,"Pela direita da pista, preferencialmente no centro da faixa mais à direita.",Posição à direita aumenta a segurança e previsibilidade.,Entre duas faixas.,No corredor.,Pela contramão.,/Users/lucianodiisouza/Documents/projects/autocurso-2000/Banco Nacional de Questões.pdf
p1-m3-q63,1,3,Na Direção da Segurança,63,facil,O motociclista deve trafegar:,,"Dentro de uma faixa de rolamento, como qualquer outro veículo.","O motociclista deve sempre trafegar dentro da faixa, de forma visível aos outros motoristas, sem
tentar passar entre os carros em movimento, pois isso aumenta o risco de acidentes. A segurança no trânsito
depende do respeito às regras de circulação e do comportamento previsível no tráfego.",Entre duas faixas.,Pela calçada.,No acostamento sempre.,/Users/lucianodiisouza/Documents/projects/autocurso-2000/Banco Nacional de Questões.pdf
p1-m3-q64,1,3,Na Direção da Segurança,64,facil,O motociclista deve ultrapassar outro veículo:,,"Pela esquerda, desde que haja espaço e sinalizando antes.",A ultrapassagem pela direita é gravíssima e perigosa.,"Pela direita, se for mais rápido.",Pelo acostamento.,Entre os carros.,/Users/lucianodiisouza/Documents/projects/autocurso-2000/Banco Nacional de Questões.pdf
p1-m3-q65,1,3,Na Direção da Segurança,65,intermediario,"O que deve fazer o condutor ao ver um ônibus parado para embarque ou
desembarque de passageiros?",,Reduzir a velocidade e ficar atento a pedestres.,"Quando um ônibus está parado para embarque ou desembarque de passageiros, o condutor
deve ter atenção redobrada, reduzindo a velocidade e, se necessário, parando, para garantir a segurança dos
pedestres e dos passageiros que estão no processo de embarque ou desembarque.",Passar rapidamente para não atrasar o trânsito.,Buzinar para alertar os passageiros.,Passar bem próximo do ônibus.,/Users/lucianodiisouza/Documents/projects/autocurso-2000/Banco Nacional de Questões.pdf
p1-m3-q66,1,3,Na Direção da Segurança,66,intermediario,O que é Licença de Aprendizagem?,,"Licença que autoriza o candidato a começar as aulas práticas nas ruas, com instrutor.","A licença de aprendizagem é um documento que permite ao candidato dirigir sob a supervisão
de um instrutor credenciado durante o processo de aprendizagem para obtenção da CNH",Carteira definitiva que substitui a CNH.,Documento para comprar veículo com desconto.,Aplicativo para pagar multa.,/Users/lucianodiisouza/Documents/projects/autocurso-2000/Banco Nacional de Questões.pdf
p1-m3-q67,1,3,Na Direção da Segurança,67,facil,O que é manter distância segura?,,"Deixar espaço suficiente na lateral e frontal entre o seu veículo e os demais, bem como em
relação ao bordo da pista.","Conforme estabelece o Art. 29, inciso II do CTB, o condutor deverá guardar distância de
segurança lateral e frontal entre o seu e os demais veículos, levando em conta, no momento, a velocidade e as
condições do local, da circulação, do veículo e as condições climáticas. A técnica mais comum para garantir
essa margem é a regra dos dois segundos, que assegura o tempo necessário para reação e frenagem sob
condições normais, o que é fundamental para a Direção Defensiva.",Andar muito próximo ao veículo da frente.,Reduzir a distância apenas em congestionamentos.,Ignorar o espaço lateral.,/Users/lucianodiisouza/Documents/projects/autocurso-2000/Banco Nacional de Questões.pdf
p1-m3-q68,1,3,Na Direção da Segurança,68,facil,O que fazer ao avistar veículo de emergência com sirene e luz ligada?,,Dar passagem imediata e manter distância.,"É obrigação dar prioridade aos veículos em serviço de urgência. Conforme estabelece o Art. 29,
inciso VII do CTB, quando os dispositivos de alarme sonoro e iluminação intermitente estiverem acionados, os
condutores dos demais veículos deverão deixar livre a passagem pela faixa da esquerda, deslocando-se para
a direita da via e parando se for preciso. Além disso, o Art. 189 estabelece que não ceder passagem a veículos
de emergência com prioridade é infração gravíssima.",Acelerar para não atrapalhar.,Parar no meio da pista.,Continuar normalmente.,/Users/lucianodiisouza/Documents/projects/autocurso-2000/Banco Nacional de Questões.pdf
p1-m3-q69,1,3,Na Direção da Segurança,69,facil,O que o condutor deve fazer antes de acessar uma garagem pela calçada?,,"Reduzir a velocidade, sinalizar e garantir que não há pedestres.","Os condutores devem sinalizar antes de conversões, bem como observar as preferências do
trânsito.",Acelerar para entrar rápido.,Buzinar para avisar.,Parar sobre a calçada.,/Users/lucianodiisouza/Documents/projects/autocurso-2000/Banco Nacional de Questões.pdf
p1-m3-q70,1,3,Na Direção da Segurança,70,facil,O que o condutor deve fazer ao dirigir em via com várias faixas no mesmo sentido?,,Circular pela faixa da direita se for mais lento e deixar a esquerda para ultrapassagens.,"A faixa da direita é destinada aos veículos mais lentos, a da esquerda, às ultrapassagens.",Circular sempre pela faixa da esquerda.,Alternar de faixa a todo momento para avançar mais rápido.,"Seguir pelo meio da via, ignorando as faixas.",/Users/lucianodiisouza/Documents/projects/autocurso-2000/Banco Nacional de Questões.pdf
p1-m3-q71,1,3,Na Direção da Segurança,71,facil,O que o condutor deve fazer ao sair de um imóvel para acessar a via pública?,,Ceder passagem aos veículos que estão na via e para os pedestres que já circulam.,"Ao acessar uma via, o condutor deve observar as regras de preferência e realizar as devidas
sinalizações.",Acelerar para entrar antes.,Ultrapassar pela calçada.,Forçar a entrada.,/Users/lucianodiisouza/Documents/projects/autocurso-2000/Banco Nacional de Questões.pdf
p1-m3-q72,1,3,Na Direção da Segurança,72,facil,"O que o condutor deve fazer ao sair de uma vaga próxima à escola, com muitos pedestres
por perto?",,"Sinalizar antes, sair devagar e garantir que não há pedestres atrás ou na lateral.",A sinalização e a saída lenta reduzem o risco de atropelamento.,Sair rápido para não travar o fluxo.,Buzinar antes de arrancar.,Ir de ré até o cruzamento.,/Users/lucianodiisouza/Documents/projects/autocurso-2000/Banco Nacional de Questões.pdf
p1-m3-q73,1,3,Na Direção da Segurança,73,facil,"O que o condutor deve fazer ao ver um agente de trânsito controlando o fluxo em frente à
escola?",,"Obedecer ao agente, mesmo que o semáforo indique o contrário.",A autoridade do agente prevalece temporariamente sobre a sinalização.,Ignorar o agente e seguir o semáforo.,Buzinar para pedir passagem.,Fazer retorno e evitar o local.,/Users/lucianodiisouza/Documents/projects/autocurso-2000/Banco Nacional de Questões.pdf
p1-m3-q74,1,3,Na Direção da Segurança,74,facil,O que significa conduta segura no trânsito?,,"Agir com atenção, cortesia e respeito às normas.",A segurança depende do comportamento de todos no trânsito.,Fazer manobras rápidas para ganhar tempo.,Seguir apenas o fluxo dos outros.,Dirigir com pressa sempre que possível.,/Users/lucianodiisouza/Documents/projects/autocurso-2000/Banco Nacional de Questões.pdf
p1-m3-q75,1,3,Na Direção da Segurança,75,facil,"O ônibus sinalizou que vai sair do ponto, e você está na faixa ao lado. Qual deve ser a sua
conduta?",,"Reduzir, permitir a saída com segurança e retomar o fluxo.",Prerrogativa operacional favorece a fluidez do sistema.,Acelerar para impedir a saída.,Fechar a frente do ônibus.,Buzinar para ele esperar.,/Users/lucianodiisouza/Documents/projects/autocurso-2000/Banco Nacional de Questões.pdf
p1-m3-q76,1,3,Na Direção da Segurança,76,facil,Para que servem os bolsões destinados a motociclistas nos semáforos?,,"Para oferecer um espaço seguro à frente dos demais veículos, facilitando a visualização e
a partida na abertura do sinal.",Aumenta a segurança e a visibilidade no cruzamento.,Para permitir que os motociclistas avancem o sinal vermelho com mais rapidez.,Para estacionar as motocicletas enquanto o condutor realiza pequenas tarefas.,Para separar motociclistas dos demais veículos apenas por estética ou organização visual.,/Users/lucianodiisouza/Documents/projects/autocurso-2000/Banco Nacional de Questões.pdf
p1-m3-q77,1,3,Na Direção da Segurança,77,facil,"Para conduzir um ciclomotor, qual é a habilitação mínima exigida?",,"ACC ou Categoria A, conforme o veículo.",Exigência legal de ACC/A.,Não precisa de habilitação.,Qualquer documento serve.,Somente categoria B.,/Users/lucianodiisouza/Documents/projects/autocurso-2000/Banco Nacional de Questões.pdf
p1-m3-q78,1,3,Na Direção da Segurança,78,facil,"No Brasil, o que a pessoa precisa possuir para poder dirigir carro ou motocicleta?",,Precisa ter documento de habilitação válido: CNH ou Permissão para dirigir.,Habilitação é de porte obrigatório.,"Precisa só saber dirigir de ouvido, sem documento.",Precisa da nota fiscal do veículo no porta-luvas.,Precisa de uma autorização escrita do vizinho.,/Users/lucianodiisouza/Documents/projects/autocurso-2000/Banco Nacional de Questões.pdf
p1-m3-q79,1,3,Na Direção da Segurança,79,intermediario,Para que serve a faixa da esquerda em uma via de múltiplas faixas de rolamento?,,"Para ultrapassar e para quem circula mais rápido, respeitando a lei e a sinalização.",Uso correto das faixas.,Para estacionar rápido.,Para pedestres andarem.,Para bicicletas apenas.,/Users/lucianodiisouza/Documents/projects/autocurso-2000/Banco Nacional de Questões.pdf
p1-m3-q80,1,3,Na Direção da Segurança,80,intermediario,"João está conduzindo um carro em uma rotatória. O que ele deve fazer para sair
na avenida desejada?",,Ligar a seta com antecedência e deslocar-se para a faixa da saída com cuidado.,"Ao se aproximar de uma rotatória e desejar sair nela, o motorista deve sinalizar a sua intenção
com a seta. Isso é fundamental para garantir a segurança, permitindo que os outros motoristas e pedestres
saibam para qual direção o veículo vai seguir, evitando colisões e promovendo o fluxo ordenado do trânsito.",Cortar todas as faixas de uma vez.,Parar dentro da rotatória e pensar.,"Sair sem seta, pois todos vão entender.",/Users/lucianodiisouza/Documents/projects/autocurso-2000/Banco Nacional de Questões.pdf
p1-m3-q81,1,3,Na Direção da Segurança,81,facil,"Pedro conduz sua motocicleta em uma via quando um pedestre sinaliza que vai atravessar
na faixa de pedestres. O que Pedro deve fazer?",,"Parar e dar a preferência, esperando a travessia segura.","Os pedestres que estiverem atravessando a via sobre as faixas delimitadas para esse fim terão
prioridade de passagem, exceto nos locais com sinalização semafórica, onde deverão ser respeitadas as
disposições deste Código. Art. 70 do CTB",Passar rápido antes do pedestre atravessar a via.,Desviar pela calçada.,Buzinar para ele correr.,/Users/lucianodiisouza/Documents/projects/autocurso-2000/Banco Nacional de Questões.pdf
p1-m3-q82,1,3,Na Direção da Segurança,82,facil,Uma pessoa com deficiência pode dirigir?,,"Sim, se forem habilitadas e o veículo tiver as adaptações necessárias.",Acessibilidade garantida.,"Não, elas não podem dirigir veículos.","Não, a legislação não permite.","Sim, mas somente em estradas vazias.",/Users/lucianodiisouza/Documents/projects/autocurso-2000/Banco Nacional de Questões.pdf
p1-m3-q83,1,3,Na Direção da Segurança,83,dificil,Por que é importante saber em qual tipo de via você está?,,"Porque isso define a velocidade máxima, a forma de circular, a atenção a
pedestres/ciclistas e as regras de segurança.","É fundamental saber em qual tipo de via você está, pois isso define as regras de trânsito que
devem ser seguidas, como os limites de velocidade, a necessidade de observar sinais específicos (como os de
parada obrigatória ou faixas exclusivas), além de outras regulamentações. Cada tipo de via tem regras
próprias para garantir a segurança no trânsito e o fluxo adequado de veículos.",Só para escolher música.,Só para pagar pedágio.,Só para decorar nomes de ruas.,/Users/lucianodiisouza/Documents/projects/autocurso-2000/Banco Nacional de Questões.pdf
p1-m3-q84,1,3,Na Direção da Segurança,84,facil,Por que é perigoso estacionar muito próximo à esquina?,,Porque dificulta a visão de quem sai da via transversal.,A falta de visibilidade aumenta o risco de colisões.,Porque atrapalha apenas pedestres.,Porque é mais difícil sair da vaga.,Porque gasta mais combustível.,/Users/lucianodiisouza/Documents/projects/autocurso-2000/Banco Nacional de Questões.pdf
p1-m3-q85,1,3,Na Direção da Segurança,85,facil,Por que o motociclista deve evitar andar ao lado de caminhões e ônibus?,,"Porque esses veículos têm pontos cegos, onde o condutor não vê a moto.",Ficar fora do campo de visão dos motoristas é perigoso.,Porque é mais devagar.,Porque gasta mais combustível.,Porque o barulho é alto.,/Users/lucianodiisouza/Documents/projects/autocurso-2000/Banco Nacional de Questões.pdf
p1-m3-q86,1,3,Na Direção da Segurança,86,facil,Qual a função da via arterial?,,"Conecta regiões, possui semáforos e cruzamentos, tem velocidade máxima de 60 km/h",Função definida no anexo do CTB.,Nenhum cruzamento e acesso proibido.,Aquela utilizada apenas por pedestres.,É a via de terra sem sinalização.,/Users/lucianodiisouza/Documents/projects/autocurso-2000/Banco Nacional de Questões.pdf
p1-m3-q87,1,3,Na Direção da Segurança,87,intermediario,Qual a validade da Permissão Para Dirigir ?,,"1 ano, depois será expedida a CNH ou ACC, se o condutor preencher os requisitos.","Art. 148, § 2º do CTB.","6 meses, desde que o condutor não tenha cometida uma infração leve.",5 anos para qualquer pessoa.,Só até passar na prova de direção.,/Users/lucianodiisouza/Documents/projects/autocurso-2000/Banco Nacional de Questões.pdf
p1-m3-q88,1,3,Na Direção da Segurança,88,facil,"Qual comportamento é esperado perto de escolas nos horários de entrada e saída dos
alunos?",,"Dirigir devagar, sem ultrapassar, e prestar atenção na travessia dos alunos.",O condutor deve observar as regras específicas para locais determinados.,Buzinar para abrir caminho.,Parar em fila dupla pelo tempo necessário.,Estacionar sobre a faixa de pedestres.,/Users/lucianodiisouza/Documents/projects/autocurso-2000/Banco Nacional de Questões.pdf
p1-m3-q89,1,3,Na Direção da Segurança,89,facil,Qual deve ser a atitude do condutor ao ver crianças perto de uma faixa de pedestres?,,Reduzir imediatamente e preparar-se para parar.,O condutor deve estar sempre atento aos arredores e garantir a segurnaça da via.,Seguir normalmente porque elas ainda não estão na faixa.,Buzinar para acelerar a travessia.,Acelerar antes que atravessem.,/Users/lucianodiisouza/Documents/projects/autocurso-2000/Banco Nacional de Questões.pdf
p1-m3-q90,1,3,Na Direção da Segurança,90,facil,Qual atitude deve ser tomada pelo condutor que vai virar à direita?,,Permanecer próximo à borda direita da pista.,O condutor deve se aproximar do lado direito com antecedência.,Ficar no centro da via.,Ficar na faixa da esquerda.,Ficar em qualquer faixa.,/Users/lucianodiisouza/Documents/projects/autocurso-2000/Banco Nacional de Questões.pdf
p1-m3-q91,1,3,Na Direção da Segurança,91,facil,Qual é a atitude correta ao ser ultrapassado?,,"Manter a velocidade ou reduzir, sem acelerar.",A cortesia e o respeito à segurança exigem manter ou reduzir a velocidade.,Aumentar a velocidade para impedir a ultrapassagem.,Fechar a passagem.,Mudar de faixa repentinamente.,/Users/lucianodiisouza/Documents/projects/autocurso-2000/Banco Nacional de Questões.pdf
p1-m3-q92,1,3,Na Direção da Segurança,92,dificil,Qual é a conduta incorreta do motociclista ao se aproximar de pedestres na via?,,Buzinar alto para avisar.,O uso agressivo da buzina causa susto e aumenta o risco de sinistros.,Reduzir e dar passagem.,Manter distância lateral.,Sinalizar qualquer manobra.,/Users/lucianodiisouza/Documents/projects/autocurso-2000/Banco Nacional de Questões.pdf
p1-m3-q93,1,3,Na Direção da Segurança,93,dificil,Qual é a diferença entre parada e estacionamento?,,"A parada é rápida para embarque ou desembarque, o estacionamento é por tempo maior.","A parada é momentânea, o estacionamento é mais demorado. Glossário do CTB",A parada é quando se apaga o motor.,O estacionamento é feito só em garagens.,Não há diferença.,/Users/lucianodiisouza/Documents/projects/autocurso-2000/Banco Nacional de Questões.pdf
p1-m3-q94,1,3,Na Direção da Segurança,94,intermediario,"Quando há chuva forte, o condutor deve:",,Aumentar a distância do veículo que trafega à sua frente e reduzir a velocidade.,A distância e o controle do veículo são fundamentais em condições adversas.,Manter a velocidade normal.,Ultrapassar rápido para não ficar atrás.,Parar no meio da via.,/Users/lucianodiisouza/Documents/projects/autocurso-2000/Banco Nacional de Questões.pdf
p1-m3-q95,1,3,Na Direção da Segurança,95,intermediario,"Quando há ciclovia ou ciclofaixa, o motociclista deve:",,"Respeitar o espaço, sem trafegar nem estacionar sobre ela.","Transitar com o veículo em calçadas, passeios, passarelas, ciclovias, ciclofaixas, ilhas, refúgios,
ajardinamentos, canteiros centrais e divisores de pista de rolamento, acostamentos, marcas de canalização,
gramados e jardins públicos. Art. 193 do CTB",Passar devagar pela ciclofaixa.,Usar para desviar do trânsito.,Parar para esperar o sinal.,/Users/lucianodiisouza/Documents/projects/autocurso-2000/Banco Nacional de Questões.pdf
p1-m3-q96,1,3,Na Direção da Segurança,96,intermediario,"Quando há faixa da direita exclusiva para ônibus, o ciclomotor deve circular:",,"Na faixa ao lado, adjacente à exclusiva.",O ciclomotor não pode usar a faixa exclusiva.,Na faixa do ônibus.,No corredor entre faixas.,Na calçada.,/Users/lucianodiisouza/Documents/projects/autocurso-2000/Banco Nacional de Questões.pdf
p1-m3-q97,1,3,Na Direção da Segurança,97,facil,Quando o condutor deve usar a seta?,,"Sempre que for mudar de faixa, de direção ou entrar/sair de uma via.",A seta é um instrumento essencial de comunicação.,Apenas em avenidas.,Só quando houver pedestres.,Apenas durante o dia.,/Users/lucianodiisouza/Documents/projects/autocurso-2000/Banco Nacional de Questões.pdf
p1-m3-q98,1,3,Na Direção da Segurança,98,dificil,"Quando termina a validade da Permissão para Dirigir, o que acontece?",,"Se tudo estiver correto, é emitida a CNH ou a ACC, conforme o caso","Essa regra está prevista no art. 148 do CTB e tem como objetivo avaliar o comportamento do
novo condutor, garantindo que apenas quem demonstrou responsabilidade no trânsito receba a CNH definitiva.",O condutor deve repetir todo o processo de habilitação.,A permissão perde a validade e o condutor fica impedido de dirigir por um ano.,A Permissão vira documento de identidade do carro.,/Users/lucianodiisouza/Documents/projects/autocurso-2000/Banco Nacional de Questões.pdf
p1-m3-q99,1,3,Na Direção da Segurança,99,intermediario,"Quando um ônibus está parado para embarque ou desembarque, o que o
condutor deve fazer ao passar ao lado?",,"Reduzir a velocidade, ficar atento e parar, se necessário, para proteger pedestres.",Prevenção de atropelamentos.,Acelerar para sair logo.,Buzinar para o pedestre correr.,Passar colado ao ônibus.,/Users/lucianodiisouza/Documents/projects/autocurso-2000/Banco Nacional de Questões.pdf
p1-m3-q100,1,3,Na Direção da Segurança,100,facil,"Quando um pedestre inicia a travessia na faixa de pedestres, o condutor deve:",,Parar o veículo e aguardar o pedestre concluir a travessia.,"Os pedestres que estiverem atravessando a via sobre as faixas delimitadas para esse fim terão
prioridade de passagem, exceto nos locais com sinalização semafórica, onde deverão ser respeitadas as
disposições do CTB. Art. 70 do CTB",Acelerar para passar antes.,Buzinar e seguir.,Ignorar se estiver com pressa.,/Users/lucianodiisouza/Documents/projects/autocurso-2000/Banco Nacional de Questões.pdf
p1-m3-q101,1,3,Na Direção da Segurança,101,facil,Quem deve usar as faixas da direita em vias com várias faixas no mesmo sentido?,,Veículos mais lentos e de maior porte.,Forma de respeitar o fluxo e evitar conflitos.,Motocicletas sempre.,Quem estiver com pressa.,Só ônibus.,/Users/lucianodiisouza/Documents/projects/autocurso-2000/Banco Nacional de Questões.pdf
p1-m3-q102,1,3,Na Direção da Segurança,102,facil,Quem tem a preferência de passagem em uma rotatória?,,Quem já está circulando dentro dela.,"A prioridade é de quem já circula dentro da rotatória. Art. 29, inciso III, alínea b.",Quem está se aproximando da entrada.,O veículo maior.,O mais rápido.,/Users/lucianodiisouza/Documents/projects/autocurso-2000/Banco Nacional de Questões.pdf
p1-m3-q103,1,3,Na Direção da Segurança,103,facil,Quem tem prioridade numa rotatória?,,Os veículos que já estão circulando na rotatória.,"A prioridade é de quem já circula dentro da rotatória. Art. 29, inciso III, alínea b.",Quem está chegando mais rápido.,Quem vem da esquerda.,Quem liga o pisca-alerta.,/Users/lucianodiisouza/Documents/projects/autocurso-2000/Banco Nacional de Questões.pdf
p1-m3-q104,1,3,Na Direção da Segurança,104,intermediario,"Ao sair de uma via de trânsito rápido para uma via arterial com semáforo e área
comercial, o que deve ser feito?",,"Reduzir, preparar-se para parar em semáforos, observar acessos laterais e travessias, e
adequar-se à velocidade da arterial (60 km/h).",Transição exige mudança de comportamento e velocidade.,Manter 80 km/h e passar no semáforo com a luz amarela sempre.,Ligar farol alto e buzinar para os outros veículos.,Seguir no acostamento para ir mais rápido.,/Users/lucianodiisouza/Documents/projects/autocurso-2000/Banco Nacional de Questões.pdf
p1-m3-q105,1,3,Na Direção da Segurança,105,facil,"O semáforo está verde, mas um pedestre atravessa correndo em frente a uma escola. O
que o condutor deve fazer?",,Parar o veículo e deixar o pedestre concluir a travessia.,O condutor deve observar as preferências da via.,Seguir porque o sinal está verde.,Acelerar para não perder o tempo.,Buzinar para ele correr mais rápido.,/Users/lucianodiisouza/Documents/projects/autocurso-2000/Banco Nacional de Questões.pdf
p1-m3-q106,1,3,Na Direção da Segurança,106,facil,"Se um condutor quiser mudar de direção, ele deve:",,Sinalizar com antecedência e reduzir a velocidade.,Antecipar a intenção evita acidentes.,Sinalizar só no momento da curva.,Acelerar e virar rápido.,Parar antes da curva.,/Users/lucianodiisouza/Documents/projects/autocurso-2000/Banco Nacional de Questões.pdf
p1-m3-q107,1,3,Na Direção da Segurança,107,intermediario,"Você comprou um carro usado e se mudou para outro município. Qual é o
procedimento correto a seguir?",,"Transferir a propriedade em até 30 dias e comunicar imediatamente a mudança de
município para expedição do novo Certificado de Registro do Veículo.","Combina dois deveres previsto no CTB, transferência de propriedade e mudança de residência.",Trocar os pneus e avisar todos os parentes.,Esperar completar um ano para avisar aos órgãos de trânsito.,Não precisa fazer nada se já pagou o IPVA do veículo.,/Users/lucianodiisouza/Documents/projects/autocurso-2000/Banco Nacional de Questões.pdf
p1-m3-q108,1,3,Na Direção da Segurança,108,intermediario,"A Permissão para Dirigir de João venceu após um ano, e ele teve uma infração
leve nesse período. O que acontece agora?",,"Por não ter comitido nenhuma infração de natureza grave ou gravíssima ou seja
reincidente em infração média, será emitida a CNH de João.","Permissão para dirigir é etapa anterior à CNH. Art. 148, § 3º do CTB.",Ele perde todo o processo de habilitação e volta ao início automaticamente.,Ele precisa refazer o curso teórico e as aulas práticas obrigatoriamente.,"A PPD vale para sempre, mesmo sem receber a CNH.",/Users/lucianodiisouza/Documents/projects/autocurso-2000/Banco Nacional de Questões.pdf
p1-m3-q109,1,3,Na Direção da Segurança,109,facil,Trafegar com motocicleta pelo acostamento é:,,Proibido e considerado infração gravíssima.,"Acostamento não é área de circulação, sendo infração, nos termos do art. 193 do CTB.",Permitido se for por pouco tempo.,Permitido em rodovia.,Permitido se não houver trânsito.,/Users/lucianodiisouza/Documents/projects/autocurso-2000/Banco Nacional de Questões.pdf
p1-m3-q110,1,3,Na Direção da Segurança,110,intermediario,Um condutor de ciclomotor deve ter:,,ACC ou habilitação de categoria A.,A categoria ACC é específica para ciclomotores.,Qualquer tipo de documento.,Somente RG e CPF.,"CNH na categoria C, D ou E.",/Users/lucianodiisouza/Documents/projects/autocurso-2000/Banco Nacional de Questões.pdf
p1-m3-q111,1,3,Na Direção da Segurança,111,facil,"Um motorista entra em uma rotatória sem reduzir a velocidade e causa um sinistro. Qual
regra ele descumpriu?",,Deve ceder a passagem a quem já está circulando dentro dela.,"A prioridade pertence a quem já estava na rotatória. Art. 29, inciso III, alínea b.",A de sinalizar a saída.,A de manter distância lateral.,A de usar o farol baixo.,/Users/lucianodiisouza/Documents/projects/autocurso-2000/Banco Nacional de Questões.pdf
p1-m3-q112,1,3,Na Direção da Segurança,112,facil,"Um veículo de emergência se aproxima com sirene e luzes ligados. O que o condutor
deve fazer?",,Dar passagem e facilitar a manobra com segurança.,"Veículos destinados a socorro de incêndio e salvamento possuem preferência no trânsito. Art.
29, VII, do CTB.",Continuar com a mesma velocidade e não dar passagem.,Acelerar para ir na frente.,Parar no meio da pista.,/Users/lucianodiisouza/Documents/projects/autocurso-2000/Banco Nacional de Questões.pdf
p1-m3-q113,1,3,Na Direção da Segurança,113,facil,"Um veículo de emergência se aproxima por trás com sirene e luzes ligados. Qual é a
atitude correta do condutor?",,Reduzir a velocidade e dar preferência de passagem.,"Veículos destinados a socorro de incêndio e salvamento possuem preferência no trânsito. Art.
29, VII, do CTB.",Seguir na mesma faixa e velocidade.,Acelerar para abrir caminho.,Buzinar para os outros veículos.,/Users/lucianodiisouza/Documents/projects/autocurso-2000/Banco Nacional de Questões.pdf
p1-m3-q114,1,3,Na Direção da Segurança,114,intermediario,Veículos sobre trilhos (bonde/VLT) em cruzamento têm:,,"Preferência de passagem, os condutores devem parar e aguardar.","Veículos que se deslocam por trilho têm preferência no trânsito, conforme art. 29, XII, do CTB.","Não possuem prioridade, quem chegar primeiro pode passar.",Menor prioridade por serem grandes.,Prioridade só se houver passageiros.,/Users/lucianodiisouza/Documents/projects/autocurso-2000/Banco Nacional de Questões.pdf
p1-m3-q115,1,3,Na Direção da Segurança,115,dificil,Via arterial e via coletora. Qual a principal diferença para o condutor?,,"Na arterial a velocidade é maior (60 km/h) e há grande fluxo, na coletora a velocidade é 40
km/h e ela distribui o trânsito para vias locais.","Função e velocidade distintas, conforme anexo do CTB.","As duas são iguais, com as mesmas regras de condução.",A via coletora é mais rápida que a arterial.,"Via arterial é a via rural, geralmente de terra.",/Users/lucianodiisouza/Documents/projects/autocurso-2000/Banco Nacional de Questões.pdf
p1-m3-q116,1,3,Na Direção da Segurança,116,dificil,"Você vai fazer retorno em avenida com canteiro central e retorno sinalizado com faixa de
desaceleração. Um motorista corta pela direita, fora da faixa, para entrar antes. Qual é a avaliação
correta?",,"Conduta errada e perigosa, o acesso deve ser apenas pela faixa de desaceleração.",Deve ser respeitado o desenho das vias para evitar colisões.,"Correta, pois chega mais rápido.","Correta, se der seta.","Correta, se olhar só o retrovisor.",/Users/lucianodiisouza/Documents/projects/autocurso-2000/Banco Nacional de Questões.pdf
p1-m3-q117,1,3,Na Direção da Segurança,117,intermediario,"A prática de costurar no trânsito com a motocicleta, realizando manobras em
zigue-zague entre os veículos, representa:",,"Um risco, pois urpreende os outros condutores, invade pontos cegos e aumenta muito o
risco de batida lateral.",O condutor deve obsrevar as preferências da via e seguir na velocidade permitida.,"Economia de tempo, por que vai mais rápido em relação aos outros veículos.",Habilidade do condutor.,"A preferência por estar mais rápido, obrigado os demais veículos a abrir espaço.",/Users/lucianodiisouza/Documents/projects/autocurso-2000/Banco Nacional de Questões.pdf
p1-m3-q118,1,3,Na Direção da Segurança,118,dificil,"Em quais situações o condutor é obrigado a realizar o Curso de Reciclagem, além
daquelas decorrentes de uma penalidade de suspensão ou cassação?",,"Quando ele comete infração cuja penalidade é a suspensão da CNH- quando se envolve
em sinistro grave- quando é condenado por crime de trânsito- quando é flagrado colocando o trânsito em risco.","Conforme estabelece o Art. 268 do CTB, o condutor será submetido a curso de reciclagem e a
exame de avaliação não apenas quando suspenso do direito de dirigir, mas também quando se envolver em
acidente grave (sinistro) para o qual tenha contribuído, ou quando for condenado judicialmente por delito de
trânsito.",Só quando fizer prova teórica.,Em multas leves.,Somente a cada 5 anos.,/Users/lucianodiisouza/Documents/projects/autocurso-2000/Banco Nacional de Questões.pdf
p1-m3-q119,1,3,Na Direção da Segurança,119,intermediario,"Antes de iniciar uma manobra de ultrapassagem, quais são as principais
verificações que o condutor deve realizar?",,"Se ninguém atrás iniciou ultrapassagem, se o da frente não vai ultrapassar outro, e se a
faixa oposta está livre a distância segura.","A ultrapassagem deve ser feita obedecendo à sinalização regulamentar (locais permitidos). Além
disso,mexige que o condutor que queira executar uma manobra deve certificar-se de que pode executá-la sem
perigo para os demais usuários da via. A Direção Defensiva exige que se verifique o tráfego à frente (espaço e
tempo) e o tráfego atrás (se outro veículo já iniciou a ultrapassagem) antes de sinalizar e iniciar a manobra.",Só se o carro é potente.,Se há vaga para parar após a manobra.,Se a música está alta.,/Users/lucianodiisouza/Documents/projects/autocurso-2000/Banco Nacional de Questões.pdf
p1-m3-q120,1,3,Na Direção da Segurança,120,dificil,"Ao entrar em uma rodovia, vindo de uma via de acesso ou via secundária, quem possui a
obrigatoriedade de ceder a passagem, conforme o CTB?",,Quem está entrando- deve aguardar a brecha segura.,"Conforme estabelece o Art. 29, inciso III, alínea ""a"" do CTB, nos locais não sinalizados, a
preferência de passagem é de quem estiver circulando pela rodovia. O condutor que ingressa na rodovia,
vindo da via de acesso ou vicinal, deve usar a faixa de aceleração (se houver) e aguardar o momento seguro
para se integrar ao fluxo, cedendo a preferência aos veículos que já estão circulando na via principal.",Quem já está na rodovia.,Caminhões sempre.,Ninguém- é disputa.,/Users/lucianodiisouza/Documents/projects/autocurso-2000/Banco Nacional de Questões.pdf
p1-m3-q121,1,3,Na Direção da Segurança,121,dificil,"Em uma via de dois sentidos de circulação, ao realizar a conversão à direita, qual deve
ser o posicionamento correto do veículo na pista?",,"Aproximar do bordo direito, sinalizar e reduzir a velocidade.","Conforme estabelece o Art. 38, inciso I do CTB, antes de realizar a manobra de conversão à
direita, o condutor deverá aproximar-se o máximo possível da margem direita da pista, garantindo que a
manobra seja feita com segurança e de forma a não obstruir a circulação dos demais veículos.",Ficar no meio e virar de repente.,Aproximar do eixo da pista.,Entrar sem sinalizar.,/Users/lucianodiisouza/Documents/projects/autocurso-2000/Banco Nacional de Questões.pdf
p1-m3-q122,1,3,Na Direção da Segurança,122,dificil,"Em uma via de dois sentidos de circulação, ao realizar a conversão à esquerda, onde o
veículo deve ser posicionado na pista?",,"Próximo ao eixo da pista, sinalizando e aguardando brecha segura.","Antes de virar à esquerda em uma via de sentido duplo, o condutor deverá aproximar-se o
máximo possível do eixo central da pista, respeitando a sinalização. Esse posicionamento é crucial para
realizar a conversão com segurança e em ângulo correto, sem invadir indevidamente a contramão.",Colado no meio-fio direito.,"Em qualquer lugar, se for rápido.",Em cima da faixa de pedestres.,/Users/lucianodiisouza/Documents/projects/autocurso-2000/Banco Nacional de Questões.pdf
p1-m3-q123,1,3,Na Direção da Segurança,123,intermediario,"Qual é a conduta obrigatória do motorista ao realizar a manobra de
ultrapassagem de um ciclista na via?",,"Reduzir a velocidade, manter distância lateral segura e retomar a faixa sem apertar o
ciclista.","Proteção ao vulnerável e respeito ao espaço. Conforme estabelece o Art. 201 do CTB, deixar de
guardar a distância lateral de um metro e cinquenta centímetros ao ultrapassar bicicleta é infração média,
sujeita a multa. Adicionalmente, o Art. 29, § 2º, reforça que os veículos de maior porte (o motorizado) são
responsáveis pela segurança dos menores (a bicicleta), o que exige a redução de velocidade e a máxima
cautela na manobra.",Passar colado para “ensinar”.,Buzinar atrás até ele sair.,Forçar para ele ir para a calçada.,/Users/lucianodiisouza/Documents/projects/autocurso-2000/Banco Nacional de Questões.pdf
p1-m3-q124,1,3,Na Direção da Segurança,124,dificil,"Em um bairro residencial, onde há crianças brincando e pessoas circulando de bicicleta,
qual é o tipo de via?",,Via local,"a via local é aquela destinada ao acesso a residências, comércios ou propriedades, onde o fluxo
de veículos é baixo e a prioridade é a segurança dos pedestres e ciclistas.",Via rápida,Via coletora,Rodovia,/Users/lucianodiisouza/Documents/projects/autocurso-2000/Banco Nacional de Questões.pdf
p1-m3-q125,1,3,Na Direção da Segurança,125,dificil,"Um motorista para o carro sobre o canteiro central para atender o celular. A conduta do
motorista está correta?",,Não. Pois é proibido parar sobre o canteiro central,"É proibido estacionar no passeio ou sobre faixa destinada a pedestre, sobre ciclovia ou
ciclofaixa, bem como nas ilhas, refúgios, ao lado ou sobre canteiros centrais, divisores de pista de rolamento,
marcas de canalização, gramados ou jardim público. Art. 181, inciso VIII do CTB","Sim, porque o canteiro é gramado.","Sim, desde que ele esteja com o pisca-alerta ligado.","Sim, mas somente se for rápido.",/Users/lucianodiisouza/Documents/projects/autocurso-2000/Banco Nacional de Questões.pdf
p1-m3-q126,1,3,Na Direção da Segurança,126,intermediario,"Em uma rodovia sinalizada com velocidade máxima de 100 km/h, começa a
chover forte. O que o condutor deve fazer?",,"Reduzir a velocidade, aumentar distância e manter farol baixo, mesmo que o limite da placa
seja maior.",O condutor deve manter velocidade compatível com as condições.,Manter 100 km/h porque a placa obriga.,Ligar farol alto e acelerar.,Parar no canteiro central.,/Users/lucianodiisouza/Documents/projects/autocurso-2000/Banco Nacional de Questões.pdf
p1-m3-q127,1,3,Na Direção da Segurança,127,intermediario,"Em uma rodovia, o pneu do veículo fura. Onde o condutor deve parar com
segurança?",,"No acostamento, sinalizar e resolver a emergência em segurança.",O condutor deve usar acostamentos para emergências.,No meio da faixa rápida.,Em cima do canteiro central.,Na faixa de pedestre.,/Users/lucianodiisouza/Documents/projects/autocurso-2000/Banco Nacional de Questões.pdf
p1-m3-q128,1,3,Na Direção da Segurança,128,intermediario,"Em uma via local, um carro utiliza o acostamento para realizar uma
ultrapassagem. Essa atitude é:",,Errada e perigosa. Acostamento não é faixa de ultrapassagem.,"Acotamento não são utilizados para circulação, apenas para emergências.","Correta, porque é mais rápido.","Correta, se der seta.","Correta, se buzinar.",/Users/lucianodiisouza/Documents/projects/autocurso-2000/Banco Nacional de Questões.pdf
p1-m3-q129,1,3,Na Direção da Segurança,129,dificil,"Ao sair de uma via coletora e acessar uma via local, o que muda para o condutor?",,"O limite de velocidade diminui e o motorista deve redobrar a atenção aos pedestres e
ciclistas","Ao passar de uma via coletora (que distribui o tráfego das vias arteriais para as vias locais) para
uma via local, o condutor entra em uma área de menor fluxo de veículos e maior presença de pedestres,
ciclistas e acessos a residências.","O limite de velocidade aumenta, pois há menos pedestres.",O trânsito se torna mais rápido e com menos regras de circulação.,Não há nenhuma mudança nas condições de tráfego.,/Users/lucianodiisouza/Documents/projects/autocurso-2000/Banco Nacional de Questões.pdf
p1-m3-q130,1,3,Na Direção da Segurança,130,intermediario,"Ao avistar faixas brancas, em formato de “zebra”, à sua frente, o que o condutor
deve fazer?",,Diminuir a velocidade e parar o veículo para permitir a travessia do pedestre.,Preferência do pedestre na faixa.,Acelerar para passar antes do pedestre.,Parar sobre a faixa para “marcar lugar”.,Buzinar para apressar os pedestres,/Users/lucianodiisouza/Documents/projects/autocurso-2000/Banco Nacional de Questões.pdf
p1-m3-q131,1,3,Na Direção da Segurança,131,dificil,"Quando um ciclista cruza a rua na faixa de pedestres empurrando a bicicleta, o que o
condutor deve fazer?",,Parar o veículo e permitir que o ciclista conclua a travessia com segurança.,"Quando o ciclista desmonta da bicicleta e a empurra, ele passa a ser considerado pedestre,
conforme o artigo 68, §1º do Código de Trânsito Brasileiro (CTB).",Buzinar para ele correr.,Acelerar para passar antes.,Passar “colado” para assustar.,/Users/lucianodiisouza/Documents/projects/autocurso-2000/Banco Nacional de Questões.pdf
p1-m3-q132,1,3,Na Direção da Segurança,132,intermediario,"Durante a ultrapassagem, o que o condutor deve fazer?",,"Sinalizar, manter distância lateral, e retornar à faixa de origem com segurança, sinalizando
de novo.",O condutor deve sinalizar as manobras e manter espaço para evitar colisões.,Apagar as luzes para não ser visto.,Passar com veículo bem próximo ao outro para ganhar tempo.,Retornar imediatamente sem olhar para os arredores.,/Users/lucianodiisouza/Documents/projects/autocurso-2000/Banco Nacional de Questões.pdf
p1-m3-q133,1,3,Na Direção da Segurança,133,intermediario,"Durante o período de um ano da Permissão para Dirigir, o que o novo condutor
pode fazer?",,"Pode dirigir o veículo da categoria para qual se habilitou, sem instrutor, cumprindo todas as
leis de trânsito.",Permissão para dirigir concede condição de condutor.,"Pode ensinar outras pessoas a dirigir, mesmo sem autorização do órgão de trânsito.",Pode dirigir sem documentos porque é novo no trânsito.,"Pode ignorar as infrações de trânsito, pois foi recém habilitado.",/Users/lucianodiisouza/Documents/projects/autocurso-2000/Banco Nacional de Questões.pdf
p1-m3-q134,1,3,Na Direção da Segurança,134,intermediario,É correto parar na contramão para desembarcar passageiro?,,"Não. Além de ser perigoso, é configurado como infração de trânsito.",Parada e estacionamento devem respeitar o sentido da via.,"Sim, se for rápido.","É permitido, desde que ligue o pisca-alerta.",É permitido após as 22h.,/Users/lucianodiisouza/Documents/projects/autocurso-2000/Banco Nacional de Questões.pdf
p1-m3-q135,1,3,Na Direção da Segurança,135,intermediario,"Em área urbana sem calçada, há pedestres no bordo da pista. O condutor deve:",,"Reduzir, manter distância lateral e passar com muito cuidado.",O condutor deve proteger os mais vulneráveis.,Acelerar para passar rápido.,Buzinar alto até o pedestre sair.,Forçar o pedestre a subir no meio-fio.,/Users/lucianodiisouza/Documents/projects/autocurso-2000/Banco Nacional de Questões.pdf
p1-m3-q136,1,3,Na Direção da Segurança,136,intermediario,"Em estrada rural, um grupo caminha no sentido contrário ao tráfego. O que o
motorista deve fazer?",,"Reduzir, manter distância lateral e seguir só quando houver espaço seguro.","Conforme estabelece o Art. 68, § 3º do CTB, nas vias rurais, quando não houver acostamento ou
quando não for possível utilizá-lo, a circulação de pedestres na pista de rolamento deve ser feita com
prioridade sobre os veículos, pelos bordos da pista, em fila única e em sentido contrário ao deslocamento dos
veículos. Dessa forma, o motorista deve reduzir a velocidade (Art. 220, XIII) e ter máxima cautela,
deslocando-se de forma segura para a faixa oposta (se livre) para ceder a passagem e manter a distância de
segurança.",Passar perto para “não sujar do lado esquerdo”.,Buzinar e manter a mesma velocidade.,Passar pelo acostamento em alta velocidade.,/Users/lucianodiisouza/Documents/projects/autocurso-2000/Banco Nacional de Questões.pdf
p1-m3-q137,1,3,Na Direção da Segurança,137,dificil,"Em uma via com faixa dupla onde uma motocicleta está lado a lado com um ônibus e a
pista afunila à frente, qual é a decisão mais segura que o motociclista deve tomar?",,"Reduzir e ficar atrás do ônibus, saindo do ponto cego e evitando ser comprimido no
estreitamento.","O condutor deve guardar distância de segurança lateral e frontal, levando em conta as condições
da via. A manobra lado a lado (ultrapassagem ou ""corredor"" inadequado) em um afunilamento cria um risco
iminente de colisão lateral, onde o veículo maior (ônibus) leva vantagem. A decisão segura e legal exige que o
motociclista cesse o movimento lado a lado e retome a distância de segurança, cedendo espaço ao veículo
maior.",Acelerar para “fechar” o ônibus.,"Ficar ao lado, entre a guia e o ônibus.",Subir no canteiro para escapar.,/Users/lucianodiisouza/Documents/projects/autocurso-2000/Banco Nacional de Questões.pdf
p1-m3-q138,1,3,Na Direção da Segurança,138,intermediario,"João chega a um cruzamento sem sinalização. À direita, há um carro parado
aguardando, e à esquerda, um veículo se aproxima. O que João deve fazer?",,"Aguardar o da direita passar- depois, se seguro, seguir.","Conforme estabelece o Art. 29, inciso III, alínea ""c"" do CTB, em um cruzamento não sinalizado
onde nenhuma das regras de preferência (rodovia ou rotatória) se aplique, a preferência de passagem é do
veículo que vier pela direita do condutor. Portanto, João deve parar e ceder a preferência ao carro que está à
sua direita, independentemente do carro à esquerda.",Passar na frente do da direita porque ele está parado.,Forçar a passagem porque o da esquerda está longe.,Ir devagar no meio para ver quem cede.,/Users/lucianodiisouza/Documents/projects/autocurso-2000/Banco Nacional de Questões.pdf
p1-m3-q139,1,3,Na Direção da Segurança,139,dificil,"Cenário: Maria trafega na faixa da esquerda acompanhando o fluxo. Outro veículo se
aproxima por trás, sinaliza e pede passagem. De acordo com o CTB, qual é a conduta obrigatória de
Maria nesse momento?",,"Sinaliza e vai para a direita quando houver espaço seguro, sem acelerar.","Conforme estabelece o Art. 198 do CTB, deixar de dar passagem pela faixa da esquerda,
quando solicitado, é infração média, sujeita a multa. A regra de circulação fundamental, prevista no Art. 29,
inciso IV, é que ""quando uma pista de rolamento comportar várias faixas de circulação no mesmo sentido, as
da direita são destinadas ao deslocamento dos veículos mais lentos e de maior porte, e as da esquerda,
destinadas à ultrapassagem e aos veículos de maior velocidade."" Assim, Maria tem a obrigação legal de
desocupar a faixa da esquerda para o veículo que demonstra maior velocidade.",Acelera para “segurar a faixa”.,Freia de propósito.,Joga o carro para o acostamento.,/Users/lucianodiisouza/Documents/projects/autocurso-2000/Banco Nacional de Questões.pdf
p1-m3-q140,1,3,Na Direção da Segurança,140,intermediario,Maria quer apresentar documento de habilitação digital ao agente. Ela pode?,,"Sim. O documento de habilitação pode ser apresentado no celular, desde que válido e
legível.",Versão digital tem validade legal.,Não. Só papel plastificado é aceito.,Somente foto do documento vale.,Só vale se mandar por mensagem depois.,/Users/lucianodiisouza/Documents/projects/autocurso-2000/Banco Nacional de Questões.pdf
p1-m3-q141,1,3,Na Direção da Segurança,141,facil,Na pista de rolamento você deve:,,Circular respeitando faixas e regras de ultrapassagem.,Faixa destinada ao movimento dos veículos.,Parar para conversar no meio.,Usar para vender produtos.,Brincar com crianças.,/Users/lucianodiisouza/Documents/projects/autocurso-2000/Banco Nacional de Questões.pdf
p1-m3-q142,1,3,Na Direção da Segurança,142,intermediario,"Em um cruzamento com semáforo que possui uma área de espera avançada
(bolsão) destinada a motociclistas, qual é a conduta correta do motociclista ao parar no sinal
vermelho?",,"Avançar até o bolsão quando o sinal estiver vermelho, parar dentro dele e sair na abertura
do verde com atenção aos pedestres.","Conforme estabelecido pela engenharia de tráfego e pela regulamentação do CONTRAN (que
trata da sinalização horizontal), o bolsão é uma área de segurança e ordenamento criada para que as
motocicletas se posicionem à frente dos carros enquanto aguardam o sinal verde. O objetivo é aumentar a
visibilidade dos motociclistas e evitar que fiquem espremidos entre veículos maiores, minimizando riscos de
acidentes e promovendo a fluidez no início do movimento. Utilizar o bolsão corretamente é uma obrigação de
circulação para a categoria, visando sua própria segurança.",Parar sobre a faixa de pedestres.,Ultrapassar pela calçada para chegar primeiro.,"Ficar entre os carros, com o guidão sobre os retrovisores.",/Users/lucianodiisouza/Documents/projects/autocurso-2000/Banco Nacional de Questões.pdf
p1-m3-q143,1,3,Na Direção da Segurança,143,intermediario,"No sinal vermelho, onde a motocicleta deve parar?",,"Antes da linha de retenção, sem ocupar a faixa de pedestres.",Linha de retenção protege a travessia.,Em cima da faixa de pedestres.,"Já dentro da travessia, para sair mais rápido.",No meio da interseção.,/Users/lucianodiisouza/Documents/projects/autocurso-2000/Banco Nacional de Questões.pdf
p1-m3-q144,1,3,Na Direção da Segurança,144,dificil,O ciclomotor pode entrar em via de trânsito rápido ou rodovia?,,"Não. Deve evitar essas vias- use vias locais/coletoras- bordo direito quando não houver
espaço próprio.","Conforme estabelece o Art. 57 do CTB, os ciclomotores devem ser conduzidos pela direita da
pista de rolamento, de preferência no centro da faixa mais à direita ou no acostamento, quando houver.
Contudo, o Parágrafo único do mesmo artigo proíbe expressamente a circulação de ciclomotores nas vias de
trânsito rápido e nas rodovias, salvo onde houver acostamento e se houver autorização da autoridade de
trânsito.","Pode, se tiver ACC.","Pode, se estiver de colete refletivo.","Pode, se ficar no corredor.",/Users/lucianodiisouza/Documents/projects/autocurso-2000/Banco Nacional de Questões.pdf
p1-m3-q145,1,3,Na Direção da Segurança,145,intermediario,O motociclista pode ultrapassar pelo acostamento?,,Não. É infração gravíssima e muito perigoso.,"Conforme estabelece o Art. 202, inciso I do CTB, ultrapassar veículos pelo acostamento em
estradas ou rodovias é considerado infração gravíssima, sujeita a multa e suspensão do direito de dirigir. O
acostamento é destinado apenas à parada ou estacionamento de veículos em emergência (Art. 46) e deve ser
utilizado pelos veículos que precisam ceder passagem ou pelo trânsito de pedestres e bicicletas, mas nunca
para manobras de ultrapassagem.","Sim, se estiver com pressa.","Sim, se não houver fiscalização.","Sim, desde que use buzina.",/Users/lucianodiisouza/Documents/projects/autocurso-2000/Banco Nacional de Questões.pdf
p1-m3-q146,1,3,Na Direção da Segurança,146,intermediario,O motociclista vai virar à direita cruzando uma ciclofaixa. Qual passo seguro?,,"Sinalizar, reduzir e só cruzar a ciclofaixa quando não vier ciclista.","Conforme estabelece o Art. 38, Parágrafo único do CTB, o condutor que for realizar manobra de
mudança de direção (conversão à direita) deve ceder passagem aos pedestres e ciclistas que estejam
atravessando a via. Além disso, o Art. 214, inciso I, define como infração gravíssima não dar preferência ao
ciclista que estiver em sua faixa (ciclofaixa). Portanto, o motociclista deve obrigatoriamente parar ou reduzir,
sinalizar a intenção e só realizar a conversão após ter certeza de que a ciclofaixa está livre.",Acelerar para “ganhar a frente”.,Cortar a ciclofaixa sem olhar.,Usar a ciclofaixa como faixa de espera.,/Users/lucianodiisouza/Documents/projects/autocurso-2000/Banco Nacional de Questões.pdf
p1-m3-q147,1,3,Na Direção da Segurança,147,intermediario,"O motorista precisa invadir parcialmente a outra faixa para manter 1,5 m do
ciclista. O que fazer?",,"Só ultrapassar quando houver espaço e visibilidade, sinalizando- se não houver, aguarde.","Conforme estabelece o Art. 201 do CTB, a obrigatoriedade de manter a distância lateral mínima
de 1,50 m ao ultrapassar ciclista deve ser cumprida. Se a faixa de trânsito não permitir essa margem de
segurança dentro dos seus limites, o condutor deve utilizar parte da faixa adjacente ou até mesmo mudar
integralmente de faixa (Art. 29, IX) após sinalizar e verificar que a manobra é segura e não prejudica o fluxo
dos demais veículos (Art. 34 e Art. 35 do CTB).",Passar espremendo o ciclista.,Buzinar e seguir colado.,Subir no canteiro.,/Users/lucianodiisouza/Documents/projects/autocurso-2000/Banco Nacional de Questões.pdf
p1-m3-q148,1,3,Na Direção da Segurança,148,intermediario,O que é ACC?,,Autorização para Conduzir Ciclomotor- é um tipo de documento de habilitação.,"Conforme estabelece o Art. 140, § 2º do CTB, os condutores de ciclomotores (veículos de duas
ou três rodas com até cinquenta centímetros cúbicos) devem possuir Autorização para Conduzir Ciclomotor
(ACC) ou a Carteira Nacional de Habilitação na Categoria A. A ACC é um documento específico para esta
categoria de veículo, sendo um dos requisitos para a condução legal.",Autorização para Conduzir Caminhão.,Autorização para Comprar Carro.,Autorização para Correr em pista.,/Users/lucianodiisouza/Documents/projects/autocurso-2000/Banco Nacional de Questões.pdf
p1-m3-q149,1,3,Na Direção da Segurança,149,intermediario,O que é uma estrada?,,Via rural sem pavimentação (terra/cascalho)- usada para áreas rurais- máxima 60 km/h.,"Estrada é classificada como uma via rural não pavimentada. Sua distinção principal em relação à
Rodovia (que é a via rural pavimentada) reside justamente na ausência de revestimento asfáltico ou de
concreto.",É avenida com semáforo.,Rodovia com pedágio.,Rua de bairro.,/Users/lucianodiisouza/Documents/projects/autocurso-2000/Banco Nacional de Questões.pdf
p1-m3-q150,1,3,Na Direção da Segurança,150,intermediario,O que é uma rodovia?,,"Via rural pavimentada (asfalto/concreto) que liga cidades e estados- velocidades costumam
ser de 80 a 110 km/h, conforme sinalização.","Rodovia é classificada como uma via rural pavimentada. Sua distinção fundamental em relação à
Estrada é a presença de pavimentação, o que implica, geralmente, maiores limites de velocidade e uma
engenharia que permite maior fluxo e segurança.",Rua de bairro sem calçada.,Via rural de terra.,Calçada larga para pedestres.,/Users/lucianodiisouza/Documents/projects/autocurso-2000/Banco Nacional de Questões.pdf
p1-m3-q151,1,3,Na Direção da Segurança,151,intermediario,"Marcos está trafegando por uma área escolar quando vê algumas crianças
próximas à calçada. O que Marcos deve fazer?",,Reduzir ainda mais a velocidade e ficar pronto para parar caso seja necessário.,"Em áreas escolares, há maior circulação de crianças e pedestres, o que exige prudência e
velocidade reduzida por parte do condutor.",Buzinar para as crianças saírem.,Passar colado para não perder tempo.,Acelerar antes que atravessem.,/Users/lucianodiisouza/Documents/projects/autocurso-2000/Banco Nacional de Questões.pdf
p1-m3-q152,1,3,Na Direção da Segurança,152,intermediario,"Durante uma parada rápida, Marcos estacionou sua motocicleta sobre a calçada.
Essa atitude está correta?",,"Não, pois motocicletas não podem parar nem estacionar sobre calçadas.","Segundo o CTB, é proibido transitar, parar ou estacionar motocicletas sobre calçadas, ciclovias
ou áreas de pedestres, mesmo que por pouco tempo. Essa conduta prejudica a segurança e a livre circulação
de pedestres, configurando infração gravíssima.","Sim, se ele não atrapalhar a passagem de pedestres.","Sim, desde que o motor esteja desligado.","Sim, mas apenas se for por menos de cinco minutos.",/Users/lucianodiisouza/Documents/projects/autocurso-2000/Banco Nacional de Questões.pdf
p1-m3-q153,1,3,Na Direção da Segurança,153,dificil,O que um condutor deve fazer quando outro veículo tenta ultrapassá-lo na rodovia?,,"Mudar para a faixa da direita, se possível, para facilitar a ultrapassagem.","A conduta correta ao ser ultrapassado é mudar para a faixa da direita, se possível, respeitando a
legislação e permitindo que o outro veículo ultrapasse de forma segura. A ultrapassagem deve ser facilitada,
não bloqueada.",Acelerar para evitar a ultrapassagem.,Manter a velocidade constante e não mudar de faixa.,Reduzir a velocidade e não mudar de faixa.,/Users/lucianodiisouza/Documents/projects/autocurso-2000/Banco Nacional de Questões.pdf
p1-m3-q154,1,3,Na Direção da Segurança,154,intermediario,"Pedro vai entrar na garagem atravessando a calçada, mas uma criança se
aproxima correndo. Qual é a decisão mais segura a ser adotada por Pedro?",,"Parar antes da calçada, esperar a passagem da criança e entrar só quando estiver livre.",Prioridade do pedestre e prevenção.,Acelerar para entrar logo.,Buzinar e avançar.,Entrar pela contramão.,/Users/lucianodiisouza/Documents/projects/autocurso-2000/Banco Nacional de Questões.pdf
p1-m3-q155,1,3,Na Direção da Segurança,155,dificil,"Perto da saída da rotatória, há faixa de pedestres com pessoas iniciando a travessia. O
que fazer?",,"Sinalizar a saída e dar preferência aos pedestres, saindo só quando a travessia estiver
segura.",Prioridade ao pedestre em área crítica.,Buzinar e sair rápido.,Parar dentro da rotatória.,Cortar pela calçada para evitar parar.,/Users/lucianodiisouza/Documents/projects/autocurso-2000/Banco Nacional de Questões.pdf
p1-m3-q156,1,3,Na Direção da Segurança,156,intermediario,"Cecília dirige seu veículo em uma via e deseja realizar uma ultrapassagem. Como
essa ação deve ser realizada?",,"A ultrapassagem deve ser feita pela esquerda, quando possível, respeitando as condições
da via.",Regra geral com exceção prevista.,Sempre pela direita.,"Qualquer lado, se couber.",Pelo acostamento.,/Users/lucianodiisouza/Documents/projects/autocurso-2000/Banco Nacional de Questões.pdf
p1-m3-q157,1,3,Na Direção da Segurança,157,intermediario,Qual documento o condutor deve portar quando está dirigindo?,,"O documento de habilitação correspondente (CNH, PPD ou ACC), físico ou digital.",Porte obrigatório do documento de habilitação. Art. 159 § 1 do CTB,Apenas a conta de luz.,Somente o Certificado de Registro e Licenciamento de Veículo,Uma foto do carro no celular.,/Users/lucianodiisouza/Documents/projects/autocurso-2000/Banco Nacional de Questões.pdf
p1-m3-q158,1,3,Na Direção da Segurança,158,dificil,Qual é a distância segura entre veículos?,,"A que permite parar o veículo com segurança. Varia de acordo com a velocidade, a pista, o
clima e o tipo de veículo.","O condutor deverá guardar distância de segurança lateral e frontal entre o seu e os demais
veículos, bem como em relação ao bordo da pista, considerando-se, no momento, a velocidade e as condições
do local, da circulação, do veículo e as condições climáticas. Art 29, inciso II do CTB",Sempre um metro.,Sempre três metros,Não importa em baixa velocidade.,/Users/lucianodiisouza/Documents/projects/autocurso-2000/Banco Nacional de Questões.pdf
p1-m3-q159,1,3,Na Direção da Segurança,159,intermediario,Qual é a função dos exames médico e psicológico?,,Verificar as condições físicas e mentais para dirigir com segurança.,"Durante o processo de habilitação, deve ser verificada a aptidão do condutor.",Descobrir a profissão da pessoa.,Medir se a pessoa gosta de carro.,Ver se a pessoa tem carro próprio.,/Users/lucianodiisouza/Documents/projects/autocurso-2000/Banco Nacional de Questões.pdf
p1-m3-q160,1,3,Na Direção da Segurança,160,intermediario,Qual o comportamento seguro ao se avistar animais na pista?,,"Reduzir a velocidade, sinalizar, manter distância e só prosseguir quando for seguro para
todos.",O condutor deve manter a segurança no trânsito.,Buzinar para o animal e avançar.,Acelerar para assustar.,Jogar farol alto e seguir.,/Users/lucianodiisouza/Documents/projects/autocurso-2000/Banco Nacional de Questões.pdf
p1-m3-q161,1,3,Na Direção da Segurança,161,intermediario,Qual o prazo de validade da CNH ou da ACC:,,Do prazo do exame de aptidão física e mental que estiver vigente.,"O exame define a validade da habilitação, conforme art. 159, § 10 do CTB.",Varia de acordo com o interesse do condutor.,Depende do preço do veículo.,Depende do Estado em que o condutor foi habilitado.,/Users/lucianodiisouza/Documents/projects/autocurso-2000/Banco Nacional de Questões.pdf
p1-m3-q162,1,3,Na Direção da Segurança,162,intermediario,Quando é permitido ultrapassar pela direita?,,"Somente se o veículo da frente sinalizou que vai virar à esquerda, e houver espaço seguro.",Art. 199 do CTB.,Sempre que houver espaço.,"Nunca, em hipótese alguma.",Sempre que for motocicleta.,/Users/lucianodiisouza/Documents/projects/autocurso-2000/Banco Nacional de Questões.pdf
p1-m3-q163,1,3,Na Direção da Segurança,163,intermediario,"O semáforo mudou para luz verde e ainda há pedestres finalizando a travessia. O
que deve ser feito?",,Aguardar a finalização da travessia e depois partir com calma.,O condutor deve observar as preferências da via.,Acelerar e forçar passagem.,Buzinar até saírem correndo.,Contornar pela calçada.,/Users/lucianodiisouza/Documents/projects/autocurso-2000/Banco Nacional de Questões.pdf
p1-m3-q164,1,3,Na Direção da Segurança,164,intermediario,"Sobre embarque e desembarque em frente à escola, qual é o comportamento
correto?",,Usar os locais indicados pela sinalização e nunca parar em fila dupla.,Paradas irregulares aumentam o risco de atropelamento e congestionamento.,Parar em qualquer lugar porque é rápido.,Estacionar sobre a faixa porque é mais perto.,Bloquear a garagem do vizinho por no máximo 5 minutos.,/Users/lucianodiisouza/Documents/projects/autocurso-2000/Banco Nacional de Questões.pdf
p1-m3-q165,1,3,Na Direção da Segurança,165,intermediario,"Um pedestre atravessa fora da faixa em uma via com pouco fluxo. Qual atitude
do condutor?",,Reduzir a velocidade e manter o controle do veículo.,O condutor deve observar as preferências da via.,Acelerar para dar um susto no pedestre.,Continuar conduzindo normalmente.,Buzinar sem diminuir a velocidade.,/Users/lucianodiisouza/Documents/projects/autocurso-2000/Banco Nacional de Questões.pdf
p1-m3-q166,1,3,Na Direção da Segurança,166,dificil,"Em uma via estreita com ciclovia ao lado e grande movimentação de pedestres, o que o
condutor deve fazer ao virar à direita?",,"Sinalizar com antecedência, reduzir, checar ciclovia e pedestres, e só virar quando a
passagem estiver livre e segura.",O condutor deve observar as preferências da via.,Virar rápido para não perder a vez.,Buzinar e entrar sobre a ciclovia.,Virar pela calçada com luz alta.,/Users/lucianodiisouza/Documents/projects/autocurso-2000/Banco Nacional de Questões.pdf
p1-m3-q167,1,3,Na Direção da Segurança,167,dificil,"Você chega a um cruzamento sem sinalização. À direita vem um carro em baixa
velocidade e, à esquerda, outro se aproxima rapidamente. O que deve fazer?",,"Dar a preferência ao da direita, mesmo que ele esteja mais devagar.",Regra da direita não depende da velocidade.,Dar preferência a quem é mais rápido.,Forçar a passagem porque você freou.,Parar no meio para ver quem vem.,/Users/lucianodiisouza/Documents/projects/autocurso-2000/Banco Nacional de Questões.pdf
p1-m3-q168,1,3,Na Direção da Segurança,168,intermediario,Você perdeu a saída da rodovia. O que fazer?,,"Seguir até o próximo acesso, sem frear ou cortar pela direita de forma perigosa.",O condutor deve seguir as regras das vias e garantir a segurança de todos.,Parar no acostamento e dar ré.,Cruzar a pista de última hora.,Cortar por cima do canteiro.,/Users/lucianodiisouza/Documents/projects/autocurso-2000/Banco Nacional de Questões.pdf
p1-m3-q169,1,3,Na Direção da Segurança,169,dificil,"Com pista escorregadia por óleo, a decisão segura é:",,Reduzir a velocidade e evitar manobras bruscas.,Aderência baixa por conta do óleo exige condução mais lenta e suave.,Acelerar para passar rápido.,Frear no último momento.,Virar o volante de uma vez.,/Users/lucianodiisouza/Documents/projects/autocurso-2000/Banco Nacional de Questões.pdf
p1-m3-q170,1,3,Na Direção da Segurança,170,dificil,"Durante uma chuva intensa em uma rodovia de pista simples, o motorista aciona o farol
alto para enxergar melhor. Essa atitude:",,"Está incorreta, pois o farol alto ofusca a visão dos outros condutores e aumenta o risco de
sinistro.","Sob chuva intensa, o correto é o uso do farol baixo. O ofuscamento causa perda de visibilidade e
risco de colisão.","Está correta, desde que a pista tenha baixa iluminação.","É aceitável, se não houver veículos no sentido contrário.","É obrigatória, conforme o CTB, para compensar a falta de visibilidade.",/Users/lucianodiisouza/Documents/projects/autocurso-2000/Banco Nacional de Questões.pdf
p1-m3-q171,1,3,Na Direção da Segurança,171,dificil,"Durante uma ultrapassagem em pista simples, o condutor sinaliza e inicia a manobra
mesmo sem visibilidade completa do trecho à frente. Essa conduta:",,"É perigosa, pois viola o dever de assegurar condições de segurança antes de ultrapassar.","A ultrapassagem sem visibilidade é uma das causas mais graves de colisões frontais. O CTB
exige total certeza da segurança da manobra, sob pena de infração gravíssima.",É aceitável se o outro veículo mantiver velocidade constante.,É permitida quando não há sinalização proibitiva.,"É uma infração leve, sem risco relevante.",/Users/lucianodiisouza/Documents/projects/autocurso-2000/Banco Nacional de Questões.pdf
p1-m3-q172,1,3,Na Direção da Segurança,172,dificil,"Em noite chuvosa com tráfego denso, qual conduta combina múltiplas boas práticas
para o motociclista?",,"Posição visível, setas claras, frenagem progressiva e evitar corredor.",Somar técnicas fortalece a defesa contra riscos de sinistro.,"Corredor rápido, farol apagado, frenagem tardia.",Movimento alternado (zig-zag) com buzina longa.,Posição colada ao meio-fio.,/Users/lucianodiisouza/Documents/projects/autocurso-2000/Banco Nacional de Questões.pdf
p1-m3-q173,1,3,Na Direção da Segurança,173,dificil,O que diferencia a direção segura de uma simples reação a perigos?,,A capacidade de prever e agir antes do risco.,"A direção segura é antecipatória, não apenas instintiva.",A sorte de escapar dos sinistros.,O uso de equipamentos caros.,Frear sem observar os arredores.,/Users/lucianodiisouza/Documents/projects/autocurso-2000/Banco Nacional de Questões.pdf
p1-m3-q174,1,3,Na Direção da Segurança,174,dificil,O que melhor define a integração entre técnica e atitude na condução segura?,,"Aplicar habilidades com responsabilidade, calma e empatia.","A direção segura combina técnica, ética e controle emocional — essência do Sistema Seguro.",Acelerar para demonstrar domínio do veículo.,Confiar apenas nos reflexos automáticos.,Seguir o fluxo mesmo em situações de risco.,/Users/lucianodiisouza/Documents/projects/autocurso-2000/Banco Nacional de Questões.pdf
p1-m3-q175,1,3,Na Direção da Segurança,175,dificil,"Qual posicionamento do encosto de cabeça é adequado para reduzir “golpe de
chicote”?",,Topo alinhado ao topo da cabeça e próximo à nuca.,Limita hiperextensão cervical na colisão traseira.,Abaixo da nuca e distante.,No meio das costas.,Sempre retirado.,/Users/lucianodiisouza/Documents/projects/autocurso-2000/Banco Nacional de Questões.pdf
p1-m3-q176,1,3,Na Direção da Segurança,176,dificil,Qual sequência reduz ruído e riscos na condução da motocicleta?,,"Condução suave, manter escapamento original, evitar buzina indevida.",Menos poluição sonora e mais segurança.,"Acelerações bruscas, descarga aberta, buzina longa.",Marcha lenta prolongada em fila.,Trocar silencioso por esportivo.,/Users/lucianodiisouza/Documents/projects/autocurso-2000/Banco Nacional de Questões.pdf
p1-m3-q177,1,3,Na Direção da Segurança,177,dificil,"Quando a manutenção preventiva é negligenciada, o risco aumenta principalmente por:",,Redução da capacidade de resposta do veículo.,O veículo deve estar em perfeitas condições para responder às ações do condutor.,Excesso de confiança do condutor.,Melhora do desempenho mecânico.,Menor consumo de combustível.,/Users/lucianodiisouza/Documents/projects/autocurso-2000/Banco Nacional de Questões.pdf
p1-m3-q178,1,3,Na Direção da Segurança,178,dificil,"Um motorista mantém o farol de neblina aceso em dia claro e ensolarado. Além de ser
inadequado, esse comportamento:",,"É infração prevista no CTB, pois o farol de neblina só pode ser usado em condições
climáticas adversas.","O uso indevido do farol de neblina é proibido pelo CTB, pois pode ofuscar outros condutores e
causar distrações visuais, contrariando o princípio da direção segura.",É aceitável para aumentar a visibilidade do veículo em áreas urbanas.,É obrigatório para veículos de passeio modernos.,É uma boa prática de direção preventiva.,/Users/lucianodiisouza/Documents/projects/autocurso-2000/Banco Nacional de Questões.pdf
p1-m3-q179,1,3,Na Direção da Segurança,179,facil,A buzina deve ser usada:,,Em toques breves para evitar sinistros.,"Uso é restrito a alertas, em breves toques. Art. 41 do CTB.",Para expressar raiva.,De forma prolongada sempre.,Para abrir caminho na cidade.,/Users/lucianodiisouza/Documents/projects/autocurso-2000/Banco Nacional de Questões.pdf
p1-m3-q180,1,3,Na Direção da Segurança,180,facil,A condução segura começa com:,,"Perceber, interpretar e agir corretamente.",O tripé percepção–interpretação–ação forma a base da direção segura.,Dirigir apenas em ruas conhecidas.,Evitar sair à noite.,Manter o carro limpo e vistoso.,/Users/lucianodiisouza/Documents/projects/autocurso-2000/Banco Nacional de Questões.pdf
p1-m3-q181,1,3,Na Direção da Segurança,181,facil,Altura correta do apoio de cabeça:,,Entre o topo da cabeça e a nuca.,Posicionamento adequado evita entorse cervical.,No meio das costas.,"Abaixo da nuca, distante.",Sempre retirado.,/Users/lucianodiisouza/Documents/projects/autocurso-2000/Banco Nacional de Questões.pdf
p1-m3-q182,1,3,Na Direção da Segurança,182,facil,"Antes de colocar o veículo em via pública, é determinado pelo CTB:",,Verificar equipamentos obrigatórios e combustível suficiente.,"Exigência legal de segurança básica, conforme art. 27 do CTB.",Acelerar para aquecer.,Desligar luzes.,Ignorar o manual do veículo.,/Users/lucianodiisouza/Documents/projects/autocurso-2000/Banco Nacional de Questões.pdf
p1-m3-q183,1,3,Na Direção da Segurança,183,facil,"Antes de uma curva, a sequência segura para o motociclista é:",,"Sinalizar, reduzir marcha e velocidade, acelerar levemente na entrada.",Preparação fora da curva mantém tração.,Acelerar forte e frear dentro da curva.,Frear no meio da curva e reduzir depois.,Não sinalizar para surpreender para não assustar os outros condutores.,/Users/lucianodiisouza/Documents/projects/autocurso-2000/Banco Nacional de Questões.pdf
p1-m3-q184,1,3,Na Direção da Segurança,184,facil,"Ao mudar de faixa, qual é a ação essencial?",,Acionar a seta com antecedência.,Sinalizar com antecedência comunica a manobra e reduz risco de sinistro.,Aproximar muito do veículo ao lado.,Olhar só para frente.,Acelerar para ganhar espaço.,/Users/lucianodiisouza/Documents/projects/autocurso-2000/Banco Nacional de Questões.pdf
p1-m3-q185,1,3,Na Direção da Segurança,185,facil,"Ao perceber pedestres agitados próximos à calçada, o condutor atento deve:",,Reduzir a velocidade e manter atenção redobrada.,Antecipar riscos é parte da função cognitiva e evita sinistros.,Aumentar a velocidade para evitar parar.,"Ignorar, pois estão na calçada.",Buzinar e seguir adiante.,/Users/lucianodiisouza/Documents/projects/autocurso-2000/Banco Nacional de Questões.pdf
p1-m3-q186,1,3,Na Direção da Segurança,186,facil,"Após afivelar o cinto de segurança, o que fazer?",,Puxar ligeiro para cima e deixar bem justo ao corpo.,Folgas aumentam deslocamento e impactos internos.,Deixar folgado para conforto.,Torcer a fita para prender mais.,Deixar o fecho sem travar.,/Users/lucianodiisouza/Documents/projects/autocurso-2000/Banco Nacional de Questões.pdf
p1-m3-q187,1,3,Na Direção da Segurança,187,facil,Qual é o calçado adequado para dirigir ou pilotar?,,Que se firme no pé e não escorregue.,Calçados instáveis comprometem o uso dos pedais.,Chinelo solto.,Sandália sem fixação no calcanhar.,Salto alto.,/Users/lucianodiisouza/Documents/projects/autocurso-2000/Banco Nacional de Questões.pdf
p1-m3-q188,1,3,Na Direção da Segurança,188,dificil,"O que o condutor deve fazer primeiro quando está dirigindo enquanto chove forte na
cidade?",,Reduzir a velocidade e manter o farol baixo aceso.,"Chuva reduz aderência e visibilidade. A conduta segura é diminuir a velocidade e usar farol
baixo.",Ligar o farol alto para “abrir” visão.,Acelerar para sair rápido da chuva.,Frear forte para enxergar melhor.,/Users/lucianodiisouza/Documents/projects/autocurso-2000/Banco Nacional de Questões.pdf
p1-m3-q189,1,3,Na Direção da Segurança,189,dificil,"Com airbag dianteiro ativo, é proibido:",,Colocar bebê conforto de costas no banco da frente.,A abertura do airbag pode ferir o bebê.,Recuar o banco.,Usar cinto no passageiro.,Fechar os vidros.,/Users/lucianodiisouza/Documents/projects/autocurso-2000/Banco Nacional de Questões.pdf
p1-m3-q190,1,3,Na Direção da Segurança,190,dificil,Como a carga altera a condução da moto?,,Muda respostas conforme peso e volume.,"A carga na motocicleta pode afetar a estabilidade e o equilíbrio, especialmente se não for
distribuída corretamente. Isso pode tornar a condução mais difícil, dificultando a manobrabilidade, a frenagem
e o controle da moto. Além disso, o peso excessivo ou mal posicionado pode aumentar o risco de acidentes,
especialmente em curvas ou durante frenagens.",Não altera nada se for leve.,Melhora curvas por “lastro”.,Permite frear mais tarde.,/Users/lucianodiisouza/Documents/projects/autocurso-2000/Banco Nacional de Questões.pdf
p1-m3-q191,1,3,Na Direção da Segurança,191,dificil,Como devem ser ajustados os espelhos laterais?,,Devem exibir só uma pequena parte da lateral do carro.,Referência mínima do próprio veículo sem perder o entorno.,Devem mostrar grande parte da própria porta.,Devem apontar para o chão.,Devem mostrar apenas o céu.,/Users/lucianodiisouza/Documents/projects/autocurso-2000/Banco Nacional de Questões.pdf
p1-m3-q192,1,3,Na Direção da Segurança,192,intermediario,Como deve estar ajustado o espelho interno?,,Mostrando todo o vidro traseiro.,Posicionamento correto amplia visão traseira.,Mostrando metade do teto.,Mostrando apenas o banco traseiro.,Voltado para o passageiro.,/Users/lucianodiisouza/Documents/projects/autocurso-2000/Banco Nacional de Questões.pdf
p1-m3-q193,1,3,Na Direção da Segurança,193,intermediario,"O que pode ajudar pedestres e ciclistas a serem mais visíveis à noite para os
motoristas?",,"Roupas claras, faixas refletivas ou luzes.","À noite, para garantir a segurança no trânsito, é fundamental que pedestres e ciclistas usem
roupas claras e equipamentos refletivos, como faixas luminosas ou refletores, para serem vistos com maior
facilidade pelos motoristas. Essa atitude reduz o risco de acidentes, tornando-os mais visíveis no escuro.",Roupas escuras,Fones de ouvido altos.,Falta de iluminação,/Users/lucianodiisouza/Documents/projects/autocurso-2000/Banco Nacional de Questões.pdf
p1-m3-q194,1,3,Na Direção da Segurança,194,intermediario,O que caracteriza uma comunicação segura entre os condutores?,,Setas antecipadas e buzina com moderação.,"A comunicação segura no trânsito envolve o uso correto de sinais de trânsito, dispositivos de
iluminação (como setas de direção) e buzinas apenas quando necessário. O objetivo é garantir que todos os
motoristas e pedestres possam antecipar as ações uns dos outros, evitando acidentes e promovendo a
segurança nas vias. O uso inadequado de sinais, ou ignorar a sinalização, pode causar confusão e aumentar o
risco de colisões.",Buzina longa para abrir caminho.,Sinalizar só depois da manobra.,Evitar contato visual.,/Users/lucianodiisouza/Documents/projects/autocurso-2000/Banco Nacional de Questões.pdf
p1-m3-q195,1,3,Na Direção da Segurança,195,intermediario,Uma condução segura no trânsito envolve:,,"Manter distância segura, usar os sinais corretamente e respeitar a velocidade.","condução segura depende de atitudes como manter distância adequada, usar os sinais de forma
correta, como luzes e setas, e respeitar os limites de velocidade. Esses comportamentos garantem que o
condutor possa reagir a tempo e prevenir acidentes.",Frear e acelerar forte.,Ignorar os limites de velocidade e a sinalização para ganhar tempo.,Usar marcha lenta prolongada.,/Users/lucianodiisouza/Documents/projects/autocurso-2000/Banco Nacional de Questões.pdf
p1-m3-q196,1,3,Na Direção da Segurança,196,intermediario,Condução eficiente significa:,,Usar menos combustível e poluir menos com pequenas mudanças de hábito.,"A condução eficiente está relacionada à redução do consumo de combustível e à diminuição da
poluição, o que pode ser alcançado com hábitos de direção mais suaves, como evitar acelerações e frenagens
bruscas, manter uma velocidade constante e realizar manutenções regulares no veículo.",Dirigir rápido sempre.,Frear e acelerar forte.,Descartar óleo no ralo.,/Users/lucianodiisouza/Documents/projects/autocurso-2000/Banco Nacional de Questões.pdf
p1-m3-q197,1,3,Na Direção da Segurança,197,dificil,Por que é mais arriscado dirigir com os faróis apagados ao entardecer?,,Pois diminui a capacidade dos outros motoristas de verem o veículo.,"Ao dirigir ao entardecer, a visibilidade começa a diminuir, e os faróis são essenciais para garantir
que o motorista possa ver e ser visto com clareza. Sem os faróis acesos, o risco de não perceber outros
veículos, pedestres ou obstáculos aumenta significativamente, tornando a condução mais perigosa.",Pois melhora o consumo de energia elétrica.,Pois indica economia de lâmpadas.,Pois só causa risco em rodovias.,/Users/lucianodiisouza/Documents/projects/autocurso-2000/Banco Nacional de Questões.pdf
p1-m3-q198,1,3,Na Direção da Segurança,198,intermediario,Quais são as consequências de dirigir de forma agressiva?,,Pode aumentar o risco de acidentes e colocar em perigo outros motoristas e pedestres.,"Dirigir de forma agressiva, como acelerar bruscamente, realizar frenagens fortes e mudanças
repentinas de direção, aumenta o risco de acidentes e compromete a segurança de todos no trânsito. Essas
atitudes colocam em perigo outros motoristas, pedestres e o próprio condutor.",Pode reduzir consumo de combustível.,Ajuda a limpar o motor.,Ajuda a diminuir emissões de gases poluentes.,/Users/lucianodiisouza/Documents/projects/autocurso-2000/Banco Nacional de Questões.pdf
p1-m3-q199,1,3,Na Direção da Segurança,199,intermediario,Como a direção agressiva afeta a segurança no trânsito?,,Aumenta o risco de acidentes e coloca a segurança de todos em risco.,"A direção agressiva, caracterizada por manobras rápidas e bruscas, aumenta o risco de
acidentes e prejudica a segurança de todos no trânsito. Esse comportamento aumenta a probabilidade de
colisões, afetando a integridade física de motoristas, passageiros e pedestres.",Torna o trânsito mais rápido e menos congestionado.,Ajuda a diminuir emissões de gases poluentes.,Proporciona mais controle sobre o veículo em condições adversas.,/Users/lucianodiisouza/Documents/projects/autocurso-2000/Banco Nacional de Questões.pdf
p1-m3-q200,1,3,Na Direção da Segurança,200,intermediario,Como um motorista deve se compartar durante uma chuva forte?,,"Diminuir a velocidade, ligar farol baixo e limpador.","Durante chuvas fortes, a visibilidade e a aderência dos pneus à pista podem ser comprometidas.
O motorista deve reduzir a velocidade para manter o controle do veículo e aumentar a distância de segurança
dos outros veículos, já que a pista fica mais escorregadia e o tempo de frenagem aumenta. O uso de faróis
baixos é fundamental para melhorar a visibilidade.",Acelerar para escapar da chuva.,Frear de forma brusca.,Usar farol alto.,/Users/lucianodiisouza/Documents/projects/autocurso-2000/Banco Nacional de Questões.pdf
p1-m3-q201,1,3,Na Direção da Segurança,201,dificil,"Durante o percurso, o passageiro da motocicleta deve:",,Segurar-se de forma segura e permanecer com os pés sobre os pedais.,"O passageiro de motocicleta deve sempre segurar-se adequadamente e manter os pés sobre os
pedais para garantir a sua segurança e o equilíbrio do veículo. Manter uma postura correta ajuda a evitar
quedas e contribui para a estabilidade durante o percurso",Usar o celular para se distrair durante a viagem.,Sentar solto e relaxado demais.,Apoiar peso nos ombros do piloto.,/Users/lucianodiisouza/Documents/projects/autocurso-2000/Banco Nacional de Questões.pdf
p1-m3-q202,1,3,Na Direção da Segurança,202,intermediario,Qual deve ser a atitude básica do condutor em caso de chuva?,,Reduzir velocidade e manter o limpador ligado.,"Chuva reduz visibilidade, condução deve ser compatível.",Acelerar para sair logo.,Usar farol alto.,Ligar o pisca-alerta em movimento.,/Users/lucianodiisouza/Documents/projects/autocurso-2000/Banco Nacional de Questões.pdf
p1-m3-q203,1,3,Na Direção da Segurança,203,intermediario,"Qual deve ser a atitude a ser tomada por um condutor quando dirige em
condições adversas?",,Reduzir velocidade e aumentar a atenção.,"Em condições adversas de trânsito ou clima, como chuva, neblina ou má visibilidade, o motorista
deve diminuir a velocidade e aumentar a atenção. Isso permite reagir com segurança a imprevistos,
compensando a redução da aderência dos pneus e a dificuldade de enxergar a via e outros veículos. Essa é a
atitude preventiva mais importante para evitar acidentes.",Manter a mesma velocidade.,Desligar os faróis.,Ultrapassar para “sair logo”.,/Users/lucianodiisouza/Documents/projects/autocurso-2000/Banco Nacional de Questões.pdf
p1-m3-q204,1,3,Na Direção da Segurança,204,intermediario,"Em cruzamentos, para ser visto e evitar sinistro, o motociclista deve:",,"Posicionar-se visível, sinalizar e buscar contato visual.","Nos cruzamentos, onde o risco de colisões é maior, o motociclista deve reduzir a velocidade,
manter os faróis ligados e usar corretamente as setas para indicar suas intenções. Essas atitudes aumentam a
visibilidade e permitem que os outros condutores antecipem suas ações, evitando sinistros. A condução
defensiva e previsível é essencial para a segurança no trânsito.",Parar no ponto cego do carro.,Passar sem reduzir.,Acelerar para “ganhar a frente”.,/Users/lucianodiisouza/Documents/projects/autocurso-2000/Banco Nacional de Questões.pdf
p1-m3-q205,1,3,Na Direção da Segurança,205,dificil,"Qual é a recomendação quando um motoclista está conduzindo em uma via com piso
molhado?",,Antecipar freadas e evitar travamentos.,"No piso molhado, a aderência dos pneus diminui, aumentando o risco de derrapagens e perda
de controle do veículo. Por isso, o condutor deve reduzir a velocidade, manter distância de segurança e evitar
manobras bruscas.",Frear tarde e forte.,Acelerar para “secar” o pneu.,Inclinar mais nas curvas.,/Users/lucianodiisouza/Documents/projects/autocurso-2000/Banco Nacional de Questões.pdf
p1-m3-q206,1,3,Na Direção da Segurança,206,intermediario,"Quando o condutor de motocicleta é obrigado a manter a viseira do capacete
abaixada?",,Sempre que a motocicleta estiver em movimento.,"A viseira do capacete deve permanecer abaixada enquanto a motocicleta estiver em movimento,
garantindo a proteção dos olhos e do rosto contra vento, poeira, pedras e insetos. Essa medida é essencial
para a segurança e visibilidade do condutor, evitando distrações ou lesões que possam causar acidentes.",Apenas quando chover.,Só em rodovia.,Nunca é necessário.,/Users/lucianodiisouza/Documents/projects/autocurso-2000/Banco Nacional de Questões.pdf
p1-m3-q207,1,3,Na Direção da Segurança,207,facil,Qual das opções representa uma condição adversa do veículo?,,Pneus carecas,"As condições adversas do veículo são aquelas que afetam sua segurança e desempenho,
aumentando o risco de acidentes. Freios com defeito, pneus carecas, direção desregulada ou faróis
queimados são exemplos claros. Manter a manutenção em dia é essencial para evitar falhas mecânicas e
garantir uma condução segura.",Revisão em dia.,Freios regulados.,Limpadores novos.,/Users/lucianodiisouza/Documents/projects/autocurso-2000/Banco Nacional de Questões.pdf
p1-m3-q208,1,3,Na Direção da Segurança,208,facil,Por que é importante frear o veículo de forma gradual?,,Pois alerta quem vem atrás e evita sustos.,"Frear de forma gradual e antecipada é uma prática essencial de direção defensiva, pois mantém
o controle do veículo e permite que o motorista que vem atrás perceba a redução de velocidade e reaja a
tempo.",Pois faz o carro andar sozinho.,Pois aumenta o desgaste de pneus.,Pois substitui o uso das setas.,/Users/lucianodiisouza/Documents/projects/autocurso-2000/Banco Nacional de Questões.pdf
p1-m3-q209,1,3,Na Direção da Segurança,209,facil,Qual a principal função principal do cinto de segurança em um veículo?,,Conter o corpo e reduzir lesões graves.,"A principal função do cinto de segurança é reter o corpo dos ocupantes em caso de acidente ou
frenagem repentina, evitando que sejam arremessados contra o painel, o para-brisa ou para fora do veículo.
Seu uso é obrigatório por lei (art. 65 do CTB) e é um dos equipamentos mais eficazes na redução de mortes e
ferimentos graves no trânsito. Portanto, o cinto é um dispositivo de segurança vital, tanto para o condutor
quanto para os passageiros.",Evitar multas apenas.,Aumentar conforto do banco.,Substituir o airbag.,/Users/lucianodiisouza/Documents/projects/autocurso-2000/Banco Nacional de Questões.pdf
p1-m3-q210,1,3,Na Direção da Segurança,210,facil,As luzes do veículo têm como uma de suas principais funções:,,Garantir a visibilidade do veículo e permitir a comunicação com outros condutores.,"As luzes do veículo — como faróis, lanternas, luz de freio e setas — têm a função de tornar o
veículo visível e indicar suas intenções de manobra aos demais usuários da via. Elas são fundamentais para a
segurança e comunicação no trânsito, especialmente à noite ou em condições de baixa visibilidade.",Decorar o carro.,Aumentar potência do motor.,Reduzir o consumo de combustível,/Users/lucianodiisouza/Documents/projects/autocurso-2000/Banco Nacional de Questões.pdf
p1-m3-q211,1,3,Na Direção da Segurança,211,facil,"Quando o motociclista está parado em um cruzamento, qual deve ser sua postura
correta?",,Posicionar-se para ser visto nos espelhos do carro à frente.,Posicionamento visível reduz riscos de arranque inesperado e atropelamento.,Parar colado ao meio-fio.,Ficar no ponto cego do ônibus.,Ficar com o motor desligado até que o trânsito volte a fluir.,/Users/lucianodiisouza/Documents/projects/autocurso-2000/Banco Nacional de Questões.pdf
p1-m3-q212,1,3,Na Direção da Segurança,212,facil,"Durante uma chuva intensa, qual deve ser a atitude correta do condutor?",,Aumentar distância e evitar frear bruscamente.,"m chuvas intensas, a visibilidade e a aderência dos pneus diminuem, aumentando o risco de
aquaplanagem e colisões. Por isso, o condutor deve reduzir a velocidade, aumentar a distância do veículo à
frente e manter os faróis baixos acesos para ser visto por outros motoristas.",Ligar farol alto e acelerar.,Usar buzina contínua.,Andar no “vácuo” de caminhões.,/Users/lucianodiisouza/Documents/projects/autocurso-2000/Banco Nacional de Questões.pdf
p1-m3-q213,1,3,Na Direção da Segurança,213,dificil,"Ao se aproximar de uma curva, qual deve ser o comportamento correto do motociclista?",,Reduzir antes e manter aceleração constante na curva.,"Em curvas, o motociclista deve reduzir a velocidade antes de entrar, mantendo o controle e a
estabilidade da moto. Durante a curva, deve inclinar o corpo junto com o veículo, mantendo o olhar voltado
para a saída da curva. Frear ou acelerar bruscamente dentro da curva pode causar perda de aderência dos
pneus e quedas, por isso a antecipação e o equilíbrio corporal são fundamentais para uma pilotagem segura.",Frear forte dentro da curva.,Acelerar bruscamente somente na saída.,Olhar para o obstáculo.,/Users/lucianodiisouza/Documents/projects/autocurso-2000/Banco Nacional de Questões.pdf
p1-m3-q214,1,3,Na Direção da Segurança,214,facil,O que é o airbag?,,Uma bolsa que infla em milésimos de segundo após impacto.,"Dispositivo de segurança passiva para reduzir lesões. É um equipamento de segurança
complementar ao cinto de segurança, projetado para amortecer o impacto em caso de colisões, reduzindo o
risco de ferimentos graves.",Um sensor que freia o carro sozinho.,Um tipo de freio ABS.,Um enfeite do volante.,/Users/lucianodiisouza/Documents/projects/autocurso-2000/Banco Nacional de Questões.pdf
p1-m3-q215,1,3,Na Direção da Segurança,215,facil,O apoio de cabeça serve para:,,Proteger o pescoço contra o efeito chicote.,Reduz hiperextensão cervical em colisão traseira.,Apoiar para dormir.,Deixar o banco mais bonito.,Aumentar espaço no carro.,/Users/lucianodiisouza/Documents/projects/autocurso-2000/Banco Nacional de Questões.pdf
p1-m3-q216,1,3,Na Direção da Segurança,216,facil,O cinto de segurança deve ser usado:,,"Por todos os ocupantes, inclusive atrás.","Reduz lesões em sinistros. Sendo de uso obrigatório em todo territorio nacional, conforme art. 65
do CTB.",Só pelo motorista.,Apenas no banco dianteiro.,Apenas em rodovias.,/Users/lucianodiisouza/Documents/projects/autocurso-2000/Banco Nacional de Questões.pdf
p1-m3-q217,1,3,Na Direção da Segurança,217,facil,O para-brisa deve estar:,,Limpo e sem películas escuras que prejudiquem a visão.,"Transparência melhora a percepção, especialmente à noite.",Com películas escuras para reduzir luz.,Úmido para cortar reflexo.,Sempre entreaberto.,/Users/lucianodiisouza/Documents/projects/autocurso-2000/Banco Nacional de Questões.pdf
p1-m3-q218,1,3,Na Direção da Segurança,218,facil,O passageiro deve subir na motocicleta:,,Pelo lado oposto ao escapamento.,Evita queimaduras e desequilíbrios.,Pelo lado do escapamento.,Pela frente da moto.,"Por trás, segurando o baú.",/Users/lucianodiisouza/Documents/projects/autocurso-2000/Banco Nacional de Questões.pdf
p1-m3-q219,1,3,Na Direção da Segurança,219,facil,O posicionamento correto do carro na via é:,,"Centralizado na faixa, com distância lateral.",Centralizar melhora controle e previsibilidade.,Colado no meio-fio.,Avançando sobre faixas vizinhas.,“Costurando” o trânsito.,/Users/lucianodiisouza/Documents/projects/autocurso-2000/Banco Nacional de Questões.pdf
p1-m3-q220,1,3,Na Direção da Segurança,220,intermediario,O que é distância de reação?,,Espaço percorrido até o cérebro perceber o perigo e acionar o freio.,Dura cerca de 1 segundo e varia conforme a atenção do condutor.,Distância do carro até o pedestre.,Espaço entre duas faixas.,Tamanho do veículo.,/Users/lucianodiisouza/Documents/projects/autocurso-2000/Banco Nacional de Questões.pdf
p1-m3-q221,1,3,Na Direção da Segurança,221,facil,O que o motorista deve observar antes da curva?,,"Condições da pista, tipo de curva e aderência.",A prevenção começa pela leitura do ambiente viário.,Apenas o velocímetro.,Só o retrovisor interno.,A cor do carro da frente.,/Users/lucianodiisouza/Documents/projects/autocurso-2000/Banco Nacional de Questões.pdf
p1-m3-q222,1,3,Na Direção da Segurança,222,facil,Onde o uso indevido da buzina é proibido?,,Áreas urbanas entre 22h e 6h e zonas de silêncio.,Art. 227 do CTB.,Rodovias sem moradores.,Estacionamentos particulares.,Apenas próximo a escolas.,/Users/lucianodiisouza/Documents/projects/autocurso-2000/Banco Nacional de Questões.pdf
p1-m3-q223,1,3,Na Direção da Segurança,223,facil,Ouvir uma sirene enquanto dirige é um alerta para:,,Redobrar a atenção e facilitar a passagem do veículo de emergência.,A audição faz parte da função sensorial e ajuda na prevenção de sinistros.,Aumentar a velocidade para sair rápido.,Ligar o pisca-alerta e continuar na mesma faixa.,Ignorar o som se estiver na sua pista.,/Users/lucianodiisouza/Documents/projects/autocurso-2000/Banco Nacional de Questões.pdf
p1-m3-q224,1,3,Na Direção da Segurança,224,facil,O que deve ser feito antes de mudar de faixa.,,Acionar a seta com antecedência.,A seta comunica intenção do condutor e evita conflitos.,Buzinar longamente.,Apagar os faróis.,Fechar os retrovisores.,/Users/lucianodiisouza/Documents/projects/autocurso-2000/Banco Nacional de Questões.pdf
p1-m3-q225,1,3,Na Direção da Segurança,225,facil,"Para checar pontos cegos ao mudar de faixa, faça:",,Olhe espelhos e vire levemente a cabeça.,"Há áreas sem visão direta, devendo sempre serem verificadas.",Confie só no espelho interno.,Use apenas os ouvidos.,Mude sem sinalizar.,/Users/lucianodiisouza/Documents/projects/autocurso-2000/Banco Nacional de Questões.pdf
p1-m3-q226,1,3,Na Direção da Segurança,226,facil,"Para manter estabilidade, recomenda-se ao motociclista:",,Usar sempre o freio motor.,Desaceleração mecânica é progressiva e segura.,Só frear a roda dianteira.,Desligar a marcha.,Travar roda traseira.,/Users/lucianodiisouza/Documents/projects/autocurso-2000/Banco Nacional de Questões.pdf
p1-m3-q227,1,3,Na Direção da Segurança,227,facil,"Para o airbag ser eficaz, é essencial:",,Usar o cinto de segurança corretamente.,"Sem cinto, o airbag pode ferir o condutor ou passageiros.",Desligar todas as luzes.,Andar só devagar.,Tirar o encosto de cabeça.,/Users/lucianodiisouza/Documents/projects/autocurso-2000/Banco Nacional de Questões.pdf
p1-m3-q228,1,3,Na Direção da Segurança,228,facil,"Para prevenir sinistros, a atitude básica do bom condutor é:",,Antecipar riscos e decidir com calma.,Previsão e decisão segura são princípios da direção defensiva e preventiva.,Confiar só na experiência.,Acelerar para sair do perigo.,Usar o celular com discrição.,/Users/lucianodiisouza/Documents/projects/autocurso-2000/Banco Nacional de Questões.pdf
p1-m3-q229,1,3,Na Direção da Segurança,229,facil,"Para ser visto à noite como pedestre ou ciclista, o que ajuda?",,Usar roupas claras ou faixas refletivas.,"Visibilidade salva vidas, materiais refletivos aumentam detecção por motoristas.",Evitar qualquer iluminação.,Caminhar na pista sem atenção.,Desligar a lanterna da bicicleta.,/Users/lucianodiisouza/Documents/projects/autocurso-2000/Banco Nacional de Questões.pdf
p1-m3-q230,1,3,Na Direção da Segurança,230,facil,"Para ser visto no cruzamento, o motociclista deve:",,Posicionar-se onde apareça nos retrovisores dos veículos à frente.,Importante evitar pontos cegos para garantir a segurança de todos.,Ficar atrás do para-choque do carro.,Apagar o farol.,Andar pelo acostamento.,/Users/lucianodiisouza/Documents/projects/autocurso-2000/Banco Nacional de Questões.pdf
p1-m3-q231,1,3,Na Direção da Segurança,231,facil,Por que ver e ser visto é essencial no trânsito?,,"Porque se você não vê ou não é visto, o risco de sinistro aumenta.",Visibilidade mútua evita surpresas e previne sinistros.,Porque melhora apenas o conforto do motorista.,Porque serve só para rodovias.,Porque evita gastar com manutenção.,/Users/lucianodiisouza/Documents/projects/autocurso-2000/Banco Nacional de Questões.pdf
p1-m3-q232,1,3,Na Direção da Segurança,232,facil,Por que a condução segura é também um ato social?,,Porque cada decisão afeta a vida dos outros usuários da via.,"O trânsito é um espaço coletivo, a segurança depende da convivência responsável.",Porque dirigir é um direito individual absoluto.,Porque todos devem seguir o mesmo ritmo.,Porque quem dirige mal é mais respeitado.,/Users/lucianodiisouza/Documents/projects/autocurso-2000/Banco Nacional de Questões.pdf
p1-m3-q233,1,3,Na Direção da Segurança,233,facil,Por que a velocidade é um dos fatores mais críticos da segurança viária?,,Porque afeta diretamente a gravidade dos sinistros.,Mesmo pequenas variações de velocidade alteram totalmente as consequências de um impacto.,Porque melhora o conforto.,Porque reduz a atenção.,Porque evita derrapagens.,/Users/lucianodiisouza/Documents/projects/autocurso-2000/Banco Nacional de Questões.pdf
p1-m3-q234,1,3,Na Direção da Segurança,234,facil,Por que ajustar os espelhos antes de sair?,,Para ampliar o campo de visão e reduzir pontos cegos.,Ajustes corretos aumentam percepção lateral e traseira e evitam surpresas.,Para ver apenas o interior do veículo.,Para não precisar olhar a via.,Para dirigir sem cintos.,/Users/lucianodiisouza/Documents/projects/autocurso-2000/Banco Nacional de Questões.pdf
p1-m3-q235,1,3,Na Direção da Segurança,235,facil,Por que evitar pontos cegos de caminhões e ônibus?,,Porque o condutor desses veículos pode não enxergar você.,Posição fora do campo visual reduz risco de colisão.,Porque a multa é maior.,Porque economiza combustível.,Porque facilita ouvir música.,/Users/lucianodiisouza/Documents/projects/autocurso-2000/Banco Nacional de Questões.pdf
p1-m3-q236,1,3,Na Direção da Segurança,236,intermediario,Por que evitar roupas largas ao pilotar?,,Podem enroscar na corrente ou pedais.,Risco mecânico e de queda.,Esfriam o corpo.,Melhoram aerodinâmica.,Deixam a viseira limpa.,/Users/lucianodiisouza/Documents/projects/autocurso-2000/Banco Nacional de Questões.pdf
p1-m3-q237,1,3,Na Direção da Segurança,237,intermediario,Por que não deixar objetos soltos no carro?,,Podem virar projéteis em sinistros.,Objetos arremessados agravam ferimentos.,Atrapalham a limpeza.,Aumentam conforto.,Melhoram consumo.,/Users/lucianodiisouza/Documents/projects/autocurso-2000/Banco Nacional de Questões.pdf
p1-m3-q238,1,3,Na Direção da Segurança,238,facil,Por que o condutor deve observar os pedestres antes de ligar o veículo?,,Porque pode haver alguém atravessando à frente ou atrás do veículo.,Observar o entorno é parte da função sensorial e reduz sinistros ao iniciar a condução.,Porque o motor frio gasta mais combustível.,Porque é exigência apenas para carros novos.,Porque evita multas de estacionamento.,/Users/lucianodiisouza/Documents/projects/autocurso-2000/Banco Nacional de Questões.pdf
p1-m3-q239,1,3,Na Direção da Segurança,239,facil,Por que o motociclista é mais vulnerável no trânsito?,,Porque não é protegido por carroceria e é pouco visível.,A exposição direta aumenta o risco e exige atenção constante.,Tem freios mais fracos.,Anda sempre mais rápido.,Usa pistas exclusivas.,/Users/lucianodiisouza/Documents/projects/autocurso-2000/Banco Nacional de Questões.pdf
p1-m3-q240,1,3,Na Direção da Segurança,240,intermediario,"Previsão, na direção defensiva, significa:",,Imaginar o que pode acontecer e agir antes do risco.,Prevenção pode evitar sinistros no trânsito.,Reagir apenas após o perigo.,Confiar no olhar dos outros.,Andar sempre mais rápido.,/Users/lucianodiisouza/Documents/projects/autocurso-2000/Banco Nacional de Questões.pdf
p1-m3-q241,1,3,Na Direção da Segurança,241,facil,Qual atitude demonstra a união entre direção defensiva e preventiva?,,Manter distância segura e prever erros dos outros.,A união entre prevenção e defesa cria o comportamento seguro ideal.,Acelerar para evitar colisão.,Frear de forma repentina.,Ignorar riscos quando está certo.,/Users/lucianodiisouza/Documents/projects/autocurso-2000/Banco Nacional de Questões.pdf
p1-m3-q242,1,3,Na Direção da Segurança,242,facil,Qual atitude evita derrapagens em curvas?,,Reduzir a velocidade antes da curva.,Redução antecipada mantém a aderência dos pneus.,Frear bruscamente dentro da curva.,Acelerar forte na saída.,Girar o volante rapidamente.,/Users/lucianodiisouza/Documents/projects/autocurso-2000/Banco Nacional de Questões.pdf
p1-m3-q243,1,3,Na Direção da Segurança,243,facil,Qual atitude reduz falhas do veículo?,,"Checar pneus, freios, luzes, óleo e arrefecimento antes de sair com o veículo.",A verificação prévia é dever legal e salva vidas.,Apenas encher combustível.,Conferir som e tapetes.,Ignorar sinais no painel.,/Users/lucianodiisouza/Documents/projects/autocurso-2000/Banco Nacional de Questões.pdf
p1-m3-q244,1,3,Na Direção da Segurança,244,facil,Qual conjunto de calçados/roupas mais reduz riscos na motocicleta?,,Bota fechada com sola antiderrapante + calça e jaqueta resistentes + luvas.,"Protege pele, articulações e melhora controle.",Chinela + bermuda + regata.,Sandália sem calcanhar + moletom fino.,Tênis leve aberto + camisa social.,/Users/lucianodiisouza/Documents/projects/autocurso-2000/Banco Nacional de Questões.pdf
p1-m3-q245,1,3,Na Direção da Segurança,245,facil,Qual deve ser o posicionamento do motociclista na via?,,Centro da faixa ou levemente à esquerda.,Manter-se no centro ou levemente à esquerda aumenta visibilidade e espaço de fuga.,Colado ao meio-fio.,Entre os carros em movimento.,Na contramão para ser visto.,/Users/lucianodiisouza/Documents/projects/autocurso-2000/Banco Nacional de Questões.pdf
p1-m3-q246,1,3,Na Direção da Segurança,246,facil,Qual é a principal atitude do condutor ao cuidar do veículo antes de sair?,,Verificar as condições de funcionamento dos equipamentos de segurança.,Manutenção preventiva é parte da direção defensiva.,Ligar o som e ajustar o banco.,Apenas abastecer o carro.,Testar a buzina e sair.,/Users/lucianodiisouza/Documents/projects/autocurso-2000/Banco Nacional de Questões.pdf
p1-m3-q247,1,3,Na Direção da Segurança,247,facil,Qual é a regra de frenagem segura para o motociclista?,,"Usar os dois freios, com força gradual.",Ação progressiva evita travamentos e quedas.,Usar só o traseiro.,Usar só o dianteiro.,Travar a roda para parar rápido.,/Users/lucianodiisouza/Documents/projects/autocurso-2000/Banco Nacional de Questões.pdf
p1-m3-q248,1,3,Na Direção da Segurança,248,facil,Qual é o uso correto da buzina no trânsito?,,Toques breves para advertir sobre risco.,"A buzina é instrumento de alerta, não de reprimenda. Há restrições de horário e local.",Pressionar longo para abrir caminho.,Usar à noite para avisar presença.,"Pressionar forte, mesmo em área de silência, para cumprimentar outras pessoas.",/Users/lucianodiisouza/Documents/projects/autocurso-2000/Banco Nacional de Questões.pdf
p1-m3-q249,1,3,Na Direção da Segurança,249,facil,Qual é o objetivo da condução segura?,,Evitar sinistros e preservar vidas.,"A condução segura tem como foco a prevenção de sinistros e a proteção de todos os usuários
da via.",Chegar mais rápido ao destino.,Mostrar habilidade no volante.,Usar o freio o mínimo possível.,/Users/lucianodiisouza/Documents/projects/autocurso-2000/Banco Nacional de Questões.pdf
p1-m3-q250,1,3,Na Direção da Segurança,250,facil,Qual exemplo é condição adversa de luz?,,Ofuscamento ao sair de túnel.,Mudança brusca de luminosidade reduz visão.,Pista seca e clara.,Dia nublado sem chuva.,Via duplicada e limpa.,/Users/lucianodiisouza/Documents/projects/autocurso-2000/Banco Nacional de Questões.pdf
p1-m3-q251,1,3,Na Direção da Segurança,251,facil,Qual fator do condutor aumenta o risco no trânsito?,,Sono e uso de celular ao volante.,Distração e fadiga atrasam reação.,Pausas regulares.,Hidratação e calma.,Planejamento de rota.,/Users/lucianodiisouza/Documents/projects/autocurso-2000/Banco Nacional de Questões.pdf
p1-m3-q252,1,3,Na Direção da Segurança,252,facil,Qual hábito aumenta muito o risco ao pilotar uma motocicleta?,,Mudar de faixa constantemente.,Movimentos alternados reduz previsibilidade e espaço de reação.,Manter posição estável.,Usar setas sempre.,Planejar rotas seguras.,/Users/lucianodiisouza/Documents/projects/autocurso-2000/Banco Nacional de Questões.pdf
p1-m3-q253,1,3,Na Direção da Segurança,253,facil,Qual luz é obrigatória à noite?,,Farol baixo.,Ilumina sem ofuscar.,Farol alto sempre.,Apenas DRL.,Lanternas traseiras apagadas.,/Users/lucianodiisouza/Documents/projects/autocurso-2000/Banco Nacional de Questões.pdf
p1-m3-q254,1,3,Na Direção da Segurança,254,facil,Qual ação representa a condução segura?,,Todo motorista deve manter atenção e vigilância sempre.,Atenção contínua reduz erros humanos.,Basta experiência para evitar riscos.,O carro protege de qualquer erro.,A CNH garante preparo total.,/Users/lucianodiisouza/Documents/projects/autocurso-2000/Banco Nacional de Questões.pdf
p1-m3-q255,1,3,Na Direção da Segurança,255,facil,Qual vestimenta ajuda a reduzir danos na queda de motocicleta?,,"Jaqueta e calça resistentes, com reforços, luvas protetoras e calçados adequados.",O motociclista deve utilizar roupas apropriadas para condizir motocicletas.,Regata e bermuda.,Camiseta leve e calça fina.,Tecido sintético frágil.,/Users/lucianodiisouza/Documents/projects/autocurso-2000/Banco Nacional de Questões.pdf
p1-m3-q256,1,3,Na Direção da Segurança,256,facil,"Quando o veículo entra rápido demais em uma curva, o que tende a acontecer?",,"Seguir reto, por causa da inércia.",A inércia mantém o movimento em linha reta e o controle depende do motorista.,Ele faz a curva com mais facilidade.,Ele freia automaticamente.,Nada. A curva independe da velocidade.,/Users/lucianodiisouza/Documents/projects/autocurso-2000/Banco Nacional de Questões.pdf
p1-m3-q257,1,3,Na Direção da Segurança,257,facil,"Quando um condutor visualiza uma bola rolando para a via, ele deve:",,Reduzir e preparar-se para possível travessia de criança.,Antecipar o perigo é ação cognitiva fundamental da direção segura.,Manter velocidade constante.,Desviar rapidamente da bola.,Acionar a buzina para alertar.,/Users/lucianodiisouza/Documents/projects/autocurso-2000/Banco Nacional de Questões.pdf
p1-m3-q258,1,3,Na Direção da Segurança,258,facil,"Quando você assume o volante, o que realmente significa dirigir com segurança?",,Proteger a própria vida e a de todos ao redor.,"Dirigir com segurança é um ato de responsabilidade e respeito à vida. O foco é preservar vidas,
não apenas controlar o veículo.","Andar rápido, mas com atenção.",Dominar o carro em alta velocidade.,Seguir apenas o fluxo dos outros veículos.,/Users/lucianodiisouza/Documents/projects/autocurso-2000/Banco Nacional de Questões.pdf
p1-m3-q259,1,3,Na Direção da Segurança,259,facil,Quem deve usar cinto no veículo?,,"Todos os ocupantes, inclusive no banco traseiro.","Obrigatório para todos os assentos, conforme art. 65 do CTB.",Só o motorista.,Apenas motorista e passageiro da frente.,"O motorista, mas somente em rodovias.",/Users/lucianodiisouza/Documents/projects/autocurso-2000/Banco Nacional de Questões.pdf
p1-m3-q260,1,3,Na Direção da Segurança,260,facil,Ser um bom condutor é principalmente:,,Dominar suas emoções antes de dominar a máquina.,"A condução segura exige controle emocional, atenção e equilíbrio, não apenas técnica.",Aprender a acelerar com rapidez.,Saber fazer manobras difíceis.,Conhecer atalhos e rotas curtas.,/Users/lucianodiisouza/Documents/projects/autocurso-2000/Banco Nacional de Questões.pdf
p1-m3-q261,1,3,Na Direção da Segurança,261,facil,Um motorista sente o volante vibrar fortemente ao frear. O que essa percepção indica?,,Possível irregularidade na pista ou falha no sistema de freios.,A vibração é um sinal sensorial que deve ser interpretado como alerta para risco.,Normalidade do piso e dos pneus.,Que deve acelerar para estabilizar.,Que o veículo precisa de alinhamento apenas.,/Users/lucianodiisouza/Documents/projects/autocurso-2000/Banco Nacional de Questões.pdf
p1-m3-q262,1,3,Na Direção da Segurança,262,facil,Uma atitude essencial do motociclista defensivo é:,,Prever portas abrindo e a movimentação de pedestres.,Antecipação de riscos reduz sinistros.,Passar perto dos carros estacionados.,Ignorar manchas no asfalto.,Focar só no veículo à frente.,/Users/lucianodiisouza/Documents/projects/autocurso-2000/Banco Nacional de Questões.pdf
p1-m3-q263,1,3,Na Direção da Segurança,263,facil,Uma função do airbag é:,,"Evitar que o ocupante bata no volante, painel ou para-brisa.",Diminui impactos em partes duras do veículo.,Aumentar a potência do motor.,Economizar combustível.,Substituir os freios.,/Users/lucianodiisouza/Documents/projects/autocurso-2000/Banco Nacional de Questões.pdf
p1-m3-q264,1,3,Na Direção da Segurança,264,intermediario,A distância de frenagem depende principalmente de:,,"Velocidade, condições da via, pneus, freios e forma de frear.",Fatores físicos determinam a capacidade de parada.,Idade do motorista.,Tipo de combustível.,Cor do veículo.,/Users/lucianodiisouza/Documents/projects/autocurso-2000/Banco Nacional de Questões.pdf
p1-m3-q265,1,3,Na Direção da Segurança,265,intermediario,A seta deve ser acionada:,,"Em toda mudança de faixa, conversão, entrada/saída e ultrapassagem.",Comunicação clara entre condutores evita conflitos.,Só quando houver trânsito.,Apenas após a manobra.,Quando quiser educar outro condutor.,/Users/lucianodiisouza/Documents/projects/autocurso-2000/Banco Nacional de Questões.pdf
p1-m3-q266,1,3,Na Direção da Segurança,266,intermediario,"Além de ver, ser visto depende de:",,Faróis e lanternas limpos e funcionando.,Comunicação visual clara evita interpretações erradas.,Faróis apagados para não incomodar.,Películas escuras no para-brisa.,Seta desligada para surpresa.,/Users/lucianodiisouza/Documents/projects/autocurso-2000/Banco Nacional de Questões.pdf
p1-m3-q267,1,3,Na Direção da Segurança,267,intermediario,Animais no veículo devem:,,Ficar presos em dispositivo ou caixa apropriada.,Os animais devem ficar presos para evitar distrações e projeções perigosas.,Circular soltos no painel.,Ir no colo do motorista.,Ficar com a cabeça para fora.,/Users/lucianodiisouza/Documents/projects/autocurso-2000/Banco Nacional de Questões.pdf
p1-m3-q268,1,3,Na Direção da Segurança,268,intermediario,"Ao transportar carga em motocicleta, o cuidado essencial é:",,Respeitar peso/volume e não cobrir faróis/lanternas.,Excesso e mau arranjo alteram a condução e a visibilidade.,Prender nos guidões.,Deixar solta para acomodar.,Concentrar peso alto e atrás.,/Users/lucianodiisouza/Documents/projects/autocurso-2000/Banco Nacional de Questões.pdf
p1-m3-q269,1,3,Na Direção da Segurança,269,intermediario,Aquaplanagem pode ocorrer quando:,,Chove forte e a velocidade é alta.,Aquaplanagem ocorre quando um filme de água separa pneu do asfalto.,Pista está seca.,Pneus novos e velocidade baixa.,Há vento lateral.,/Users/lucianodiisouza/Documents/projects/autocurso-2000/Banco Nacional de Questões.pdf
p1-m3-q270,1,3,Na Direção da Segurança,270,intermediario,Área alagada na via:,,"Não arrisque atravessar, busque rota segura.",Enchentes escondem buracos e arrastam veículos.,Passe rápido para cortar a água.,Siga bem aproximado outro veículo.,Acelere com farol alto.,/Users/lucianodiisouza/Documents/projects/autocurso-2000/Banco Nacional de Questões.pdf
p1-m3-q271,1,3,Na Direção da Segurança,271,intermediario,Banco do motorista deve permitir:,,Alcance total dos pedais e boa visão.,Ergonomia correta melhora o controle do condutor.,Pernas esticadas e encosto deitado.,Mãos soltas sem apoio.,Visão só do painel.,/Users/lucianodiisouza/Documents/projects/autocurso-2000/Banco Nacional de Questões.pdf
p1-m3-q272,1,3,Na Direção da Segurança,272,intermediario,Como reduzir ofuscamento ao dirigir contra o sol?,,"Usar para-sol e óculos escuros, com velocidade menor.",Deve ser utilizado o controle de luz e prudência.,Ligar farol alto.,Fechar os olhos por instantes.,Acelerar para passar rápido.,/Users/lucianodiisouza/Documents/projects/autocurso-2000/Banco Nacional de Questões.pdf
p1-m3-q273,1,3,Na Direção da Segurança,273,intermediario,Condução noturna segura em rodovia pede:,,Velocidade reduzida e farol baixo ao cruzar veículos.,Visibilidade menor exige prudência dos condutores.,Farol alto constante.,Ignorar pedestres e animais.,Aproximar muito do veículo à frente.,/Users/lucianodiisouza/Documents/projects/autocurso-2000/Banco Nacional de Questões.pdf
p1-m3-q274,1,3,Na Direção da Segurança,274,intermediario,"De dia, em rodovia com chuva e neblina, a sequência correta é:",,"Reduzir velocidade, aumentar distância e usar farol baixo.","Baixa visibilidade exige adaptação de velocidade, espaço e iluminação adequada.",Manter velocidade e ligar farol alto.,Ligar apenas a luz alta e aumentar a velocidade.,Frear bruscamente e parar na faixa.,/Users/lucianodiisouza/Documents/projects/autocurso-2000/Banco Nacional de Questões.pdf
p1-m3-q275,1,3,Na Direção da Segurança,275,intermediario,"Em área escolar, a conduta segura inclui:",,Reduzir velocidade e atenção total à sinalização e às crianças.,O condutor deve observar as preferências da via e manter a segurança de todos.,Manter velocidade da via.,Usar farol alto para alertar.,Buzinar para apressar travessias.,/Users/lucianodiisouza/Documents/projects/autocurso-2000/Banco Nacional de Questões.pdf
p1-m3-q276,1,3,Na Direção da Segurança,276,intermediario,Luz amarela (setas/alertas) indica:,,Comunicação de intenção ou situação de emergência.,Cor de advertência e de indicação.,Farol alto ligado.,Freio acionado.,Ré engatada.,/Users/lucianodiisouza/Documents/projects/autocurso-2000/Banco Nacional de Questões.pdf
p1-m3-q277,1,3,Na Direção da Segurança,277,intermediario,Luzes do veículo (faróis/lanternas/setas) são essenciais para:,,"Ver, ser visto e se comunicar.",A iluminação ajuda a reduzir riscos e sinistros.,Enfeitar o carro.,Economizar bateria.,Evitar lavar o para-brisa.,/Users/lucianodiisouza/Documents/projects/autocurso-2000/Banco Nacional de Questões.pdf
p1-m3-q278,1,3,Na Direção da Segurança,278,intermediario,"Em piso molhado, o motociclista deve frear:",,"Com os dois freios, de modo progressivo e antecipado.",Técnica progressiva com ambos os freios reduz travamento e perda de controle.,"Apenas com o traseiro, forte e no fim.","Só com o dianteiro, para segurar a frente.",Alternando freios rápido para pulsar.,/Users/lucianodiisouza/Documents/projects/autocurso-2000/Banco Nacional de Questões.pdf
p1-m3-q279,1,3,Na Direção da Segurança,279,intermediario,"Na neblina/fumaça, a conduta segura é:",,Manter baixa velocidade e aumentar distância.,"A visibilidade fica muito reduzida nessas condições, por isso os movimentos devem ser suaves e
o uso do farol baixo é o mais indicado.",Usar farol alto.,Parar na faixa de rolamento.,Piscar farol para tirar a neblina.,/Users/lucianodiisouza/Documents/projects/autocurso-2000/Banco Nacional de Questões.pdf
p1-m3-q280,1,3,Na Direção da Segurança,280,dificil,"No entardecer, um carro trafega com para-brisa sujo e faróis apagados. A conduta
segura é:",,Limpar o para-brisa e acender o farol baixo.,Visibilidade é essencial para diminuição de riscos no trânsito.,Manter como está para poupar o sistema de iluminação.,Ligar farol alto na cidade.,Usar apenas luz de posição.,/Users/lucianodiisouza/Documents/projects/autocurso-2000/Banco Nacional de Questões.pdf
p1-m3-q281,1,3,Na Direção da Segurança,281,dificil,O que ocorre quando o motorista reage tardiamente ao perigo?,,Aumenta a distância total de parada.,Reação lenta amplia o espaço total percorrido até parar.,Diminui o risco.,Melhora a frenagem.,Reduz a distância de reação.,/Users/lucianodiisouza/Documents/projects/autocurso-2000/Banco Nacional de Questões.pdf
p1-m3-q282,1,3,Na Direção da Segurança,282,intermediario,O que separa o condutor cuidadoso do distraído?,,Atenção contínua e sem celular.,Atenção é chave para evitar sinistros.,Pressa constante.,Farol alto a qualquer hora.,Mudar de faixa sem seta.,/Users/lucianodiisouza/Documents/projects/autocurso-2000/Banco Nacional de Questões.pdf
p1-m3-q283,1,3,Na Direção da Segurança,283,intermediario,"Para reduzir pontos cegos ao dirigir, a conduta adequada é:",,Ajustar retrovisores e checar com leve giro de cabeça antes da troca de faixa.,Ajuste + verificação direta ampliam percepção lateral e evitam colisões por mudança de faixa.,Olhar só o espelho interno.,Confiar no alerta sonoro do carro.,Usar farol alto para “afastar” veículos.,/Users/lucianodiisouza/Documents/projects/autocurso-2000/Banco Nacional de Questões.pdf
p1-m3-q284,1,3,Na Direção da Segurança,284,intermediario,Pessoas sem cinto no banco traseiro podem:,,Ser projetadas para a frente e ferir os da frente.,Massa do corpo vira “projétil” interno.,Proteger quem está à frente.,Melhorar a frenagem.,Evitar danos no painel.,/Users/lucianodiisouza/Documents/projects/autocurso-2000/Banco Nacional de Questões.pdf
p1-m3-q285,1,3,Na Direção da Segurança,285,intermediario,Por que duas pessoas no mesmo cinto é perigoso?,,O cinto não distribui forças corretamente e pode ferir ambos.,Cada ocupante precisa de ancoragem própria.,Fica mais confortável.,O airbag não inflará.,Evita multa.,/Users/lucianodiisouza/Documents/projects/autocurso-2000/Banco Nacional de Questões.pdf
p1-m3-q286,1,3,Na Direção da Segurança,286,intermediario,Por que não se deve dormir apoiado no encosto de cabeça?,,"Ele é item de proteção, não de conforto, posição errada reduz eficácia.",Distância da nuca reduz proteção no impacto traseiro.,Porque quebra fácil.,Porque atrapalha o som do carro.,Porque aumenta consumo.,/Users/lucianodiisouza/Documents/projects/autocurso-2000/Banco Nacional de Questões.pdf
p1-m3-q287,1,3,Na Direção da Segurança,287,intermediario,"Por que não usar almofadas, capas ou toalhas no banco?",,Facilitam o deslizamento do corpo e anulam o cinto.,Aumenta risco do efeito submarino.,Só sujam o estofado.,Esfriam o assento.,Atrapalham o ar-condicionado.,/Users/lucianodiisouza/Documents/projects/autocurso-2000/Banco Nacional de Questões.pdf
p1-m3-q288,1,3,Na Direção da Segurança,288,intermediario,Por que reduzir a velocidade “antes da curva” é mais seguro?,,Porque o carro mantém estabilidade e não perde aderência.,"Curva exige tração equilibrada, o que só ocorre com menor velocidade.",Porque economiza combustível.,Porque evita farol alto.,Porque melhora o conforto.,/Users/lucianodiisouza/Documents/projects/autocurso-2000/Banco Nacional de Questões.pdf
p1-m3-q289,1,3,Na Direção da Segurança,289,dificil,Quais cinco princípios sustentam a direção defensiva?,,"Conhecimento, atenção, previsão, decisão, habilidade.",Conjunto orienta o comportamento seguro.,"Pressa, potência, sorte, risco, ousadia.","Velocidade, coragem, ruído, farol alto, disputa.","Experiência, carisma, música, rotina, atalho.",/Users/lucianodiisouza/Documents/projects/autocurso-2000/Banco Nacional de Questões.pdf
p1-m3-q290,1,3,Na Direção da Segurança,290,dificil,Quais fatores reduzem a aderência do veículo?,,"Água, areia, óleo ou buracos na pista.",Superfícies instáveis aumentam o risco de derrapagem.,Pista seca e limpa.,Pneu calibrado corretamente.,Direção suave.,/Users/lucianodiisouza/Documents/projects/autocurso-2000/Banco Nacional de Questões.pdf
p1-m3-q291,1,3,Na Direção da Segurança,291,intermediario,Qual a diferença entre direção defensiva e preventiva?,,"Defensiva protege, preventiva antecipa o risco.","A direção defensiva reage com segurança, a preventiva evita o perigo antes.","Defensiva evita multas, preventiva é opcional.","Defensiva é usada em rodovias, preventiva em cidades.",Não há diferença entre elas.,/Users/lucianodiisouza/Documents/projects/autocurso-2000/Banco Nacional de Questões.pdf
p1-m3-q292,1,3,Na Direção da Segurança,292,intermediario,Qual afirmação sobre viagens curtas é correta?,,O cinto deve ser usado em todas as viagens.,Muitos sinistros ocorrem perto de casa.,"Em trajetos curtos, o cinto é dispensável.",Só usar o cinto após 10 km.,Utilizar o cinto apenas à noite.,/Users/lucianodiisouza/Documents/projects/autocurso-2000/Banco Nacional de Questões.pdf
p1-m3-q293,1,3,Na Direção da Segurança,293,intermediario,Qual calçado não é adequado para pilotar?,,Chinela e sandália sem calcanhar,Podem escapar dos pedais e prender.,Bota fechada com sola firme.,Tênis que envolve o pé.,Bota com sola antiderrapante.,/Users/lucianodiisouza/Documents/projects/autocurso-2000/Banco Nacional de Questões.pdf
p1-m3-q294,1,3,Na Direção da Segurança,294,facil,Qual checklist rápido antes de iniciar a viagem está correto?,,"Espelhos, cintos, faróis, celular fora de uso e velocidade compatível.","Preparação simples reduz falhas humanas, melhora reação e comunicação visual.","Celular à mão, farol alto ligado e banco deitado.","Som alto, janela aberta e marcha alta.","Sem cinto, olhar o celular no semáforo.",/Users/lucianodiisouza/Documents/projects/autocurso-2000/Banco Nacional de Questões.pdf
p1-m3-q295,1,3,Na Direção da Segurança,295,intermediario,Qual combinação potencializa a eficácia do airbag frontal?,,Cinto correto + mãos bem posicionadas + apoio de cabeça ajustado.,Sistemas passivos funcionam em conjunto com postura adequada.,Apenas airbag e banco deitado.,Só DRL ligado.,Apenas pneu novo.,/Users/lucianodiisouza/Documents/projects/autocurso-2000/Banco Nacional de Questões.pdf
p1-m3-q296,1,3,Na Direção da Segurança,296,intermediario,Qual combinação resume a direção segura em curvas?,,"Reduzir antes, volante suave e controle contínuo.",Antecipar e manter suavidade preservam aderência.,Frear forte dentro da curva.,Girar rápido e compensar depois.,Acelerar no meio da curva.,/Users/lucianodiisouza/Documents/projects/autocurso-2000/Banco Nacional de Questões.pdf
p1-m3-q297,1,3,Na Direção da Segurança,297,intermediario,Qual conduta legal sobre o cinto?,,"Usar é obrigatório, não usar é infração grave.",Obrigação geral e penalidade prevista.,Uso é opcional na cidade.,Só o motorista deve usar.,É obrigatório apenas em rodovia.,/Users/lucianodiisouza/Documents/projects/autocurso-2000/Banco Nacional de Questões.pdf
p1-m3-q298,1,3,Na Direção da Segurança,298,intermediario,Qual decisão é mais segura ao iniciar ultrapassagem em pista simples?,,"Só iniciar com visibilidade ampla, local permitido e espaço para retornar para a via de
origem.",Condições rigorosas evitam conflitos frontais.,Iniciar no final de curva.,Forçar retorno sem espaço.,Ir pela direita por “agilidade”.,/Users/lucianodiisouza/Documents/projects/autocurso-2000/Banco Nacional de Questões.pdf
p1-m3-q299,1,3,Na Direção da Segurança,299,intermediario,Qual é a forma correta de verificar o ajuste do cinto?,,"Sem torções, fecho íntegro e fita bem esticada.",Torções e folgas aumentam deslocamento do corpo.,Torcido para “travar mais”.,Fecho semiaberto.,Folgado para conforto.,/Users/lucianodiisouza/Documents/projects/autocurso-2000/Banco Nacional de Questões.pdf
p1-m3-q300,1,3,Na Direção da Segurança,300,intermediario,Qual exemplo mostra avaliação de riscos correta ao aproximar-se de escola?,,"Reduzir velocidade, prever travessias e manter distância do veículo à frente.","Ambientes com crianças têm risco elevado, prever, reduzir e manter distância é essencial.",Manter velocidade e buzinar para apressar pedestres.,Desviar rápido por outra faixa sem olhar.,Acelerar para “passar antes” de pedestres.,/Users/lucianodiisouza/Documents/projects/autocurso-2000/Banco Nacional de Questões.pdf
p1-m3-q301,1,3,Na Direção da Segurança,301,dificil,Qual relação direta existe entre velocidade e frenagem?,,Pequeno aumento na velocidade exige muito mais distância para parar.,Crescimento exponencial da energia cinética.,A distância de frenagem sempre é igual.,Aumentar a velocidade não impacta no tempo de parada.,Só o freio influencia.,/Users/lucianodiisouza/Documents/projects/autocurso-2000/Banco Nacional de Questões.pdf
p1-m3-q302,1,3,Na Direção da Segurança,302,intermediario,Qual resposta é a mais segura ao perceber óleo na pista?,,Reduzir a velocidade e manter a atenção na condução do veículo.,Aderência limitada exige suavidade e preparo prévio.,Frear forte.,Passar acelerando brusco.,Olhar para a mancha e travar.,/Users/lucianodiisouza/Documents/projects/autocurso-2000/Banco Nacional de Questões.pdf
p1-m3-q303,1,3,Na Direção da Segurança,303,intermediario,"Sem cinto, o airbag pode:",,Causar ferimentos ao atingir a pessoa em alta velocidade.,"Infla até ~300 km/h, o cinto deve conter o corpo.",Proteger ainda melhor.,Economizar combustível.,Não abrir.,/Users/lucianodiisouza/Documents/projects/autocurso-2000/Banco Nacional de Questões.pdf
p1-m3-q304,1,3,Na Direção da Segurança,304,intermediario,"Sobre a buzina, qual leitura está correta segundo o CTB?",,"Uso em toques breves como advertência, prolongado e fora de horário/local é infração
leve.",Art. 227 tipifica o uso adequado e as proibições.,Uso livre em qualquer horário urbano.,Obrigatória para mudar de faixa.,Permitida por tempo ilimitado em hospitais.,/Users/lucianodiisouza/Documents/projects/autocurso-2000/Banco Nacional de Questões.pdf
p1-m3-q305,1,3,Na Direção da Segurança,305,intermediario,"Sobre crianças no carro, a conduta segura é:",,Usar sempre dispositivo de retenção adequado.,Proteção infantil é requisito de segurança.,Colocar no colo com cinto do adulto.,Sentar solta no banco traseiro.,Ficar à frente sem cadeirinha.,/Users/lucianodiisouza/Documents/projects/autocurso-2000/Banco Nacional de Questões.pdf
p1-m3-q306,1,3,Na Direção da Segurança,306,intermediario,Ultrapassagem segura exige:,,"Fazer pela esquerda, em local permitido, com espaço e visibilidade.",Condições e local apropriado são indispensáveis para uma ultrapassagem segura.,"Pela direita, sempre.",Em curva sem visão.,Com farol alto ligado atrás do outro veículo.,/Users/lucianodiisouza/Documents/projects/autocurso-2000/Banco Nacional de Questões.pdf
p1-m3-q307,1,3,Na Direção da Segurança,307,intermediario,Um condutor percebe chuva forte iniciando. Qual a primeira atitude segura?,,Reduzir a velocidade e acionar o limpador de para-brisa.,A percepção sensorial exige resposta motora adequada e preventiva.,Aumentar a velocidade para fugir da chuva.,Acender farol alto.,Frear bruscamente e parar na pista.,/Users/lucianodiisouza/Documents/projects/autocurso-2000/Banco Nacional de Questões.pdf
p1-m3-q308,1,3,Na Direção da Segurança,308,intermediario,Usar o guidão da motocicleta como cabide para sacolas:,,Compromete a segurança e o controle.,Peso no guidão altera direção e estabilidade do veículo.,Melhora equilíbrio.,Reduz esforço do piloto.,É neutro se for leve.,/Users/lucianodiisouza/Documents/projects/autocurso-2000/Banco Nacional de Questões.pdf
p1-m3-q309,1,3,Na Direção da Segurança,309,intermediario,Uso correto do capacete inclui:,,Viseira abaixada ou óculos de proteção e fecho ajustado.,"O motociclista deve usar a viseira ou óculos para evitar a queda de objetos nos olhos. O fecho
do capacete evita a perda deste em caso de colisões.",Viseira aberta e sem fecho.,Óculos de sol no lugar da viseira.,Sem selo de qualidade.,/Users/lucianodiisouza/Documents/projects/autocurso-2000/Banco Nacional de Questões.pdf
p1-m3-q310,1,3,Na Direção da Segurança,310,intermediario,Uso correto do farol de neblina:,,"Só em neblina, cerração, chuva forte, fumaça ou poeira.",O feixe baixo melhora visão próxima do solo em clima adverso.,"Em dias claros, para estética.",Sempre com farol alto.,No lugar do farol baixo à noite.,/Users/lucianodiisouza/Documents/projects/autocurso-2000/Banco Nacional de Questões.pdf
p1-m3-q311,1,3,Na Direção da Segurança,311,facil,"Ao abrir a porta do carro parado na rua, a atitude segura é:",,Conferir espelhos e olhar por cima do ombro para não atingir outros usuários da via.,Os condutores devem estar atentos aos arredores e à segurança da via.,Abrir rápido e descer logo.,Abrir no fluxo para parar o trânsito.,Pedir para outro veículo desviar.,/Users/lucianodiisouza/Documents/projects/autocurso-2000/Banco Nacional de Questões.pdf
p1-m3-q312,1,3,Na Direção da Segurança,312,facil,"Ao cruzar com cadeirante em rampa de acesso, o que não fazer?",,Parar sobre a guia rebaixada ou bloquear a rampa.,Bloquear rampa tira autonomia e segurança.,Aguardar e manter distância segura.,Oferecer passagem livre e sinalizar.,Evitar estacionar em vaga PCD sem credencial.,/Users/lucianodiisouza/Documents/projects/autocurso-2000/Banco Nacional de Questões.pdf
p1-m3-q313,1,3,Na Direção da Segurança,313,facil,"Ao ultrapassar um ciclista na via urbana, o que é correto?",,"Reduzir a velocidade e manter 1,5 m de distância lateral.",O condutor deve respeitar os demais usuários da via e manter a segurança de todos.,Passar coladinho para não atrapalhar.,Buzinar e apertar o ciclista no meio-fio.,Fechar a passagem para ele descer.,/Users/lucianodiisouza/Documents/projects/autocurso-2000/Banco Nacional de Questões.pdf
p1-m3-q314,1,3,Na Direção da Segurança,314,facil,Carlos dirige à noite com o farol queimado. Isso representa:,,"Um risco, pois diminui a visibilidade e aumenta o risco de sinistro.",A iluminação do veículo aumenta a visibilidade e reduz o risco de sinistros.,Economia de energia para o carro.,"Cuidado, se o condutor andar devagar.","Consciência, só estando errado se a via for sem iluminação.",/Users/lucianodiisouza/Documents/projects/autocurso-2000/Banco Nacional de Questões.pdf
p1-m3-q315,1,3,Na Direção da Segurança,315,facil,Carlos dirige com o braço para fora da janela do carro. Qual o erro?,,Conduzir com parte do corpo para fora do veículo.,"Conduzir veículo com braço para fora configura infração de trânsito, conforme art. 252, inciso I,
do CTB.",Ficar devagar demais na pista.,Não ligar o farol.,Ultrapassar pela direita.,/Users/lucianodiisouza/Documents/projects/autocurso-2000/Banco Nacional de Questões.pdf
p1-m3-q316,1,3,Na Direção da Segurança,316,facil,"Carlos dirige seu carro e usa o celular para mandar mensagem. Ele perde a atenção e
bate no carro da frente. Esse fato é:",,"Um sinistro de trânsito, que poderia ter sido evitado se ele não usasse o celular.",O uso do celular ao volante é comportamento de risco e causa evitável de sinistro.,"Um acidente inevitável, que acontece com qualquer pessoa.","Um problema de sorte, sem culpa de ninguém.",Um defeito do carro.,/Users/lucianodiisouza/Documents/projects/autocurso-2000/Banco Nacional de Questões.pdf
p1-m3-q317,1,3,Na Direção da Segurança,317,facil,Chove forte. O que é correto fazer?,,Reduzir a velocidade e aumentar a distância dos demais veículos.,Adaptação às condições adversas evita sinistro.,Ligar farol alto e acelerar.,Frear forte em cima da curva.,Seguir colado no carro da frente.,/Users/lucianodiisouza/Documents/projects/autocurso-2000/Banco Nacional de Questões.pdf
p1-m3-q318,1,3,Na Direção da Segurança,318,facil,Como o motorista pode prevenir atropelamentos de crianças?,,Reduzindo a velocidade em áreas residenciais e perto de escolas.,Crianças são imprevisíveis,Tocando buzina para avisar.,Estacionando em fila dupla.,Deixando o motor ligado e observando.,/Users/lucianodiisouza/Documents/projects/autocurso-2000/Banco Nacional de Questões.pdf
p1-m3-q319,1,3,Na Direção da Segurança,319,facil,"Depois de um sinistro leve, os motoristas trocam informações de seguro e liberam a
pista. O que essa atitude mostra?",,Responsabilidade e respeito ao trânsito.,Conduta correta que demostra responsibilidade e preocupação com o fluxo da via.,Medo da polícia.,Desinteresse pelo veículo.,Falta de cuidado.,/Users/lucianodiisouza/Documents/projects/autocurso-2000/Banco Nacional de Questões.pdf
p1-m3-q320,1,3,Na Direção da Segurança,320,facil,Dirigir “um pouco acima” da velocidade pode causar o quê?,,"Sinistros mais graves, com lesões mais sérias.",Energia do impacto cresce rápido com a velocidade.,Menos consumo de combustível.,Viagens sempre mais seguras.,Melhoria da visibilidade.,/Users/lucianodiisouza/Documents/projects/autocurso-2000/Banco Nacional de Questões.pdf
p1-m3-q321,1,3,Na Direção da Segurança,321,facil,"Em pista com óleo, o carro começa a deslizar. Qual ação correta?",,"Tirar o pé do acelerador, segurar firme e evitar frear/bruscar manobras.",Aderência baixa exige suavidade.,Pisar fundo no freio.,Vira todo o volante de uma vez.,Acelerar para “estabilizar”.,/Users/lucianodiisouza/Documents/projects/autocurso-2000/Banco Nacional de Questões.pdf
p1-m3-q322,1,3,Na Direção da Segurança,322,facil,"Em uma rua com escolas e idosos, qual a atitude correta?",,Reduzir e ficar atento a travessias inesperadas.,É importante ter atenção as vias que transitam crianças e idosos.,Manter a velocidade máxima.,Passar rápido para não “atrapalhar”.,Buzinar para avisar.,/Users/lucianodiisouza/Documents/projects/autocurso-2000/Banco Nacional de Questões.pdf
p1-m3-q323,1,3,Na Direção da Segurança,323,facil,Está garoando e a pista ficou escorregadia. O que o motorista deve fazer?,,Reduzir a velocidade e aumentar a distância do carro da frente.,Condição adversa exige adaptação da velocidade.,Acelerar para sair logo da chuva.,Seguir colado para não “perder espaço”.,Frear só em cima da curva.,/Users/lucianodiisouza/Documents/projects/autocurso-2000/Banco Nacional de Questões.pdf
p1-m3-q324,1,3,Na Direção da Segurança,324,facil,"João dirige com o rádio alto e conversa animado com os amigos. Por causa do barulho,
não ouve a buzina de outro carro. O que pode acontecer?",,"Um sinistro, pois o som alto atrapalha a atenção e a audição.",O condutor deve manter o foco na direção.,"Nada, se ele estiver com o cinto.",O rádio ajuda a relaxar e dirigir melhor.,Só é perigoso se for à noite.,/Users/lucianodiisouza/Documents/projects/autocurso-2000/Banco Nacional de Questões.pdf
p1-m3-q325,1,3,Na Direção da Segurança,325,facil,José dirige devagar na faixa da esquerda e causa fila atrás. Isso é perigoso porque:,,Pode irritar outros motoristas e provocar manobras arriscadas.,O condutor deve conduzir o veículo na velocidade permitida na via.,É sinal de que ele é prudente.,Ajuda a diminuir o trânsito.,Aumenta a segurança.,/Users/lucianodiisouza/Documents/projects/autocurso-2000/Banco Nacional de Questões.pdf
p1-m3-q326,1,3,Na Direção da Segurança,326,facil,Marcos dirige ouvindo música no fone de ouvido. Isso é perigoso porque:,,Ele não escuta buzinas ou sirenes.,O condutor deve manter o foco ao trânsito.,O som melhora sua concentração.,Só causa problema em estrada.,Atrapalha apenas os passageiros.,/Users/lucianodiisouza/Documents/projects/autocurso-2000/Banco Nacional de Questões.pdf
p1-m3-q327,1,3,Na Direção da Segurança,327,facil,"Maria está aprendendo a dirigir. Ao ver um pedestre atravessar fora da faixa, ela decide
frear para evitar o atropelamento. A ação dela foi correta?",,"Agiu corretamente, evitando um sinistro.",O condutor deve estar atento aos arredores e observar as preferências da via.,"Errou, porque o pedestre estava errado.",Deveria ter acelerado para não parar o trânsito.,Tinha o direito de seguir sem frear.,/Users/lucianodiisouza/Documents/projects/autocurso-2000/Banco Nacional de Questões.pdf
p1-m3-q328,1,3,Na Direção da Segurança,328,facil,"Num cruzamento semaforizado, você percebe pedestres já iniciando a travessia no fim do
sinal verde. Qual a conduta segura?",,Aguardar a liberação total da faixa antes de partir.,O condutor deve observar as preferências da via e deixar os pedestres terminarem a travessia.,Acelerar no amarelo para sair.,Buzinar forte para abrir caminho.,Desviar pela faixa de ônibus.,/Users/lucianodiisouza/Documents/projects/autocurso-2000/Banco Nacional de Questões.pdf
p1-m3-q329,1,3,Na Direção da Segurança,329,facil,O condutor do veículo à frente está aprendendo a dirigir e hesita para sair. Qual atitude?,,Aguardar com calma e manter distância.,Educação e tolerância criam um ambiente seguro no trânsito.,Acelerar e passar bem perto.,Buzinar sem parar.,Xingá-lo pela janela.,/Users/lucianodiisouza/Documents/projects/autocurso-2000/Banco Nacional de Questões.pdf
p1-m3-q330,1,3,Na Direção da Segurança,330,intermediario,O motorista abre a porta do carro sem olhar e derruba um ciclista.,,Foi falta de atenção e de respeito com usuário vulnerável.,O condutor deve estar sempre atento aos arredores.,O ciclista devia desviar.,Foi culpa do ciclista por andar muito perto.,"É normal, acontece sempre.",/Users/lucianodiisouza/Documents/projects/autocurso-2000/Banco Nacional de Questões.pdf
p1-m3-q331,1,3,Na Direção da Segurança,331,dificil,O que diz a ideia da Visão Zero?,,Nenhuma morte no trânsito é aceitável.,Toda vida perdida é inaceitável.,Alguns acidentes são inevitáveis.,O pedestre é sempre culpado.,Só punir resolve.,/Users/lucianodiisouza/Documents/projects/autocurso-2000/Banco Nacional de Questões.pdf
p1-m3-q332,1,3,Na Direção da Segurança,332,intermediario,O que é velocidade segura?,,"A velocidade ajustada às condições do momento (chuva, fluxo e visibilidade).","Pode ser igual ou menor que a máxima regulamentar, dependendo das condições da via.","A velocidade máxima da placa, sempre.",A velocidade dos carros mais rápidos.,A maior velocidade que o carro alcança.,/Users/lucianodiisouza/Documents/projects/autocurso-2000/Banco Nacional de Questões.pdf
p1-m3-q333,1,3,Na Direção da Segurança,333,intermediario,O que mais define a gravidade de uma batida?,,A velocidade do veículo no impacto.,A energia do impacto aumenta com a velocidade.,A cor do carro.,A marca do pneu.,O número de portas.,/Users/lucianodiisouza/Documents/projects/autocurso-2000/Banco Nacional de Questões.pdf
p1-m3-q334,1,3,Na Direção da Segurança,334,facil,"O que o condutor deve fazer se uma pessoa com deficiência precisar embarcar ou
desembarcar?",,"Esperar com paciência, sem pressionar ou buzinar.",O condutor deve presar pela boa convivência entre todos os usuários da via.,Acelerar para sair logo.,Ficar reclamando.,Passar bem próximo.,/Users/lucianodiisouza/Documents/projects/autocurso-2000/Banco Nacional de Questões.pdf
p1-m3-q335,1,3,Na Direção da Segurança,335,facil,O que significa dizer que o trânsito é um espaço coletivo?,,Que todos compartilham as vias e têm deveres e direitos próprios.,O trânsito é convivência social entre os usuários da via.,Que só os motoristas decidem as regras.,Que é cada um por si.,Que quem paga imposto manda.,/Users/lucianodiisouza/Documents/projects/autocurso-2000/Banco Nacional de Questões.pdf
p1-m3-q336,1,3,Na Direção da Segurança,336,facil,O que significa empatia no trânsito?,,Colocar-se no lugar do outro e agir com respeito.,"A empatia entender o ponto de vista de outra pessoa, entendendo seus sentimentos,
pensamentos e perspectivas",Reclamar quando alguém erra.,Ser sempre o primeiro a passar.,Ignorar o pedestre.,/Users/lucianodiisouza/Documents/projects/autocurso-2000/Banco Nacional de Questões.pdf
p1-m3-q337,1,3,Na Direção da Segurança,337,facil,Por que as crianças precisam de cadeirinhas diferentes conforme a idade?,,Porque o corpo cresce e precisa de proteção adequada para cada fase.,Cada idade exige um tipo de sistema de retenção do corpo.,Porque é exigência do mercado.,Porque os fabricantes pedem.,"Não precisa, pois todas são iguais.",/Users/lucianodiisouza/Documents/projects/autocurso-2000/Banco Nacional de Questões.pdf
p1-m3-q338,1,3,Na Direção da Segurança,338,facil,Por que dirigir com empatia protege os vulneráveis?,,Porque reduz conflitos e aumenta a segurança de todos.,Entender o outro ajuda a evitar sinistros.,Porque evita multas leves.,Porque dá direito à preferência.,Porque deixa o trânsito mais rápido.,/Users/lucianodiisouza/Documents/projects/autocurso-2000/Banco Nacional de Questões.pdf
p1-m3-q339,1,3,Na Direção da Segurança,339,facil,Por que o ciclista é um usuário vulnerável?,,Porque está exposto e se desequilibra com facilidade.,Qualquer desequilíbrio pode causar ferimentos graves.,Porque anda devagar.,Porque não conhece o CTB.,Porque atrapalha o trânsito.,/Users/lucianodiisouza/Documents/projects/autocurso-2000/Banco Nacional de Questões.pdf
p1-m3-q340,1,3,Na Direção da Segurança,340,facil,Por que o motorista deve ver e ser visto ao se aproximar de travessias?,,Para antecipar movimentos e evitar atropelamentos.,Comunicação e previsibilidade salvam vidas.,Para mostrar “quem manda”.,Para economizar tempo.,Para disputar espaço com pedestres.,/Users/lucianodiisouza/Documents/projects/autocurso-2000/Banco Nacional de Questões.pdf
p1-m3-q341,1,3,Na Direção da Segurança,341,facil,Por que o motorista deve cuidar dos mais frágeis?,,Porque essa é a base da convivência segura e humana no trânsito.,"A prioridade é proteger a vida, não o veículo.",Porque é obrigação apenas moral.,Porque ganha desconto na multa.,Porque evita atrasos.,/Users/lucianodiisouza/Documents/projects/autocurso-2000/Banco Nacional de Questões.pdf
p1-m3-q342,1,3,Na Direção da Segurança,342,facil,Por que o motorista não pode parar sobre calçadas?,,Porque atrapalha o caminho dos usuários da calçada.,A calçada é própria para a circulação de determinadas pessoas.,Porque suja o pneu.,Porque só é proibido em rodovias.,Porque é falta de educação apenas.,/Users/lucianodiisouza/Documents/projects/autocurso-2000/Banco Nacional de Questões.pdf
p1-m3-q343,1,3,Na Direção da Segurança,343,facil,Por que o motorista deve reduzir perto de escolas e praças?,,Porque há pedestres e crianças atravessando.,Crianças e pedestres são os mais frágeis no trânsito.,Porque a rua é estreita.,Porque é área sem fiscalização.,Porque pode estacionar melhor.,/Users/lucianodiisouza/Documents/projects/autocurso-2000/Banco Nacional de Questões.pdf
p1-m3-q344,1,3,Na Direção da Segurança,344,facil,Por que os pedestres são considerados vulneráveis?,,"Porque andam expostos, sem proteção.",O pedestre não tem carroceria para proteger o corpo.,Porque andam sempre distraídos.,Porque gostam de correr risco.,Porque ocupam a rua indevidamente.,/Users/lucianodiisouza/Documents/projects/autocurso-2000/Banco Nacional de Questões.pdf
p1-m3-q345,1,3,Na Direção da Segurança,345,facil,"Por que pedestres, ciclistas e motociclistas são “vulneráveis”?",,Porque estão mais expostos e sofrem mais em caso de impacto.,Exposição física = maior gravidade em sinistros.,Porque “atrapalham” os carros.,Porque desrespeitam mais a lei.,Porque não usam a via.,/Users/lucianodiisouza/Documents/projects/autocurso-2000/Banco Nacional de Questões.pdf
p1-m3-q346,1,3,Na Direção da Segurança,346,facil,Por que reduzir a velocidade em áreas cheias de gente?,,Para evitar sinistros com mortes e ferimentos graves.,"Velocidade segura protege o corpo humano, que tem limites.",Para economizar combustível.,Para “andar junto” com os outros.,Para não ser multado.,/Users/lucianodiisouza/Documents/projects/autocurso-2000/Banco Nacional de Questões.pdf
p1-m3-q347,1,3,Na Direção da Segurança,347,facil,Por que reduzir a velocidade perto de escolas e hospitais?,,Porque há pedestres e pessoas vulneráveis.,Reduzir velocidade salva vidas.,Porque o radar pode multar.,Porque gasta menos combustível.,Porque o trânsito é lento.,/Users/lucianodiisouza/Documents/projects/autocurso-2000/Banco Nacional de Questões.pdf
p1-m3-q348,1,3,Na Direção da Segurança,348,facil,Qual conduta traduz educação no trânsito no dia a dia?,,Respeitar as normas e agir com empatia e tolerância.,"O condutor deve respeitar as regras e os demais usuários da via para garantir a segurança de
todos e qualidade de vida.",Apenas decorar multas e valores.,Buscar vantagem em todo momento.,Ter conhecimento de onde ficam os semáforos com fiscalização de velocidade.,/Users/lucianodiisouza/Documents/projects/autocurso-2000/Banco Nacional de Questões.pdf
p1-m3-q349,1,3,Na Direção da Segurança,349,facil,Qual deve ser a prioridade número um no trânsito?,,A vida das pessoas.,A prioridade para todos envolvidos com o trânsito é a proteção da vida.,O tempo de viagem.,O valor do combustível.,O tamanho da via.,/Users/lucianodiisouza/Documents/projects/autocurso-2000/Banco Nacional de Questões.pdf
p1-m3-q350,1,3,Na Direção da Segurança,350,facil,Qual é a atitude correta ao ver uma pessoa com muletas atravessando a rua?,,Parar e permitir a travessia com calma.,"Pessoas com mobilidade reduzida precisam de tempo e espaço, devendo ser respeitado pelos
condutores.",Acelerar para passar antes.,Buzinar para apressar.,"Passar ao lado, bem perto.",/Users/lucianodiisouza/Documents/projects/autocurso-2000/Banco Nacional de Questões.pdf
p1-m3-q351,1,3,Na Direção da Segurança,351,facil,Qual é a meta principal do Pnatrans?,,Reduzir pela metade as mortes no trânsito até 2030.,"O Pnatrans, criado pela Lei nº 13.614, de 2018, tem como objetivo reduzir a quantidade de
mortes no trânsito.",Fazer novas estradas.,Aumentar o número de radares.,Criar mais multas.,/Users/lucianodiisouza/Documents/projects/autocurso-2000/Banco Nacional de Questões.pdf
p1-m3-q352,1,3,Na Direção da Segurança,352,facil,Um caminhoneiro dirige há muitas horas sem parar. Qual é o maior risco?,,O cansaço causar sono e provocar um sinistro de trânsito.,"Os condutores devem garantir que possuem condições de conduzir o veículo de forma plena e
segura.",O caminhão gastar mais combustível.,A viagem demorar mais.,O pneu esquentar demais.,/Users/lucianodiisouza/Documents/projects/autocurso-2000/Banco Nacional de Questões.pdf
p1-m3-q353,1,3,Na Direção da Segurança,353,facil,Um ciclista está à frente do veículo. O que o motorista deve fazer ao ultrapassar?,,"Manter 1,5 metro de distância lateral.","A distância lateral de 1,5 m evita sinistros.",Buzinar forte para avisar.,Passar colado para não atrapalhar o trânsito.,Acelerar rápido e seguir.,/Users/lucianodiisouza/Documents/projects/autocurso-2000/Banco Nacional de Questões.pdf
p1-m3-q354,1,3,Na Direção da Segurança,354,facil,Um motorista vê uma criança soltar a bola e correr para a rua. O que ele deve fazer?,,Reduzir a velocidade e preparar-se para parar o veículo.,O condutor deve estar atento aos arredores e pronto para intercorrências.,Buzinar e seguir em frente.,Continuar em alta velocidade para não atrapalhar.,Aumentar o som para chamar atenção.,/Users/lucianodiisouza/Documents/projects/autocurso-2000/Banco Nacional de Questões.pdf
p1-m3-q355,1,3,Na Direção da Segurança,355,facil,Um motorista vê uma pessoa com deficiência atravessando. O que deve fazer?,,Parar totalmente e esperar.,O condutor deve observar as preferências da via.,Buzinar e acelerar.,Passar devagar ao lado.,Fazer sinal com o farol.,/Users/lucianodiisouza/Documents/projects/autocurso-2000/Banco Nacional de Questões.pdf
p1-m3-q356,1,3,Na Direção da Segurança,356,facil,"Um pedestre começa a atravessar a faixa e o sinal abre para os carros. O que o motorista
deve fazer?",,Esperar o pedestre terminar de atravessar.,O pedestre que já está na faixa tem prioridade na via.,Acelerar devagar para ele sair logo.,Buzinar para apressar o pedestre.,Passar bem perto dele.,/Users/lucianodiisouza/Documents/projects/autocurso-2000/Banco Nacional de Questões.pdf
p1-m3-q357,1,3,Na Direção da Segurança,357,facil,Um pedestre usa o celular enquanto atravessa a via. O que pode acontecer?,,Ele pode se distrair e sofrer um sinistro.,A distração aumenta o risco de atropelamento.,"Nada, pois está na faixa.",O motorista é o único responsável.,Isso é sempre permitido.,/Users/lucianodiisouza/Documents/projects/autocurso-2000/Banco Nacional de Questões.pdf
p1-m3-q358,1,3,Na Direção da Segurança,358,facil,Uma motorista tenta ultrapassar em uma curva sem visibilidade. Essa ação é:,,Extremamente perigosa e proibida por lei.,"Além de ser uma conduta perigosa, é vedada pelo CTB, conforme art. 32.",Aceitável se ela estiver com pressa.,Permitida em pista dupla.,Correta se não vier carro no sentido contrário.,/Users/lucianodiisouza/Documents/projects/autocurso-2000/Banco Nacional de Questões.pdf
p1-m3-q359,1,3,Na Direção da Segurança,359,facil,Você chega a uma faixa de pedestres e uma senhora começa a atravessar. O que fazer?,,Parar e esperar ela terminar a travessia.,O condutor deve respeitar a prioridade do pedestre em travessia.,Buzinar para ela se apressar.,Desviar pela direita.,Passar devagar só um pouquinho.,/Users/lucianodiisouza/Documents/projects/autocurso-2000/Banco Nacional de Questões.pdf
p1-m3-q360,1,3,Na Direção da Segurança,360,facil,"Você começa uma ultrapassagem a um ciclista e um carro surge em sentido contrário. A
atitude correta é:",,"Desistir da ultrapassagem, reduzir a velocidade e retomar, mantendo a distância segura
com 1,5 m do ciclista.",Os condutores devem garantir a segurança dos mais vulneráveis.,Completar a ultrapassagem mesmo sendo perigoso.,Buzinar e seguir entre o carro e o ciclista.,Forçar o ciclista a ir para o acostamento.,/Users/lucianodiisouza/Documents/projects/autocurso-2000/Banco Nacional de Questões.pdf
p1-m3-q361,1,3,Na Direção da Segurança,361,facil,Você está numa rua estreita e um pedestre atravessa fora da faixa. O que fazer?,,"Reduzir e parar, garantindo a segurança dele.",O condutor deve respeitar as preferências da via.,Acelerar para mostrar que ele está errado.,Buzinar e seguir.,Passar bem perto para assustar.,/Users/lucianodiisouza/Documents/projects/autocurso-2000/Banco Nacional de Questões.pdf
p1-m3-q362,1,3,Na Direção da Segurança,362,facil,Você vê um caminhão manobrando numa esquina. O que fazer?,,"Dar espaço, manter distância e aguardar a manobra.",O bom convívio no trânsito é um dos elementos da direção segura.,Fechar a frente do veículo para passar primeiro.,Buzinar e colar na traseira.,Forçar a ultrapassagem pela direita.,/Users/lucianodiisouza/Documents/projects/autocurso-2000/Banco Nacional de Questões.pdf
p1-m3-q363,1,3,Na Direção da Segurança,363,facil,Você vê um idoso atravessando devagar a rua. O que deve fazer?,,Reduzir a velocidade e esperar com paciência.,O condutor deve respeitar as preferências da via e garantir a segurança de todos.,Buzinar para ele andar mais rápido.,Passar antes dele terminar.,Desviar pela calçada.,/Users/lucianodiisouza/Documents/projects/autocurso-2000/Banco Nacional de Questões.pdf
p1-m3-q364,1,3,Na Direção da Segurança,364,facil,Você vê um ônibus sinalizando saída da parada. O que fazer?,,"Facilitar a manobra, mantendo distância e deixando espaço.",O bom convívio no trânsito é um dos elementos da direção segura.,Acelerar para passar antes.,Fechar o ônibus para ele não sair.,Buzinar e colar na traseira.,/Users/lucianodiisouza/Documents/projects/autocurso-2000/Banco Nacional de Questões.pdf
p1-m3-q365,1,3,Na Direção da Segurança,365,facil,Você vê uma criança perto da rua atrás de uma bola. Qual atitude?,,Reduzir a velocidade e ficar pronto para parar.,Prevenção protege os mais vulneráveis.,Buzinar e seguir.,Acelerar para passar logo.,"Ignorar, pois ela está na calçada.",/Users/lucianodiisouza/Documents/projects/autocurso-2000/Banco Nacional de Questões.pdf
p1-m3-q366,1,3,Na Direção da Segurança,366,intermediario,A meta do Pnatrans até 2030 é:,,Reduzir pela metade a quantidade de fatalidades no trânsito.,"A meta principal do Plano Nacional de Redução de Mortes e Lesões no Trânsito (PNATRANS)
para o período de 2021 a 2030 é reduzir, no mínimo, à metade (50%) o índice nacional de mortos e de lesões
graves no trânsito por grupo de habitantes, utilizando como referência os dados de 2020.",Zerar multas.,Aumentar velocidade nas vias.,Priorizar só carros.,/Users/lucianodiisouza/Documents/projects/autocurso-2000/Banco Nacional de Questões.pdf
p1-m3-q367,1,3,Na Direção da Segurança,367,dificil,"Um motorista sai de um posto de combustível (área lindeira) sem observar o fluxo da via
principal e entra na pista, forçando outro veículo a frear bruscamente. Qual foi o erro de conduta
fundamental cometido pelo motorista que saiu do posto?",,"Entrar na via sem dar a preferência de passagem aos veículos que já estavam circulando
na pista.","O condutor que for ingressar numa via, procedente de lote lindeiro (como um posto de
combustível), deverá dar preferência aos veículos e pedestres que por ela estejam transitando.",Culpa do outro motorista que estava atrás.,Falha do freio do carro.,Azar por coincidência.,/Users/lucianodiisouza/Documents/projects/autocurso-2000/Banco Nacional de Questões.pdf
p1-m3-q368,1,3,Na Direção da Segurança,368,intermediario,"Ao ver neblina, o que é correto?",,Reduzir e ligar farol baixo.,"Reduzir a velocidade, acender o farol baixo (ou de neblina) e aumentar a distância de segurança
do veículo à frente. Conforme estabelece o Art. 40, inciso II do CTB, o condutor deve usar luz baixa nas vias
com iluminação pública ou em condições de chuva, neblina, cerração.",Ligar farol alto.,Acelerar para “sair da neblina”.,Ligar pisca-alerta e seguir.,/Users/lucianodiisouza/Documents/projects/autocurso-2000/Banco Nacional de Questões.pdf
p1-m3-q369,1,3,Na Direção da Segurança,369,intermediario,"Durante um engarrafamento, o motorista decide andar pelo acostamento. Qual o
risco?",,Provocar sinistros e atrapalhar veículos de emergência.,"Conforme estabelece o Art. 193 do CTB, transitar com o veículo pelo acostamento é considerado
infração gravíssima, sujeita à multa. O risco se deve ao fato de o acostamento ser destinado exclusivamente à
parada de veículos em situação de emergência e, em estradas, ao trânsito de pedestres e bicicletas. Ao
circular por lá, o motorista coloca em risco a vida de pessoas paradas e impede o uso do local por veículos de
socorro, como ambulâncias.",Evitar atrasos sem causar perigo.,Melhorar o fluxo do trânsito.,Mostrar habilidade ao volante.,/Users/lucianodiisouza/Documents/projects/autocurso-2000/Banco Nacional de Questões.pdf
p1-m3-q370,1,3,Na Direção da Segurança,370,intermediario,"Em avenida com chuva intensa, qual é a velocidade segura?",,"Aquela que permite controlar e parar o carro com segurança, mesmo abaixo do limite.","Em condições de chuva, a aderência dos pneus é reduzida (aumentando o risco de
aquaplanagem) e o tempo de frenagem aumenta, enquanto o campo de visão diminui. A Direção Defensiva
exige a redução da velocidade para que o condutor consiga parar o veículo dentro do alcance da visibilidade
dos faróis e manter o controle total do veículo",Sempre a da placa.,A mesma dos carros mais rápidos.,A maior possível sem frear.,/Users/lucianodiisouza/Documents/projects/autocurso-2000/Banco Nacional de Questões.pdf
p1-m3-q371,1,3,Na Direção da Segurança,371,intermediario,"Em avenida molhada, qual combinação é mais segura?",,Reduzir a velocidade e manter distância maior.,"Em condições de chuva, a aderência dos pneus é reduzida (aumentando o risco de
aquaplanagem) e o tempo de frenagem aumenta, enquanto o campo de visão diminui. A Direção Defensiva
exige a redução da velocidade para que o condutor consiga parar o veículo dentro do alcance da visibilidade
dos faróis e manter o controle total do veículo",Frear no último momento.,Acender farol alto e acelerar.,Seguir colado em veículo maior.,/Users/lucianodiisouza/Documents/projects/autocurso-2000/Banco Nacional de Questões.pdf
p1-m3-q372,1,3,Na Direção da Segurança,372,intermediario,"Em cruzamento, qual atitude reduz o risco de impacto transversal?",,Diminuir a velocidade e observar bem antes de avançar.,"Conforme os princípios da Direção Defensiva, a colisão transversal é o tipo mais perigoso em
cruzamentos. O risco é drasticamente reduzido ao se adotar a regra de ""ver e ser visto"". O condutor deve
reduzir a velocidade para garantir que terá tempo de reação e, principalmente, olhar para ambos os lados
antes de atravessar, mesmo que a preferência seja dele, a fim de prever e evitar a imprudência de outros
motoristas que possam desrespeitar a sinalização ou a preferência.",Acelerar para “não atrapalhar”.,Passar “colado” em quem está à frente.,Confiar só no sinal verde.,/Users/lucianodiisouza/Documents/projects/autocurso-2000/Banco Nacional de Questões.pdf
p1-m3-q373,1,3,Na Direção da Segurança,373,intermediario,"Em um cruzamento sem sinal, quem deve passar primeiro?",,O veículo que vem pela direita.,"A preferência é do veículo que vier pela direita do condutor, assumindo que nenhuma das vias
seja rotatória ou rodovia e não haja veículos sobre trilhos.",O maior veículo.,O motorista mais apressado.,Quem buzinar primeiro.,/Users/lucianodiisouza/Documents/projects/autocurso-2000/Banco Nacional de Questões.pdf
p1-m3-q374,1,3,Na Direção da Segurança,374,intermediario,"Em uma estrada molhada, o motorista pisa forte no freio e o carro derrapa. O que
ele fez de errado?",,Não reduziu a velocidade e freou bruscamente.,"Em condições de chuva, a aderência dos pneus é reduzida (aumentando o risco de
aquaplanagem) e o tempo de frenagem aumenta, enquanto o campo de visão diminui. A Direção Defensiva
exige a redução da velocidade para que o condutor consiga parar o veículo dentro do alcance da visibilidade
dos faróis e manter o controle total do veículo",Usou o farol baixo.,Estava com o cinto de segurança.,Seguiu o limite da via.,/Users/lucianodiisouza/Documents/projects/autocurso-2000/Banco Nacional de Questões.pdf
p1-m3-q375,1,3,Na Direção da Segurança,375,intermediario,"Em via com corredor estreito, uma moto se aproxima pelo lado do veículo.
Condutor do carro deve:",,"Manter trajetória previsível, reduzir e sinalizar antes de qualquer mudança.","O motorista deve sinalizar e verificar antes de qualquer mudança de faixa e manter a distância
lateral mesmo em condições de trânsito lento, garantindo a segurança do motociclista.",Jogar o carro para o meio para “fechar”.,Abrir porta sem olhar.,Buzinar e acelerar.,/Users/lucianodiisouza/Documents/projects/autocurso-2000/Banco Nacional de Questões.pdf
p1-m3-q376,1,3,Na Direção da Segurança,376,intermediario,"Em via com velocidade máxima de 80 km/h, começou a chover forte. Qual
decisão correta?",,"Reduzir para uma velocidade segura (ex.: 70, 60 ou menos).","Em condições de chuva, a aderência dos pneus é reduzida (aumentando o risco de
aquaplanagem) e o tempo de frenagem aumenta, enquanto o campo de visão diminui. A Direção Defensiva
exige a redução da velocidade para que o condutor consiga parar o veículo dentro do alcance da visibilidade
dos faróis e manter o controle total do veículo","Manter 80 km/h, porque “está na placa”.",Acelerar para sair da chuva.,Ligar farol alto e seguir igual.,/Users/lucianodiisouza/Documents/projects/autocurso-2000/Banco Nacional de Questões.pdf
p1-m3-q377,1,3,Na Direção da Segurança,377,facil,José vê uma poça d’água grande e decide jogar o carro sobre ela para “brincar”. Isso é:,,É infração média e o principal risco é a aquaplanagem.,"Conforme estabelece o Art. 171 do CTB, usar o veículo para arremessar água ou detritos sobre
pedestres ou outros veículos é considerado infração média, sujeita a multa. Além da penalidade, a Direção
Defensiva identifica o risco de aquaplanagem (perda de contato do pneu com o solo devido à camada de
água), o que provoca a perda total de controle do veículo, pondo em risco a segurança.",Um jeito de testar o carro.,Uma forma de limpar os pneus.,Uma diversão sem risco.,/Users/lucianodiisouza/Documents/projects/autocurso-2000/Banco Nacional de Questões.pdf
p1-m3-q378,1,3,Na Direção da Segurança,378,intermediario,"Marcos ultrapassa outro carro em local proibido. Qual o perigo maior nessa
atitude?",,Colidir de frente com quem vem no sentido contrário.,"Conforme estabelece o Art. 203, inciso V do CTB, ultrapassar pela contramão em locais
proibidos (como faixas contínuas, curvas ou aclives) é infração gravíssima com penalidade de multa
multiplicada por cinco e suspensão do direito de dirigir. O risco é máximo porque, ao invadir a contramão, o
motorista não tem tempo ou espaço de reação caso um veículo se aproxime, levando a colisões frontais, que
são o tipo de acidente mais letal.",Ser multado por excesso de velocidade.,Ser seguido por outros carros.,Gastar mais combustível.,/Users/lucianodiisouza/Documents/projects/autocurso-2000/Banco Nacional de Questões.pdf
p1-m3-q379,1,3,Na Direção da Segurança,379,intermediario,Motociclista passa rápido entre carros parados. O mais seguro é:,,Evitar a manobra e manter controle e distância.,"Conforme os princípios da Direção Defensiva, a alta velocidade no ""corredor"" é o maior risco. A
segurança exige velocidade reduzida para dar tempo de reação, pois a qualquer momento, um motorista pode
abrir a porta, iniciar uma troca de faixa inesperada, ou o trânsito pode voltar a fluir. O Art. 29, inciso II do CTB
exige que se guarde distância de segurança, e a alta velocidade anula essa margem.",Acelerar para sair antes.,Passar “colado” no retrovisor.,Alternar zigue-zague.,/Users/lucianodiisouza/Documents/projects/autocurso-2000/Banco Nacional de Questões.pdf
p1-m3-q380,1,3,Na Direção da Segurança,380,intermediario,"No cruzamento, você tem a preferência, mas vê um pedestre já no meio da faixa.
O que fazer?",,Ceder a passagem e aguardar a travessia.,"Conforme estabelece o Art. 70 do CTB, os pedestres que estiverem atravessando a via sobre as
faixas a eles destinadas terão prioridade de passagem sobre os veículos. Mesmo que o motorista tivesse
preferência sobre outros veículos, o Art. 214, inciso IV, define como infração gravíssima deixar de dar
preferência a pedestre que já tenha iniciado a travessia. A segurança e a prioridade do pedestre são absolutas.",Forçar a passagem para “ensinar a regra”.,Passar pela contramão.,Buzinar sem parar.,/Users/lucianodiisouza/Documents/projects/autocurso-2000/Banco Nacional de Questões.pdf
p1-m3-q381,1,3,Na Direção da Segurança,381,facil,"Num cruzamento semaforizado, você percebe pedestres já iniciando a travessia no fim do
sinal verde. Conduta segura:",,Aguardar a liberação total da faixa antes de partir.,"Conforme estabelece o Art. 70 do CTB, os pedestres que estiverem atravessando a via sobre as
faixas a eles destinadas têm prioridade de passagem sobre os veículos. Além disso, o Art. 214, inciso IV,
define como infração gravíssima deixar de dar preferência a pedestre que já tenha iniciado a travessia. A
conduta segura exige a parada total, pois a preferência do pedestre é absoluta, independentemente da cor do
semáforo.",Acelerar “no amarelo” para sair.,Buzinar forte para “abrir caminho”.,Desviar pela faixa de ônibus.,/Users/lucianodiisouza/Documents/projects/autocurso-2000/Banco Nacional de Questões.pdf
p1-m3-q382,1,3,Na Direção da Segurança,382,intermediario,O motorista abre a porta do carro sem olhar e derruba um ciclista.,,Foi falta de atenção e respeito com usuário vulnerável.,"Conforme estabelece o Art. 49, Parágrafo único do CTB, os passageiros e condutores não
deverão abrir a porta, nem deixá-la aberta, sem antes se certificarem de que isso não constitui perigo para eles
e para outros usuários da via.",O ciclista devia desviar.,Foi culpa do ciclista por andar muito perto.,"É normal, acontece sempre.",/Users/lucianodiisouza/Documents/projects/autocurso-2000/Banco Nacional de Questões.pdf
p1-m3-q383,1,3,Na Direção da Segurança,383,intermediario,O motorista deve proteger quem no trânsito?,,"Os mais frágeis: pedestres, ciclistas e motociclistas.","Os condutores de veículos maiores são responsáveis pela segurança dos menores, os
motorizados pelos não motorizados, e, juntos, todos são responsáveis pela segurança dos pedestres. Esta
regra impõe a obrigação legal de o condutor do veículo maior (e mais perigoso) ter a máxima cautela e a
responsabilidade de zelar pela integridade física dos usuários mais vulneráveis da via.",Somente quem tem carro.,Quem anda rápido.,Ninguém além dele mesmo.,/Users/lucianodiisouza/Documents/projects/autocurso-2000/Banco Nacional de Questões.pdf
p1-m3-q384,1,3,Na Direção da Segurança,384,intermediario,O que diz a ideia da Visão Zero?,,Nenhuma morte no trânsito é aceitável.,"A Visão Zero (criada na Suécia e adotada por diversos países) baseia-se na ética de que a vida
e a saúde não devem ser sacrificadas pela mobilidade. Sua justificativa legal e filosófica é que, embora os
motoristas cometam erros, o sistema viário (engenharia e legislação) deve ser projetado para absorver esses
erros sem resultar em morte ou lesão grave. Embora não seja um Artigo do CTB, a ideia da Visão Zero é a
filosofia central que orienta as metas de redução de sinistros de trânsito em todo o mundo, incluindo as
diretrizes do Sistema Nacional de Trânsito (SNT) brasileiro.",Alguns acidentes são inevitáveis.,O pedestre é sempre culpado.,Só punir resolve.,/Users/lucianodiisouza/Documents/projects/autocurso-2000/Banco Nacional de Questões.pdf
p1-m3-q385,1,3,Na Direção da Segurança,385,intermediario,Por que ficar muito próximo ao carro à frente é perigoso?,,Porque diminui o tempo e a distância de reação.,"Conforme estabelece o Art. 29, inciso II do CTB, o condutor deve guardar distância de segurança
lateral e frontal, levando em conta a velocidade e as condições da via. A Direção Defensiva adverte que ""ficar
colado"" elimina o tempo de reação (o tempo que leva para o motorista perceber o perigo e começar a frear) e o
espaço de frenagem, resultando invariavelmente em colisão traseira, a qual é de responsabilidade do condutor
de trás. A regra dos dois segundos é a técnica recomendada para garantir essa margem de segurança.",Porque economiza combustível.,Porque ajuda a “puxar fila”.,Porque evita ultrapassagens.,/Users/lucianodiisouza/Documents/projects/autocurso-2000/Banco Nacional de Questões.pdf
p1-m3-q386,1,3,Na Direção da Segurança,386,intermediario,Por que chamar de “sinistro” e não “acidente”?,,"Porque a maioria dos eventos de trânsito é causada por falha humana ou previsível, e não
por ""acaso"" (acidente).","Conforme a Lei nº 14.599/2023, que alterou o Art. 291 do CTB (e regulamentações
subsequentes), a terminologia ""sinistro de trânsito"" foi adotada para substituir ""acidente"". A justificativa é que a
palavra ""acidente"" sugere algo imprevisível ou fortuito, desresponsabilizando os envolvidos. No entanto, mais
de 90% dos eventos de trânsito são resultado de falhas humanas previsíveis e evitáveis (como desatenção,
velocidade excessiva ou embriaguez). O termo ""sinistro"" traz a conotação de evento danoso e não acidental,
reforçando a necessidade de responsabilidade compartilhada e a base da filosofia da Visão Zero.",Porque fica mais “bonito”.,Para confundir o motorista.,Porque não tem culpa de ninguém.,/Users/lucianodiisouza/Documents/projects/autocurso-2000/Banco Nacional de Questões.pdf
p1-m3-q387,1,3,Na Direção da Segurança,387,intermediario,Por que o Brasil criou o PNATRANS?,,Para cumprir o compromisso da ONU de reduzir mortes no trânsito.,"Conforme estabelecido pela Lei nº 13.614/2018, que adicionou o Art. 326-A ao CTB, o
PNATRANS foi criado com o objetivo geral de reduzir, no mínimo, à metade o índice nacional de mortos e de
lesões graves no trânsito em um período de 10 anos. O Plano adota a filosofia de Sistema Seguro e Visão
Zero, reconhecendo que os erros humanos são inevitáveis, mas as mortes e ferimentos graves não são, sendo
um esforço coletivo e planejado para salvar vidas e melhorar a segurança viária em todo o país.",Para aumentar o número de radares.,Para multar mais motoristas.,Para priorizar o transporte de carga.,/Users/lucianodiisouza/Documents/projects/autocurso-2000/Banco Nacional de Questões.pdf
p1-m3-q388,1,3,Na Direção da Segurança,388,intermediario,Por que o motorista deve ver e ser visto ao se aproximar de travessias?,,Para antecipar movimentos e evitar atropelamentos.,"Conforme os princípios da Direção Defensiva, a aplicação da regra ""ver e ser visto"" nas
travessias é essencial para a previsão de acidentes. O motorista deve ver para garantir a prioridade do
pedestre (Art. 70 do CTB) e evitar a infração (Art. 214, IV). Simultaneamente, o motorista precisa ser visto
(utilizando luzes e buzina de forma breve, se necessário) para alertar os usuários vulneráveis. Isso compensa
as condições adversas de luz, tempo ou obstáculos, garantindo tempo de reação para ambas as partes.",Para mostrar “quem manda”.,Para economizar tempo.,Para disputar espaço com pedestres.,/Users/lucianodiisouza/Documents/projects/autocurso-2000/Banco Nacional de Questões.pdf
p1-m3-q389,1,3,Na Direção da Segurança,389,intermediario,Por que o PNATRANS é importante para o motorista comum?,,Porque pretende reduzir pela metade as mortes até 2030.,"Conforme estabelece o Art. 326-A do CTB, que instituiu o PNATRANS, a meta central é reduzir
em 50% o índice de mortos e lesões graves no trânsito em 10 anos. Para o motorista comum, isso significa
que as ações do plano , baseadas na filosofia do Sistema Seguro e da Visão Zero, impactam diretamente sua
segurança ao promover melhorias na fiscalização, na educação e na infraestrutura das vias, criando um
sistema de trânsito mais protetor que minimiza a chance de um erro humano resultar em tragédia.",Porque libera todos de obedecer as regras.,Porque só fala de obras em rodovias.,Porque só vale para capitais.,/Users/lucianodiisouza/Documents/projects/autocurso-2000/Banco Nacional de Questões.pdf
p1-m3-q390,1,3,Na Direção da Segurança,390,intermediario,Por que o respeito às leis de trânsito é um ato de cidadania?,,Porque protege vidas e o bem coletivo.,"Conforme estabelece o art. 26 do CTB, os usuários da via devem abster-se de todo ato que
possa constituir perigo e devem atuar para a segurança de todos. O respeito às leis (e à sinalização)
transcende a obrigação legal; é um ato de cidadania, pois garante a preservação da vida (principal valor do
trânsito), o direito à integridade física de terceiros e a fluidez do espaço público. Agir com civilidade e cumprir
as regras demonstra a consciência do motorista sobre sua responsabilidade compartilhada na construção de
um ambiente social seguro e justo.",Porque evita multas apenas.,Porque mostra quem é mais forte.,Porque dá vantagens.,/Users/lucianodiisouza/Documents/projects/autocurso-2000/Banco Nacional de Questões.pdf
p1-m3-q391,1,3,Na Direção da Segurança,391,intermediario,"Por que pedestres, ciclistas e motociclistas são vulneráveis?",,Porque estão mais expostos e sofrem mais em caso de impacto.,"A classificação como ""vulneráveis"" está baseada no baixo nível de proteção que possuem em
relação a veículos maiores. O pedestre e o ciclista não têm nenhuma proteção estrutural. O motociclista conta
apenas com equipamentos de proteção individual (capacete, roupas), que são insuficientes para absorver a
energia de um impacto com um veículo de quatro rodas ou maio",Porque “atrapalham” os carros.,Porque desrespeitam mais a lei.,Porque não usam a via.,/Users/lucianodiisouza/Documents/projects/autocurso-2000/Banco Nacional de Questões.pdf
p1-m3-q392,1,3,Na Direção da Segurança,392,intermediario,Qual é a relação entre normas do CTB e preservação da vida?,,As regras organizam a convivência e reduzem riscos e conflitos.,"O CTB tem como princípio a preservação da vida, conforme o art. 1º, § 5º, ao estabelecer
normas que transformam esse direito em ações concretas no trânsito, fixando deveres, limites e
responsabilidades para garantir a segurança e evitar sinistros.",As regras existem só para multar.,As regras atrapalham o trânsito.,As regras servem apenas em rodovia.,/Users/lucianodiisouza/Documents/projects/autocurso-2000/Banco Nacional de Questões.pdf
p1-m3-q393,1,3,Na Direção da Segurança,393,intermediario,"Quando há neblina, o motorista deve:",,Reduzir a velocidade e ligar o farol baixo.,"Conforme estabelece o Art. 40, inciso II do CTB, o condutor deve usar luz baixa nas vias com
iluminação pública ou em condições de chuva, neblina, cerração. O uso da luz alta é proibido por refletir nas
partículas de água, piorando a visibilidade. Além disso, o Art. 220, inciso III, define como infração grave deixar
de reduzir a velocidade sob neblina ou cerração, e a Direção Defensiva exige o aumento da distância de
segurança (Art. 29, II) para compensar o maior tempo de reação necessário nessas condições adversas.",Acelerar para sair logo da neblina.,Usar o farol alto.,Ligar o pisca-alerta e seguir rápido.,/Users/lucianodiisouza/Documents/projects/autocurso-2000/Banco Nacional de Questões.pdf
p1-m3-q394,1,3,Na Direção da Segurança,394,intermediario,Quem é considerado usuário vulnerável?,,"Pedestres, ciclistas, motociclistas e pessoas com deficiência.","A classificação como ""vulneráveis"" está baseada no baixo nível de proteção que possuem em
relação a veículos maiores. O pedestre e o ciclista não têm nenhuma proteção estrutural. O motociclista conta
apenas com equipamentos de proteção individual (capacete, roupas), que são insuficientes para absorver a
energia de um impacto com um veículo de quatro rodas ou maior. Por isso, o Art. 29, § 2º do CTB estabelece o
princípio da responsabilidade compartilhada, onde os condutores de veículos maiores têm a obrigação legal de
zelar pela segurança desses usuários mais frágeis.",Somente motoristas novos.,Passageiros de ônibus.,Agentes de trânsito.,/Users/lucianodiisouza/Documents/projects/autocurso-2000/Banco Nacional de Questões.pdf
p1-m3-q395,1,3,Na Direção da Segurança,395,intermediario,Quem tem prioridade de passagem em cruzamento sem sinalização?,,O veículo que estiver à direita.,"Conforme estabelece o Art. 29, inciso III, alínea ""c"" do CTB, quando veículos se aproximam de
um local não sinalizado, e nenhuma das regras de prioridade mais alta (rodovia ou rotatória) se aplica, a
preferência de passagem é sempre de quem vier pela direita do condutor. Esta é a regra geral para a maioria
dos cruzamentos urbanos sem sinalização.",O veículo maior.,O mais apressado.,Quem estiver de motocicleta.,/Users/lucianodiisouza/Documents/projects/autocurso-2000/Banco Nacional de Questões.pdf
p1-m3-q396,1,3,Na Direção da Segurança,396,facil,"Um amigo pede para você ir mais rápido na estrada. Qual é a atitude correta a ser
adotada?",,"Manter velocidade segura, sem ceder à pressão.","Conforme estabelece o art. 28 do CTB, o condutor deve, a todo momento, ter domínio de seu
veículo, dirigindo com a atenção e os cuidados indispensáveis à segurança do trânsito. A velocidade deve ser
compatível com as condições da via e do veículo, não excedendo o limite máximo legal. Ceder à pressão de
terceiros, como amigos (o chamado ""fator humano""), e ""apertar o passo"" compromete a segurança, pois a
velocidade excessiva é uma das maiores causas de sinistros de trânsito.",Acelerar para agradar.,Ultrapassar em curva.,Ignorar a sinalização.,/Users/lucianodiisouza/Documents/projects/autocurso-2000/Banco Nacional de Questões.pdf
p1-m3-q397,1,3,Na Direção da Segurança,397,intermediario,Um carro para na pista para conversar com outro motorista. Essa atitude:,,Aumenta o risco de sinistro e atrapalha o trânsito.,"Conforme estabelece o art. 182, inciso XI do CTB, parar o veículo na pista de rolamento das
estradas, das rodovias ou em vias de trânsito rápido é considerado infração gravíssima (sujeita a multa e
remoção do veículo). No entanto, o ato de parar para conversar em vias urbanas de fluxo normal, obstruindo o
trânsito (não se tratando de emergência ou embarque/desembarque), é geralmente enquadrado como parada
indevida no leito da via, constituindo infração média. O principal risco é a criação de um obstáculo inesperado
que pode causar sinistros graves de colisão traseira.",É permitida se o pisca-alerta estiver ligado.,É segura se for por pouco tempo.,Evita enganos de rota.,/Users/lucianodiisouza/Documents/projects/autocurso-2000/Banco Nacional de Questões.pdf
p1-m3-q398,1,3,Na Direção da Segurança,398,intermediario,"Um condutor fala com o passageiro e se distrai. Quando percebe, o semáforo já
ficou vermelho e ele freia bruscamente para conseguir parar. Essa atitude mostra:",,"Falta de atenção, uma das principais causas de sinistros.","Conforme os princípios da Direção Defensiva, a principal causa de sinistros é a falha humana,
sendo a falta de atenção (distração por conversas) um erro de negligência. O condutor falhou na previsão ao
não observar a mudança do semáforo (luz amarela) a tempo. O Art. 28 do CTB exige que o motorista tenha, a
todo momento, domínio de seu veículo e dirija com a atenção indispensável, e a necessidade de frear
bruscamente é a prova de que essa atenção foi perdida, pondo em risco a segurança do trânsito.",Habilidade para conversar e dirigir.,Que ele confia na sorte.,Que o sinal demorou demais.,/Users/lucianodiisouza/Documents/projects/autocurso-2000/Banco Nacional de Questões.pdf
p1-m3-q399,1,3,Na Direção da Segurança,399,intermediario,"Um condutor pisa forte no freio para brincar com o passageiro. O que ele está
fazendo?",,Um comportamento de risco que pode causar colisão traseira.,"Conforme estabelece o art. 175 do CTB, utilizar-se do veículo para demonstrar ou exibir manobra
perigosa, arrancada brusca, derrapagem ou frenagem com deslizamento ou arrastamento de pneus é
considerada infração gravíssima com penalidade de multa multiplicada por dez e suspensão do direito de
dirigir. Pisar forte no freio sem necessidade é uma manobra perigosa que demonstra imprudência, coloca os
passageiros em risco e pode causar uma colisão traseira, caracterizando uma Direção Não Defensiva.",Uma manobra segura se o carro for novo.,Um gesto de humor no trânsito.,Um exercício de direção.,/Users/lucianodiisouza/Documents/projects/autocurso-2000/Banco Nacional de Questões.pdf
p1-m3-q400,1,3,Na Direção da Segurança,400,intermediario,Um motociclista faz zigue-zague entre os carros no trânsito. Essa atitude:,,É perigosa e pode causar colisões.,"Conforme estabelece o art. 175 do CTB, utilizar-se do veículo para demonstrar ou exibir manobra
perigosa mediante zigue-zague ou arrastamento de pneus, é considerado infração gravíssima, sujeita a multa
(multiplicada por dez) e suspensão do direito de dirigir. O zigue-zague é uma manobra que demonstra
imprudência, impede que os condutores prevejam o movimento da motocicleta e coloca em risco extremo a
segurança de todos os usuários da via.",É aceitável em baixa velocidade.,Mostra habilidade no trânsito.,Evita atrasos com segurança.,/Users/lucianodiisouza/Documents/projects/autocurso-2000/Banco Nacional de Questões.pdf
p1-m3-q401,1,3,Na Direção da Segurança,401,intermediario,"Um motociclista passa entre os carros em alta velocidade. O que pode
acontecer?",,"Um sinistro grave, pois reduz o espaço e aumenta o risco de colisão.",O condutor deve observar o trânsito e manter a velocidade da via.,"Nada, se ele for experiente.",É permitido quando o trânsito está parado.,É mais seguro do que esperar na pista.,/Users/lucianodiisouza/Documents/projects/autocurso-2000/Banco Nacional de Questões.pdf
p1-m3-q402,1,3,Na Direção da Segurança,402,intermediario,"Um motorista percebe que a pista está com óleo e continua rápido. O que pode
ocorrer?",,O carro derrapar e causar um sinistro.,"O óleo na pista atua como um lubrificante, reduzindo drasticamente o atrito entre os pneus e o
pavimento. A alta velocidade, nessas condições, torna impossível manter a aderência e o controle do veículo
(Direção Defensiva), aumentando drasticamente o risco de derrapagem em curvas e frenagens, levando a um
sinistro grave.","Nada, se ele for experiente.",Melhor aderência dos pneus.,Viagem mais tranquila.,/Users/lucianodiisouza/Documents/projects/autocurso-2000/Banco Nacional de Questões.pdf
p1-m3-q403,1,3,Na Direção da Segurança,403,intermediario,"Um motorista tenta atravessar uma poça d’água grande em alta velocidade. O
que pode ocorrer?",,Perder o controle do veículo e causar sinistro.,"Conforme estabelece a Direção Defensiva, a alta velocidade ao atravessar uma poça d'água
grande cria o fenômeno da aquaplanagem. O risco ocorre porque os pneus não conseguem drenar toda a
água, formando uma camada de água entre o pneu e o asfalto. Essa condição anula a aderência e o atrito,
resultando na perda total de contato com o pavimento. A conduta de não reduzir a velocidade em condições
adversas (água na pista) é uma falha de previsão e negligência, aumentando o risco de sinistros graves.",Limpar o carro com a água.,Economizar tempo.,Melhorar o desempenho do motor.,/Users/lucianodiisouza/Documents/projects/autocurso-2000/Banco Nacional de Questões.pdf
p1-m3-q404,1,3,Na Direção da Segurança,404,intermediario,Um motorista vê uma blitz e tenta fazer retorno para escapar. Essa ação mostra:,,Falta de responsabilidade e risco de causar sinistro.,"A tentativa de retorno brusco para fugir da blitz é um ato de imprudência (Direção Não
Defensiva) que, além de ser punível pela manobra, coloca em risco a segurança do trânsito ao forçar outros
veículos a frear e ao criar uma situação de desordem na via.",Inteligência para evitar multa.,Atitude comum e sem perigo.,Direito do motorista.,/Users/lucianodiisouza/Documents/projects/autocurso-2000/Banco Nacional de Questões.pdf
p1-m3-q405,1,3,Na Direção da Segurança,405,intermediario,Um motorista vê uma pessoa com deficiência atravessando. O que deve fazer?,,Parar totalmente e esperar.,"Conforme estabelece o Art. 70 do CTB, os pedestres que estiverem atravessando a via têm
prioridade de passagem sobre os veículos. Essa prioridade é reforçada pelo Art. 214, inciso III, que estabelece
como infração gravíssima deixar de dar preferência a pedestres portadores de deficiência física, crianças,
idosos e gestantes. O motorista deve parar o veículo, garantindo a segurança e o direito de locomoção do
pedestre vulnerável.",Reduzir e buzinar.,Passar devagar ao lado.,Fazer sinal com o farol.,/Users/lucianodiisouza/Documents/projects/autocurso-2000/Banco Nacional de Questões.pdf
p1-m3-q406,1,3,Na Direção da Segurança,406,intermediario,"Você entra numa via, com muitos comércios e travessias. Qual decisão segura?",,Ajustar a velocidade ao fluxo e ficar atento a travessias.,O condutor deve estar atento ao tipo de via que circula.,Manter a velocidade da última via.,Acelerar para não prender o tráfego.,Ignorar pedestres fora da faixa.,/Users/lucianodiisouza/Documents/projects/autocurso-2000/Banco Nacional de Questões.pdf
p1-m3-q407,1,3,Na Direção da Segurança,407,intermediario,Você vê um caminhão manobrando numa esquina. O que fazer?,,"Dar espaço, manter distância e aguardar a manobra.","Veículos longos precisam de espaço para manobras. A Direção Defensiva exige que o motorista
preveja a dificuldade da manobra e pare o veículo, evitando o risco de ser atingido pela traseira ou lateral do
caminhão no chamado ""falso traçado"" da curva, onde o veículo de grande porte invade a faixa adjacente para
completar a manobra.",Fechar a frente para “passar primeiro”.,Buzinar e colar na traseira.,Forçar a ultrapassagem pela direita.,/Users/lucianodiisouza/Documents/projects/autocurso-2000/Banco Nacional de Questões.pdf
p1-m3-q408,1,3,Na Direção da Segurança,408,intermediario,"Cenário: Você avista um carro parado no meio da pista após sofrer uma colisão
leve (sinistro sem vítimas). Pergunta: De acordo com o CTB, qual é a conduta obrigatória do motorista
envolvido (ou de quem presta socorro) em relação ao veículo imobilizado?",,Retirar os veículos para local seguro.,"Conforme estabelece o Art. 178 do CTB (e, principalmente, o Art. 176, inciso VII), o condutor
envolvido em sinistro tem o dever de adotar providências para remover o veículo do local, quando possível, a
fim de restabelecer a segurança e a fluidez da via.",Deixar parado até a polícia chegar.,Discutir no meio da pista.,Ir embora sem falar nada.,/Users/lucianodiisouza/Documents/projects/autocurso-2000/Banco Nacional de Questões.pdf
p1-m3-q409,1,3,Na Direção da Segurança,409,dificil,"Ao iniciar uma pista dupla, o motociclista deve",,"Manter-se na faixa correta, com distância lateral segura e atenção às conversões.","Conforme estabelece o Art. 29, inciso IV do CTB, em pistas de rolamento que comportem várias
faixas de circulação no mesmo sentido, as faixas da direita são destinadas ao deslocamento dos veículos mais
lentos e de maior porte, enquanto as da esquerda são para ultrapassagem e veículos de maior velocidade.
Como regra de segurança e Direção Defensiva, o motociclista deve iniciar o trânsito na faixa mais à direita e só
usar a faixa da esquerda para ultrapassar.",Transitar entre os carros para economizar tempo.,Trafegar sobre o canteiro.,Ultrapassar pela direita de outros veículos.,/Users/lucianodiisouza/Documents/projects/autocurso-2000/Banco Nacional de Questões.pdf
p1-m3-q410,1,3,Na Direção da Segurança,410,dificil,"Depois de uma batida leve, dois motoristas começam a discutir no meio da pista,
atrapalhando o trânsito. Qual seria a atitude correta?",,"Sinalizar o local, tirar os veículos da via e conversar com calma em local seguro.","Após sinistros sem feridos, o CTB determina a liberação da via e a preservação da segurança. O
condutor envolvido em sinistro tem o dever de adotar providências para remover o veículo do local, quando
possível, a fim de restabelecer a segurança e a fluidez da via.",Deixar os carros parados até a polícia chegar.,Gritar para mostrar quem tem razão.,Ir embora sem falar nada.,/Users/lucianodiisouza/Documents/projects/autocurso-2000/Banco Nacional de Questões.pdf
p1-m3-q411,1,3,Na Direção da Segurança,411,dificil,"Durante a chuva, o carro de um motorista começa a deslizar. O que ele deve fazer?",,"Tirar o pé do acelerador e segurar firme o volante, sem frear bruscamente.","Conforme os princípios da Direção Defensiva, quando o veículo perde aderência (desliza), o
motorista deve evitar reações bruscas. Pisar no freio ou virar a direção abruptamente agrava a situação. A
atitude correta é tirar o pé do acelerador (para reduzir a velocidade e transferir o peso para as rodas dianteiras)
e manter o volante firme e apontado para onde se deseja ir.",Pisar forte no freio.,Virar o volante de uma vez.,Acelerar para endireitar o carro.,/Users/lucianodiisouza/Documents/projects/autocurso-2000/Banco Nacional de Questões.pdf
p1-m3-q412,1,3,Na Direção da Segurança,412,dificil,O que o condutor deve fazer ao se aproximar de uma passagem de nível sem barreira?,,"Reduzir a velocidade, parar, olhar para os dois lados e só atravessar se for seguro.",A travessia só deve ser feita após se certificar de que não há trem se aproximando.,Acelerar para atravessar rapidamente.,Buzinar e seguir direto.,Parar sobre os trilhos e observar.,/Users/lucianodiisouza/Documents/projects/autocurso-2000/Banco Nacional de Questões.pdf
p1-m3-q413,1,3,Na Direção da Segurança,413,dificil,Qual atitude demonstra direção defensiva em um declive acentuado?,,"Reduzir a marcha antes da descida, manter controle e não frear continuamente.",A condução segura depende do controle de velocidade e uso correto do freio-motor.,Descer em ponto morto e frear só no final.,Acelerar para ganhar tempo.,Ligar o pisca-alerta durante toda a descida.,/Users/lucianodiisouza/Documents/projects/autocurso-2000/Banco Nacional de Questões.pdf
p1-m3-q414,1,3,Na Direção da Segurança,414,dificil,Qual é a posição correta das mãos no volante durante curvas seguidas?,,"As duas mãos firmes no volante, ajustando o movimento conforme a curva.",O controle firme com as duas mãos garante estabilidade e precisão.,Uma mão só no volante e outra no celular.,Uma mão no câmbio e outra no volante.,Mãos cruzadas em cima do volante.,/Users/lucianodiisouza/Documents/projects/autocurso-2000/Banco Nacional de Questões.pdf
p1-m3-q415,1,3,Na Direção da Segurança,415,dificil,"Se o motorista errar a bifurcação, o que deve fazer?",,Seguir até um local seguro para retornar.,Nunca retorne de forma perigosa e espere um ponto permitido e seguro,Dar ré imediatamente.,Fazer conversão no meio da pista.,Parar no cruzamento.,/Users/lucianodiisouza/Documents/projects/autocurso-2000/Banco Nacional de Questões.pdf
p1-m3-q416,1,3,Na Direção da Segurança,416,dificil,"Um motorista percebe que outro cometeu um erro no trânsito. Qual deve ser sua
reação?",,Manter a calma e evitar discutir ou revidar.,Os condutores devem manter o bom convívio no trânsito.,Fechar o outro carro para ensinar uma lição.,Buzinar de forma insistente.,Gritar para mostrar que tem razão.,/Users/lucianodiisouza/Documents/projects/autocurso-2000/Banco Nacional de Questões.pdf
p1-m3-q417,1,3,Na Direção da Segurança,417,facil,"Um motorista troca de faixa sem olhar o retrovisor e causa uma freada brusca atrás. O
que ele fez de errado?",,Falta de atenção e verificação antes da manobra.,O condutor deve estar sempre atento aos arredores.,Errou o momento de acelerar.,Não ligou o farol alto.,Estava devagar demais.,/Users/lucianodiisouza/Documents/projects/autocurso-2000/Banco Nacional de Questões.pdf
p1-m3-q418,1,3,Na Direção da Segurança,418,facil,"Ao se aproximar da linha férrea, o motorista deve:",,"Parar o veículo antes dos trilhos, mesmo que o trem ainda esteja longe.","O local correto para parar é antes dos trilhos, garantindo total visibilidade.",Parar sobre os trilhos para enxergar melhor.,Passar rapidamente para não atrapalhar.,Esperar o trem parar para atravessar junto.,/Users/lucianodiisouza/Documents/projects/autocurso-2000/Banco Nacional de Questões.pdf
p1-m3-q419,1,3,Na Direção da Segurança,419,facil,Como deve agir o motociclista em local com trânsito de pedestres?,,Reduzir a velocidade e respeitar a distância lateral.,Motociclistas também devem garantir segurança aos pedestres.,Passar entre os pedestres.,Acelerar para não perder o equilíbrio.,Subir na calçada.,/Users/lucianodiisouza/Documents/projects/autocurso-2000/Banco Nacional de Questões.pdf
p1-m3-q420,1,3,Na Direção da Segurança,420,facil,"Em uma estrada com muitas curvas, qual atitude mostra um motorista prudente?",,Manter distância do carro da frente e velocidade permitida e segura.,A distância ajuda a evitar colisões se o carro da frente frear.,Ficar colado no carro da frente.,Ligar o pisca-alerta e andar devagar no meio da pista.,Frear toda hora.,/Users/lucianodiisouza/Documents/projects/autocurso-2000/Banco Nacional de Questões.pdf
p1-m3-q421,1,3,Na Direção da Segurança,421,facil,"Em uma pista dupla, o condutor deve:",,"Circular sempre no lado direito, usando a esquerda apenas para ultrapassagem.",O trânsito em pista dupla segue o mesmo princípio das vias de mão dupla — sempre à direita.,"Circular em qualquer faixa, conforme desejar.",Usar o canteiro central para estacionar.,Andar na contramão para economizar tempo.,/Users/lucianodiisouza/Documents/projects/autocurso-2000/Banco Nacional de Questões.pdf
p1-m3-q422,1,3,Na Direção da Segurança,422,facil,"Em vias com pista dividida, o motorista deve:",,Permanecer em sua faixa e respeitar a sinalização horizontal.,"O canteiro central não é área de manobra, o retorno deve ocorrer apenas em locais permitidos.",Utilizar o canteiro central para retorno.,Inverter o sentido quando desejar.,Trafegar entre os dois sentidos.,/Users/lucianodiisouza/Documents/projects/autocurso-2000/Banco Nacional de Questões.pdf
p1-m3-q423,1,3,Na Direção da Segurança,423,facil,O que muda para o motorista quando a pista dupla termina?,,"É preciso redobrar a atenção, pois o tráfego passa a ocorrer em sentidos opostos na
mesma pista.","O retorno à pista simples aumenta o risco de colisões frontais se o condutor não redobrar a
atenção.",A pista fica mais larga.,O trânsito passa a ser de sentido único.,O limite de velocidade aumenta.,/Users/lucianodiisouza/Documents/projects/autocurso-2000/Banco Nacional de Questões.pdf
p1-m3-q424,1,3,Na Direção da Segurança,424,facil,O que o motociclista deve fazer ao enfrentar uma subida íngreme?,,"Reduzir a marcha e acelerar de forma contínua, sem trancos.",A aceleração constante e o uso de marcha adequada evitam quedas.,Subir em ponto morto.,Frear no meio da subida.,Parar e empurrar a moto.,/Users/lucianodiisouza/Documents/projects/autocurso-2000/Banco Nacional de Questões.pdf
p1-m3-q425,1,3,Na Direção da Segurança,425,facil,O que o motociclista deve fazer ao entrar em uma pista dividida?,,"Manter-se visível, respeitar a faixa e as regras de circulação.",A segurança do motociclista depende da posição estável e previsível no fluxo de tráfego.,Acelerar para ultrapassar outros veículos.,Transitar entre as faixas para se posicionar.,Usar o acostamento para segurança.,/Users/lucianodiisouza/Documents/projects/autocurso-2000/Banco Nacional de Questões.pdf
p1-m3-q426,1,3,Na Direção da Segurança,426,facil,O que o motorista nunca deve fazer ao encontrar um trator à frente?,,Ultrapassar em local sem visibilidade.,A ultrapassagem em locais indevidos é uma das principais causas de sinistros fatais.,Reduzir a velocidade.,Aguardar local seguro para a ultrapassagem.,Acionar a seta.,/Users/lucianodiisouza/Documents/projects/autocurso-2000/Banco Nacional de Questões.pdf
p1-m3-q427,1,3,Na Direção da Segurança,427,facil,O que o motorista nunca deve fazer em uma passagem de nível sem barreira?,,Parar sobre os trilhos ou tentar atravessar enquanto o trem se aproxima.,"Ficar sobre os trilhos é extremamente perigoso, o trem tem prioridade absoluta.",Aguardar com calma o trem passar.,Acionar o freio antes dos trilhos.,Verificar se há sinal sonoro de trem.,/Users/lucianodiisouza/Documents/projects/autocurso-2000/Banco Nacional de Questões.pdf
p1-m3-q428,1,3,Na Direção da Segurança,428,facil,O que pode acontecer se o motorista fizer as curvas rápidas demais?,,O carro pode sair da pista ou tombar.,O excesso de velocidade é a principal causa de acidentes em curvas.,O carro fica mais econômico.,O pneu esfria mais rápido.,Nada acontece.,/Users/lucianodiisouza/Documents/projects/autocurso-2000/Banco Nacional de Questões.pdf
p1-m3-q429,1,3,Na Direção da Segurança,429,facil,O que pode acontecer se o motorista passar muito rápido sobre uma lombada?,,"Danos na suspensão, perda de controle ou sinistro, dependendo da velocidade.",A travessia brusca pode causar sinistro ou quebra de peças do veículo.,Melhora no desempenho do veículo.,Nenhum risco.,Economia de combustível.,/Users/lucianodiisouza/Documents/projects/autocurso-2000/Banco Nacional de Questões.pdf
p1-m3-q430,1,3,Na Direção da Segurança,430,facil,Por que é importante manter distância dos tratores?,,Porque eles são lentos e podem fazer manobras inesperadas.,Tratores têm menor estabilidade e precisam de espaço para manobrar com segurança.,Porque eles andam rápido.,Porque usam farol alto.,Porque sempre param no acostamento.,/Users/lucianodiisouza/Documents/projects/autocurso-2000/Banco Nacional de Questões.pdf
p1-m3-q431,1,3,Na Direção da Segurança,431,facil,Por que é importante reduzir a velocidade em pista irregular?,,Para evitar perda de controle e danos ao veículo.,Buracos e desníveis podem causar acidentes e avarias na suspensão e pneus.,Para economizar combustível.,Para não sujar o carro.,Porque é proibido dirigir rápido.,/Users/lucianodiisouza/Documents/projects/autocurso-2000/Banco Nacional de Questões.pdf
p1-m3-q432,1,3,Na Direção da Segurança,432,facil,Por que é perigoso buzinar quando há animais na pista?,,Porque o som pode assustar o animal e fazê-lo correr na direção do veículo.,O ruído repentino pode causar reações imprevisíveis e aumentar o risco de sinistro.,Porque o som atrai outros animais.,Porque o buzinaço é proibido em toda a zona rural.,Porque gasta bateria.,/Users/lucianodiisouza/Documents/projects/autocurso-2000/Banco Nacional de Questões.pdf
p1-m3-q433,1,3,Na Direção da Segurança,433,facil,Por que é perigoso descer em ponto morto?,,Porque o motorista perde o controle e os freios esquentam mais rápido.,"Descer em ponto morto é perigoso, pois o carro fica sem freio-motor.",Porque o carro gasta mais combustível.,Porque o motor pode desligar.,Porque o ar-condicionado para de funcionar.,/Users/lucianodiisouza/Documents/projects/autocurso-2000/Banco Nacional de Questões.pdf
p1-m3-q434,1,3,Na Direção da Segurança,434,facil,Por que é perigoso tentar passar antes do trem?,,"Porque o trem é muito pesado, demora a frear e pode causar tragédias.","Um trem pode levar até 1 km para parar totalmente, nunca tente atravessar antes dele.",Porque o trem anda devagar e não há risco.,Porque há câmeras que multam quem faz isso.,Porque o trem sempre para antes da linha.,/Users/lucianodiisouza/Documents/projects/autocurso-2000/Banco Nacional de Questões.pdf
p1-m3-q435,1,3,Na Direção da Segurança,435,facil,Por que não é bom subir uma ladeira em marcha alta?,,Porque o motor perde força e o carro pode falhar.,"Marcha alta exige mais força do motor, dificultando a subida.",Porque gasta mais combustível.,Porque o carro fica mais leve.,Porque os freios não funcionam.,/Users/lucianodiisouza/Documents/projects/autocurso-2000/Banco Nacional de Questões.pdf
p1-m3-q436,1,3,Na Direção da Segurança,436,facil,Por que o uso excessivo da buzina é considerado prejudicial à convivência no trânsito?,,Porque causa poluição sonora e confundir os demais condutores.,O ruído excessivo é fator de estresse urbano e compromete a harmonia social.,Porque gasta bateria.,Porque aumenta o consumo de combustível.,Porque danifica os pneus.,/Users/lucianodiisouza/Documents/projects/autocurso-2000/Banco Nacional de Questões.pdf
p1-m3-q437,1,3,Na Direção da Segurança,437,facil,Qual comportamento é mais seguro antes de começar um trecho em declive?,,Reduzir a marcha e manter velocidade baixa.,A marcha reduzida ajuda o freio-motor a controlar o carro.,Colocar o carro em ponto morto.,Frear forte o tempo todo.,Desligar o motor.,/Users/lucianodiisouza/Documents/projects/autocurso-2000/Banco Nacional de Questões.pdf
p1-m3-q438,1,3,Na Direção da Segurança,438,facil,"Quando o motorista se aproxima de um local com essa sinalização, deve:",A-40,Reduzir a velocidade e parar se a cancela estiver baixada ou descendo.,"A cancela indica a aproximação de trem, o motorista deve esperar até a liberação completa.",Acelerar para cruzar antes que a barreira feche.,Buzinar para o guarda liberar a passagem.,Parar sobre os trilhos.,/Users/lucianodiisouza/Documents/projects/autocurso-2000/Banco Nacional de Questões.pdf
p1-m3-q439,1,3,Na Direção da Segurança,439,facil,"Quando o pedestre inicia a travessia, o motorista deve:",A-32a,Parar o veículo e aguardar a passagem completa.,A prioridade é do pedestre que já iniciou a travessia.,Seguir ao lado do pedestre.,Passar rápido antes que ele termine.,Buzinar para apressar a travessia.,/Users/lucianodiisouza/Documents/projects/autocurso-2000/Banco Nacional de Questões.pdf
p1-m3-q440,1,3,Na Direção da Segurança,440,facil,"Um motorista entra em uma rua sem saída e percebe que há crianças brincando no final.
O que deve fazer?",,Reduzir a velocidade e realizar o retorno com muito cuidado.,O espaço reduzido exige paciência e atenção redobrada a pedestres e crianças.,Acelerar para sair rápido.,Usar a buzina para afastar as crianças.,Estacionar na calçada.,/Users/lucianodiisouza/Documents/projects/autocurso-2000/Banco Nacional de Questões.pdf
p1-m3-q441,1,3,Na Direção da Segurança,441,intermediario,"Ao dirigir em uma estrada com várias curvas acentuadas, o condutor deve:",,"Manter velocidade segura, sem ultrapassar nas curvas.",A ultrapassagem em curva é proibida e altamente perigosa.,Acelerar nas saídas para compensar o tempo.,Ultrapassar veículos lentos dentro da curva.,Reduzir apenas nas retas.,/Users/lucianodiisouza/Documents/projects/autocurso-2000/Banco Nacional de Questões.pdf
p1-m3-q442,1,3,Na Direção da Segurança,442,intermediario,"Ao fazer várias curvas seguidas, o que o motorista deve observar com atenção?",,O traçado da estrada e os carros que vêm no sentido contrário.,Olhar o caminho ajuda a prever as curvas e dirigir com mais segurança.,O celular.,O rádio do carro.,Se vai chover.,/Users/lucianodiisouza/Documents/projects/autocurso-2000/Banco Nacional de Questões.pdf
p1-m3-q443,1,3,Na Direção da Segurança,443,intermediario,"Durante uma longa descida, o que pode acontecer se o motorista usar só o freio
de pé o tempo todo?",,O freio pode esquentar e perder a eficiência.,O superaquecimento reduz a força de frenagem e causa risco de pane.,O carro vai parar mais rápido.,O motor economiza energia.,Nada acontece.,/Users/lucianodiisouza/Documents/projects/autocurso-2000/Banco Nacional de Questões.pdf
p1-m3-q444,1,3,Na Direção da Segurança,444,dificil,"Em uma curva acentuada à esquerda, a força centrífuga (gerada ao entrar em curva) atua
de que forma?",,"Empurrando o veículo para fora da curva, em direção ao lado direito da via.",A força centrífuga tende a lançar o veículo para fora da trajetória curva.,Empurrando o veículo para o centro da curva.,Ajudando o veículo a fazer a curva.,Mantendo o veículo parado.,/Users/lucianodiisouza/Documents/projects/autocurso-2000/Banco Nacional de Questões.pdf
p1-m3-q445,1,3,Na Direção da Segurança,445,intermediario,"Em uma curva leve à esquerda, qual é o ponto mais seguro para iniciar a
retomada de velocidade?",,"Na saída da curva, quando a via estiver visível e livre.",Acelerar apenas quando o veículo estiver estabilizado evita derrapagens.,No meio da curva.,Logo na entrada da curva.,Durante a frenagem.,/Users/lucianodiisouza/Documents/projects/autocurso-2000/Banco Nacional de Questões.pdf
p1-m3-q446,1,3,Na Direção da Segurança,446,intermediario,O que o condutor deve fazer se o carro ganhar velocidade demais na descida?,,Reduzir a marcha e controlar com o freio-motor.,"A força do motor ajuda a segurar o carro, evitando desgaste dos freios.",Desligar o motor.,Frear bruscamente.,Jogar o carro para o acostamento.,/Users/lucianodiisouza/Documents/projects/autocurso-2000/Banco Nacional de Questões.pdf
p1-m3-q447,1,3,Na Direção da Segurança,447,intermediario,Por que é perigoso ultrapassar em trechos com curvas em “S”?,,Porque não há boa visibilidade da pista contrária.,"As curvas tiram a visão do motorista, aumentando o risco de colisão.",Porque o carro pode quebrar o câmbio.,Porque o pneu gasta mais.,Porque o carro fica mais lento.,/Users/lucianodiisouza/Documents/projects/autocurso-2000/Banco Nacional de Questões.pdf
p1-m3-q448,1,3,Na Direção da Segurança,448,intermediario,Por que há limite de comprimento em algumas vias?,,"Porque curvas fechadas, pontes e túneis podem não comportar veículos longos.","O raio de curvatura e a geometria da via determinam a necessidade de limitação de
comprimento.",Porque veículos longos causam poluição.,Porque isso reduz o consumo de combustível.,Porque impede o trânsito de motocicletas.,/Users/lucianodiisouza/Documents/projects/autocurso-2000/Banco Nacional de Questões.pdf
p1-m3-q449,1,3,Na Direção da Segurança,449,intermediario,Qual é o risco mais comum em curvas acentuadas à esquerda?,,Perda de aderência dos pneus e saída da faixa de rolamento.,Entrar rápido demais pode levar o veículo a invadir a faixa contrária ou sair da pista.,Aquaplanagem em linha reta.,Falta de combustível.,Redução da visibilidade noturna.,/Users/lucianodiisouza/Documents/projects/autocurso-2000/Banco Nacional de Questões.pdf
p1-m3-q450,1,3,Na Direção da Segurança,450,intermediario,"Se houver um caminhão entrando lentamente pela esquerda, o que deve fazer o
motorista de carro?",,Diminuir a velocidade e esperar o caminhão completar a manobra.,Respeitar o tempo do caminhão é atitude prudente e segura.,Tentar ultrapassar rápido.,Buzinar e seguir colado.,Jogar o carro para o acostamento.,/Users/lucianodiisouza/Documents/projects/autocurso-2000/Banco Nacional de Questões.pdf
p1-m3-q451,1,3,Na Direção da Segurança,451,intermediario,"Para dirigir ônibus escolar, coletivo ou produto perigoso, o que além da
categoria é exigido?",,Curso especializado com treinamento prático- ambulância exige curso a cada 5 anos.,Cursos específicos.,Apenas colete refletivo.,Autorização do chefe por escrito.,Só experiência de 2 anos.,/Users/lucianodiisouza/Documents/projects/autocurso-2000/Banco Nacional de Questões.pdf
p1-m3-q452,1,3,Na Direção da Segurança,452,facil,"Qual o prazo de validade da Permissão Para Dirigir (PPD), que é a sua primeira
habilitação?",,1 (um) ano.,"A PPD é a sua ""habilitação provisória"" e é válida por um ano inteiro, funcionando como um
período de experiência para o condutor novato.",6 (seis) meses.,2 (dois) anos.,"O prazo é de 5 anos, como a CNH definitiva.",/Users/lucianodiisouza/Documents/projects/autocurso-2000/Banco Nacional de Questões.pdf
p1-m3-q453,1,3,Na Direção da Segurança,453,facil,"Na Categoria B, que é a mais procurada, qual é o limite de peso total (PBT) do veículo que
você pode dirigir?",,3.500 kg (três mil e quinhentos quilos).,"O limite de peso para veículos da Categoria B, como carros de passeio e utilitários leves, é de
3.500 kg.",4.500 kg (quatro mil e quinhentos quilos).,1.000 kg (mil quilos).,"Não há limite de peso, desde que não seja ônibus ou caminhão.",/Users/lucianodiisouza/Documents/projects/autocurso-2000/Banco Nacional de Questões.pdf
p1-m3-q454,1,3,Na Direção da Segurança,454,intermediario,"Se você acabou de pegar a sua PPD (Permissão Para Dirigir), qual é a regra mais
importante sobre infrações que você deve seguir para conseguir a CNH definitiva?",,"Não cometer nenhuma infração grave, gravíssima ou ser reincidente em infração média.","Durante o período da PPD, é proibido cometer infração grave, gravíssima ou repetir uma infração
média. É o seu período de responsabilidade redobrada.",Não cometer nenhuma infração gravíssima.,Não cometer mais de duas infrações leves.,Cometer apenas infrações de natureza leve.,/Users/lucianodiisouza/Documents/projects/autocurso-2000/Banco Nacional de Questões.pdf
p1-m3-q455,1,3,Na Direção da Segurança,455,facil,"As vias urbanas são divididas em tipos. Qual delas é conhecida como a rua do seu bairro,
onde ficam as casas e a velocidade máxima permitida é mais baixa, de 30 km/h?",,Vias Locais.,"As Vias Locais são as ruazinhas tranquilas do bairro, as áreas de convivência, e a velocidade
máxima permitida é de 30km/h.",Vias Coletoras.,Vias Arteriais.,Vias de Trânsito Rápido.,/Users/lucianodiisouza/Documents/projects/autocurso-2000/Banco Nacional de Questões.pdf
p1-m3-q456,1,3,Na Direção da Segurança,456,facil,"Na Categoria A, que é a do ""Mundo das Duas Rodas"", qual tipo de veículo você está
autorizado a conduzir?",,"Motocicletas, motonetas, ciclomotores e triciclos motorizados.","A Categoria A libera você para pilotar todos os veículos motorizados de duas ou três rodas,
como motos, scooters e triciclos.",Apenas motocicletas e triciclos motorizados.,Carros de passeio e picapes leves.,Veículos de duas ou três rodas com mais de $50$ cilindradas.,/Users/lucianodiisouza/Documents/projects/autocurso-2000/Banco Nacional de Questões.pdf
p1-m3-q457,1,3,Na Direção da Segurança,457,intermediario,"Nas Rodovias, qual é uma dica essencial de segurança para que outros
motoristas percebam sua presença mais facilmente?",,"Manter o farol baixo sempre ligado, mesmo durante o dia.","Manter o farol baixo aceso, mesmo de dia, ajuda outros motoristas a verem seu veículo de longe
e com mais facilidade, aumentando a segurança.",Usar o farol alto apenas nos túneis.,Usar as luzes de neblina o tempo todo.,Buzinar rapidamente antes de ultrapassar.,/Users/lucianodiisouza/Documents/projects/autocurso-2000/Banco Nacional de Questões.pdf
p1-m3-q458,1,3,Na Direção da Segurança,458,facil,"Se você está dirigindo na cidade, qual é a velocidade máxima permitida em uma Via
Arterial, que liga os bairros principais e tem vários semáforos e faixas de pedestres?",,60km/h.,"As Vias Arteriais são importantes avenidas com bastante fluxo, e o limite de velocidade é de
60km/h.",80km/h.,30km/h.,40km/h.,/Users/lucianodiisouza/Documents/projects/autocurso-2000/Banco Nacional de Questões.pdf
p1-m3-q459,1,3,Na Direção da Segurança,459,facil,O que a Direção Defensiva ensina você a fazer para proteger sua vida e a dos outros?,,"Manter a atenção, antecipar imprevistos e prever situações de risco.","A Direção Defensiva se baseia em manter a atenção, antecipar o que pode dar errado e proteger
a vida de todos no trânsito.",Dirigir sempre no limite máximo de velocidade.,Confiar apenas na preferência que você tem na via.,Fazer revisões somente quando o veículo apresentar algum problema grave.,/Users/lucianodiisouza/Documents/projects/autocurso-2000/Banco Nacional de Questões.pdf
p1-m3-q460,1,3,Na Direção da Segurança,460,intermediario,"Um carro popular ou um SUV se encaixa na Categoria B, mas ele deve respeitar
um limite máximo de lugares, sem contar o motorista. Quantos lugares são permitidos?",,"8 lugares, sem contar o motorista.","O limite da Categoria B é de veículos com até 8 lugares, além do motorista. Veículos maiores,
como vans e ônibus, exigem categorias específicas (D).","9 lugares, contando o motorista.","5 lugares, sem contar o motorista.","10 lugares, contando o motorista.",/Users/lucianodiisouza/Documents/projects/autocurso-2000/Banco Nacional de Questões.pdf
p1-m3-q461,1,3,Na Direção da Segurança,461,dificil,"Ao dirigir em uma Estrada de Terra (não pavimentada), um risco que aumenta muito e
exige que você triplique a distância do veículo da frente é:",,"A poeira levantada, que prejudica a sua visibilidade.","Em estrada de terra, a poeira que sobe reduz muito a visibilidade. Por isso, aumentar a distância
do carro da frente é crucial para a segurança.",A possibilidade de encontrar animais selvagens.,O asfalto escorregadio após a chuva.,A falta de postos de gasolina e áreas de descanso.,/Users/lucianodiisouza/Documents/projects/autocurso-2000/Banco Nacional de Questões.pdf
p1-m3-q462,1,3,Na Direção da Segurança,462,facil,"Se você escolheu a Categoria A ao tirar sua primeira CNH, qual o tipo de veículo que essa
categoria permite pilotar?",,"Veículos de duas ou três rodas com motor (motocicletas, motonetas, ciclomotores e
triciclos).","A Categoria A é o ""Mundo das Duas Rodas"" e inclui todos os veículos motorizados de duas ou
três rodas.",Apenas motos de alta cilindrada.,Carros de passeio e utilitários leves.,"Veículos de até 8 lugares, sem contar o motorista.",/Users/lucianodiisouza/Documents/projects/autocurso-2000/Banco Nacional de Questões.pdf
p1-m3-q463,1,3,Na Direção da Segurança,463,facil,"Para conseguir a CNH definitiva, qual infração gravíssima você não pode cometer durante
o período de 1 ano da PPD?",,Nenhuma infração gravíssima.,"Para ter a CNH definitiva, você não pode cometer nenhuma infração de natureza gravíssima ou
grave.",Apenas uma infração gravíssima é permitida.,Apenas infrações gravíssimas relacionadas à velocidade.,"Nenhuma, mas pode cometer 2 infrações graves.",/Users/lucianodiisouza/Documents/projects/autocurso-2000/Banco Nacional de Questões.pdf
p1-m3-q464,1,3,Na Direção da Segurança,464,facil,"O que as Rodovias Pavimentadas (asfaltadas ou de concreto) oferecem para permitir
velocidades maiores?",,"Boa aderência dos pneus, drenagem adequada e sinalização completa.","Rodovias pavimentadas garantem a segurança em alta velocidade pela boa aderência,
drenagem e sinalização.",Mais postos de gasolina e áreas de descanso.,"Baixa aderência dos pneus, forçando a reduzir a velocidade.",Pista de terra batida para maior atrito.,/Users/lucianodiisouza/Documents/projects/autocurso-2000/Banco Nacional de Questões.pdf
p1-m3-q465,1,3,Na Direção da Segurança,465,facil,"O que significa a sigla PPD, que você recebe após ser aprovado em todos os exames?",,Permissão Para Dirigir.,"A PPD é a sua ""habilitação provisória"", válida por 1 ano.",Permissão de Prática Defensiva.,Punição Por Distração.,Plano de Prioridade de Direção.,/Users/lucianodiisouza/Documents/projects/autocurso-2000/Banco Nacional de Questões.pdf
p1-m3-q466,1,3,Na Direção da Segurança,466,facil,Para quem a Direção Defensiva se dedica a proteger no trânsito?,,A sua vida e a vida de todos os outros.,"A direção segura é um conjunto de hábitos para proteger a sua vida E a dos outros, valorizando
o respeito e a empatia.","Apenas o motorista, protegendo-o de multas.",Somente os pedestres e ciclistas.,Apenas a vida do motorista e do veículo.,/Users/lucianodiisouza/Documents/projects/autocurso-2000/Banco Nacional de Questões.pdf
p1-m3-q467,1,3,Na Direção da Segurança,467,facil,"Qual o limite máximo de velocidade em uma Via Arterial, a avenida que liga os principais
bairros da cidade?",,60km/h.,"As Vias Arteriais têm semáforos e faixas de pedestres, e a velocidade regulamentada é de
60km/h.",$80~km/h$.,$40~km/h$.,$110~km/h$.,/Users/lucianodiisouza/Documents/projects/autocurso-2000/Banco Nacional de Questões.pdf
p1-m3-q468,1,3,Na Direção da Segurança,468,facil,"Em qual categoria se enquadra um triciclo motorizado, que tem três rodas e motor?",,Categoria A.,"A Categoria A permite dirigir veículos de duas ou três rodas com motor, incluindo triciclos
motorizados.",Categoria B.,Categoria C.,Categoria D.,/Users/lucianodiisouza/Documents/projects/autocurso-2000/Banco Nacional de Questões.pdf
p1-m3-q469,1,3,Na Direção da Segurança,469,facil,"Qual é o tipo de via que tem como característica ser uma grande avenida expressa que
corta a cidade, sem semáforos nem cruzamentos diretos?",,Vias de Trânsito Rápido.,As Vias de Trânsito Rápido (limite de 80km/h) são os grandes eixos urbanos com maior fluidez.,Vias Coletoras.,Vias Locais.,Rodovias.,/Users/lucianodiisouza/Documents/projects/autocurso-2000/Banco Nacional de Questões.pdf
p1-m3-q470,1,3,Na Direção da Segurança,470,facil,"Se você está dirigindo em uma via urbana próxima a escolas, hospitais ou faixas de
pedestres, qual deve ser sua atitude de segurança?",,Reduzir a velocidade e ter atenção redobrada.,"O material orienta a reduzir a velocidade em Áreas Sensíveis, pois a vida de outras pessoas
depende da sua cautela.",Manter a velocidade máxima da via para evitar retenções.,Usar o farol alto para sinalizar sua presença.,Parar em fila dupla para buscar informações.,/Users/lucianodiisouza/Documents/projects/autocurso-2000/Banco Nacional de Questões.pdf
p1-m3-q471,1,3,Na Direção da Segurança,471,facil,"Quando você deve, de fato, parar o seu veículo no acostamento de uma rodovia?",,"Apenas em caso de emergência (pneu furado, problema mecânico, mal-estar).","O acostamento é uma área de emergência e não deve ser usado para paradas improvisadas ou
sem necessidade.",Sempre que precisar usar o celular ou mandar mensagem.,Sempre que sentir sono ou cansaço.,Para fazer um lanche ou tomar água.,/Users/lucianodiisouza/Documents/projects/autocurso-2000/Banco Nacional de Questões.pdf
p1-m3-q472,1,3,Na Direção da Segurança,472,facil,"Na cidade, quais atitudes de parada são citadas como incorretas e que atrapalham o fluxo
do trânsito?",,Não parar em fila dupla ou sobre a calçada.,"Parar em fila dupla ou sobre a calçada é uma atitude que coloca pedestres em risco e
desorganiza o trânsito.",Parar no sinal vermelho ou dar preferência a pedestres.,Estacionar corretamente em vagas permitidas.,Parar nos postos de gasolina.,/Users/lucianodiisouza/Documents/projects/autocurso-2000/Banco Nacional de Questões.pdf
p1-m3-q473,1,3,Na Direção da Segurança,473,facil,"Ao dirigir em rodovias, qual a principal diferença em relação à cidade que aumenta muito
a sua responsabilidade?",,A velocidade ser bem mais rápida.,"A alta velocidade nas rodovias faz com que tudo aconteça mais rápido, exigindo
responsabilidade total do condutor.",O trânsito ser muito mais lento.,A distância entre os carros ser menor.,A visibilidade ser melhor por não ter prédios.,/Users/lucianodiisouza/Documents/projects/autocurso-2000/Banco Nacional de Questões.pdf
p1-m3-q474,1,3,Na Direção da Segurança,474,facil,"A primeira habilitação que você recebe (PPD) só é convertida em CNH definitiva depois
de 1 ano se você tiver dirigido com:",,Cuidado e responsabilidade.,"O período da PPD é a fase de aprendizado e responsabilidade redobrada, sendo um teste para a
CNH definitiva.",Alta velocidade para cumprir o prazo.,Apenas em vias locais.,O máximo de reincidências em infração média.,/Users/lucianodiisouza/Documents/projects/autocurso-2000/Banco Nacional de Questões.pdf
p1-m3-q475,1,3,Na Direção da Segurança,475,facil,"Quais equipamentos de segurança, além da cadeirinha infantil, é crucial para a proteção
de quem está dentro e fora do veículo, segundo o material?",,"Cinto, airbag, apoio de cabeça e capacete.","O uso correto do cinto, airbag, apoio de cabeça e capacete é vital para a proteção no trânsito.",Pneus novos e estepe.,Som automotivo potente.,Rádio comunicador e GPS.,/Users/lucianodiisouza/Documents/projects/autocurso-2000/Banco Nacional de Questões.pdf
p1-m3-q476,1,3,Na Direção da Segurança,476,facil,"Onde você deve planejar suas paradas para usar o banheiro ou esticar as pernas durante
uma longa viagem pela rodovia?",,Postos de gasolina e áreas de descanso.,É essencial planejar as paradas em locais seguros e apropriados (postos e áreas de descanso).,Acostamentos ou debaixo de viadutos.,Faixas de rolamento ou pontes.,Onde o celular tiver sinal.,/Users/lucianodiisouza/Documents/projects/autocurso-2000/Banco Nacional de Questões.pdf
p1-m3-q477,1,3,Na Direção da Segurança,477,facil,"Para a Categoria B, qual tipo de veículo se encaixa na descrição de ""uso pessoal ou
familiar"", desde que respeite os limites de peso e lugares?",,"Carros de Passeio (sedans, hatches, SUVs e picapes leves).",Carros de passeio e utilitários leves (até 3.500~kg e 8 lugares) são o foco da Categoria B.,Ônibus articulado e caminhões.,Motocicletas e motonetas.,Veículos de mais de 8 lugares.,/Users/lucianodiisouza/Documents/projects/autocurso-2000/Banco Nacional de Questões.pdf
p1-m3-q478,1,3,Na Direção da Segurança,478,intermediario,"Na condução em uma Estrada de Terra, a baixa segurança e aderência exigem
qual ação do motorista no volante?",,Manter as duas mãos firmes no volante para correções constantes na direção.,"Em estradas não pavimentadas, a direção exige firmeza e correções constantes, o que só é
possível com as duas mãos no volante.","Manter apenas uma mão, para ter mais agilidade ao fazer curvas.",Soltar o volante e deixar o carro seguir a direção sozinho.,Segurar o volante com uma mão e usar a outra para segurar objetos.,/Users/lucianodiisouza/Documents/projects/autocurso-2000/Banco Nacional de Questões.pdf
p1-m3-q479,1,3,Na Direção da Segurança,479,intermediario,O que as Vias Coletoras fazem no sistema de trânsito urbano?,,Fazem a ligação entre as ruas dos bairros e as grandes avenidas.,"As Vias Coletoras têm a função de distribuir o tráfego, ligando vias menores (Locais) às maiores
(Arteriais).",Ligam estados e permitem velocidade de 110km/h.,Servem apenas para trânsito de ônibus e vans.,Cortam a cidade sem semáforos a 80km/h.,/Users/lucianodiisouza/Documents/projects/autocurso-2000/Banco Nacional de Questões.pdf
p1-m3-q480,1,3,Na Direção da Segurança,480,intermediario,"Se você tem a PPD, qual o risco ao cometer uma infração média (como dirigir
sem atenção) pela segunda vez em menos de um ano?",,Ser reincidente em infração média e perder o direito à CNH definitiva.,"O material proíbe ser reincidente em infração média, o que significa que duas infrações médias
já são suficientes para reprovar na PPD.",Ter a PPD renovada por mais 1 ano.,"Ter que pagar a multa, mas nada mais acontece com a habilitação.",Perder apenas os pontos da infração.,/Users/lucianodiisouza/Documents/projects/autocurso-2000/Banco Nacional de Questões.pdf
p1-m3-q481,1,3,Na Direção da Segurança,481,intermediario,"Se você está dirigindo na rodovia e tem que fazer uma curva fechada, qual erro
você deve evitar durante a manobra?",,Frear bruscamente durante a curva.,"Frear bruscamente durante a curva pode fazer você perder totalmente o controle do veículo, um
erro grave de direção.",Reduzir a velocidade antes de entrar na curva.,Acelerar suavemente na saída da curva.,Usar o farol baixo ligado.,/Users/lucianodiisouza/Documents/projects/autocurso-2000/Banco Nacional de Questões.pdf
p1-m3-q482,1,3,Na Direção da Segurança,482,intermediario,"Na cidade, o fluxo é intenso e a velocidade é menor. Qual é a sua melhor atitude
para que o trânsito flua melhor e os riscos diminuam significativamente?",,"Saber onde está e como deve se comportar, adaptando-se ao tipo de via.","Entender o tipo de via e adaptar o comportamento a ela (Direção Defensiva) é a base para
diminuir os riscos.",Tentar manter a velocidade máxima em todas as vias.,Ignorar a sinalização se ela estiver te atrasando.,Usar a preferência a todo custo.,/Users/lucianodiisouza/Documents/projects/autocurso-2000/Banco Nacional de Questões.pdf
p1-m3-q483,1,3,Na Direção da Segurança,483,intermediario,"O que diferencia uma Via Local (30km/h) de uma Via Coletora (40km/h) na
cidade?",,"A Via Local é a rua do bairro, e a Coletora faz a ponte entre o bairro e as grandes avenidas.","A função da via é o que define o tipo e o limite de velocidade: a Local é de convivência (bairro), e
a Coletora, de distribuição.","A Via Local tem semáforos, e a Coletora não.",A Via Coletora é uma via expressa sem cruzamentos.,"A Via Local só permite a passagem de carros, e a Coletora, de caminhões.",/Users/lucianodiisouza/Documents/projects/autocurso-2000/Banco Nacional de Questões.pdf
p1-m3-q484,1,3,Na Direção da Segurança,484,intermediario,"Se você tem um problema mecânico na rodovia e precisa parar no acostamento,
o triângulo de sinalização deve ser colocado:",,A pelo menos 30 metros atrás do carro.,"A distância de 30 metros é a recomendada para que os outros motoristas tenham tempo hábil de
reação e desvio.",No exato local onde o carro parou.,A 10 metros atrás do carro.,"Na frente do carro, voltado para a via.",/Users/lucianodiisouza/Documents/projects/autocurso-2000/Banco Nacional de Questões.pdf
p1-m3-q485,1,3,Na Direção da Segurança,485,intermediario,"Para conseguir tirar sua primeira CNH (Categoria AB), qual é a primeira etapa que
você precisa concluir?",,Aprovação em todas as partes teóricas e práticas e ser aprovado em todos os exames.,"A primeira etapa, antes de receber a PPD, é ser aprovado em todas as fases do processo de
formação de condutores.",Ter completado um ano de PPD.,Comprar um veículo novo e emplacado.,Dirigir por 50 horas na cidade.,/Users/lucianodiisouza/Documents/projects/autocurso-2000/Banco Nacional de Questões.pdf
p1-m3-q486,1,3,Na Direção da Segurança,486,dificil,"O condutor deve respeitar o tipo de via onde está, pois a atenção e a distância do carro
da frente devem ser maiores em vias de maior fluxo e velocidade. Qual o nome dessa base fundamental
da direção?",,Direção Defensiva.,"A Direção Defensiva exige que você olhe para o ambiente ao redor (o tipo de via) e adapte seu
comportamento de acordo.",Direção Agressiva.,Direção Punitiva.,Direção Terapêutica.,/Users/lucianodiisouza/Documents/projects/autocurso-2000/Banco Nacional de Questões.pdf
p1-m3-q487,1,3,Na Direção da Segurança,487,dificil,"Para obter as categorias mais avançadas (C, D e E), que são necessárias para dirigir
caminhões, ônibus e vans, qual é a condição de experiência que você deve ter?",,Já ter experiência com a habilitação básica (A ou B) e dominar bem a direção.,"As categorias mais avançadas só podem ser obtidas após o motorista já ter dominado a direção
e ganhado experiência com a habilitação básica.",Ter 30 anos ou mais de idade.,Ter uma pontuação perfeita em todos os exames.,Ter feito apenas aulas práticas e não teóricas.,/Users/lucianodiisouza/Documents/projects/autocurso-2000/Banco Nacional de Questões.pdf
p1-m3-q488,1,3,Na Direção da Segurança,488,facil,"Qual o limite máximo de lugares que um veículo da Categoria B pode ter, sem contar o
motorista?",,8 lugares.,"A Categoria B permite dirigir veículos com, no máximo, 8 lugares, fora o motorista.",5 lugares.,10 lugares.,12 lugares.,/Users/lucianodiisouza/Documents/projects/autocurso-2000/Banco Nacional de Questões.pdf
p1-m3-q489,1,3,Na Direção da Segurança,489,facil,Por quanto tempo a Permissão Para Dirigir (PPD) é válida?,,1 (um) ano inteiro.,"A PPD é a sua habilitação provisória, com validade de um ano.",6 (seis) meses.,2 (dois) anos.,5 (cinco) anos.,/Users/lucianodiisouza/Documents/projects/autocurso-2000/Banco Nacional de Questões.pdf
p1-m3-q490,1,3,Na Direção da Segurança,490,facil,"Qual é o limite de velocidade máxima em uma Via Local, a rua tranquila do seu bairro?",,30km/h.,"As Vias Locais são áreas de convivência e, por isso, têm o limite mais baixo, de 30km/h.",40km/h.,60km/h.,80km/h.,/Users/lucianodiisouza/Documents/projects/autocurso-2000/Banco Nacional de Questões.pdf
p1-m3-q491,1,3,Na Direção da Segurança,491,facil,"Qual o limite de velocidade em uma Via Arterial, que tem bastante fluxo, semáforos e
faixas de pedestres?",,60km/h.,"Nas Vias Arteriais, que são as avenidas importantes que ligam bairros, a velocidade máxima é
de 60km/h.",80km/h.,40km/h.,30km/h.,/Users/lucianodiisouza/Documents/projects/autocurso-2000/Banco Nacional de Questões.pdf
p1-m3-q492,1,3,Na Direção da Segurança,492,facil,"Qual o limite de velocidade em uma Via de Trânsito Rápido, a grande avenida expressa
que não tem cruzamentos diretos?",,80km/h.,"As Vias de Trânsito Rápido são os eixos de maior fluidez na cidade, com limite de $80~km/h$.",60km/h.,40km/h.,110km/h.,/Users/lucianodiisouza/Documents/projects/autocurso-2000/Banco Nacional de Questões.pdf
p1-m3-q493,1,3,Na Direção da Segurança,493,facil,"Em qual tipo de via urbana o limite de velocidade é de 40km/h e sua função é fazer a
ligação entre as ruas dos bairros e as grandes avenidas?",,Via Coletora.,"As Vias Coletoras têm movimento moderado e ligam as vias menores às maiores, com limite de
40km/h.",Via Arterial.,Via Local.,Via de Trânsito Rápido.,/Users/lucianodiisouza/Documents/projects/autocurso-2000/Banco Nacional de Questões.pdf
p1-m3-q494,1,3,Na Direção da Segurança,494,facil,"Qual tipo de via urbana é caracterizada por ser uma grande avenida expressa que não
tem semáforos e nem cruzamentos diretos?",,Vias de Trânsito Rápido.,As Vias de Trânsito Rápido são os grandes eixos que cortam a cidade com maior fluidez.,Vias Locais.,Vias Arteriais.,Vias Coletoras.,/Users/lucianodiisouza/Documents/projects/autocurso-2000/Banco Nacional de Questões.pdf
p1-m3-q495,1,3,Na Direção da Segurança,495,facil,"Qual o nome da via urbana definida como ""área de convivência"" e onde é comum
encontrar crianças brincando?",,Vias Locais.,"As Vias Locais são as ruas do bairro, onde ficam as casas e o trânsito é mais lento e de
convivência.",Vias Arteriais.,Vias Coletoras.,Vias de Trânsito Rápido.,/Users/lucianodiisouza/Documents/projects/autocurso-2000/Banco Nacional de Questões.pdf
p1-m3-q496,1,3,Na Direção da Segurança,496,facil,"O que você recebe após ser aprovado em todas as etapas teóricas e práticas do processo
de formação?",,A PPD (Permissão Para Dirigir).,"A PPD é o primeiro documento de habilitação, válido por um ano.",A CNH definitiva.,Uma habilitação válida por 5 anos.,Uma habilitação que permite dirigir caminhões e ônibus.,/Users/lucianodiisouza/Documents/projects/autocurso-2000/Banco Nacional de Questões.pdf
p1-m3-q497,1,3,Na Direção da Segurança,497,facil,"Qual a regra de infração que se aplica à PPD em relação a uma infração de natureza
grave?",,Você não pode cometer nenhuma infração grave.,"Para obter a CNH definitiva, o condutor não pode cometer nenhuma infração grave, gravíssima
ou ser reincidente em média.",É permitido cometer até duas infrações graves.,É permitido cometer apenas uma infração grave.,Só a infração gravíssima é proibida no período da PPD.,/Users/lucianodiisouza/Documents/projects/autocurso-2000/Banco Nacional de Questões.pdf
p1-m3-q498,1,3,Na Direção da Segurança,498,intermediario,O que significa ser reincidente em infração média no período da PPD?,,Cometer a mesma infração média pela segunda vez e perder o direito à CNH definitiva.,"O condutor da PPD não pode ser reincidente em infração média, ou seja, cometer a mesma
infração média duas vezes.",Cometer duas infrações leves no período de um ano.,Cometer uma infração média e uma grave.,Cometer uma infração gravíssima e uma média.,/Users/lucianodiisouza/Documents/projects/autocurso-2000/Banco Nacional de Questões.pdf
p1-m3-q499,1,3,Na Direção da Segurança,499,facil,Qual o nome dado às ruas e avenidas dentro das cidades?,,Vias Urbanas.,Vias Urbanas são as ruas e avenidas que você encontra dentro das cidades.,Vias Rurais.,Rodovias.,Estradas.,/Users/lucianodiisouza/Documents/projects/autocurso-2000/Banco Nacional de Questões.pdf
p1-m3-q500,1,3,Na Direção da Segurança,500,facil,Qual o nome dado às rodovias e estradas que ligam cidades e estados?,,Vias Rurais.,Vias Rurais são as rodovias e estradas usadas para viagens e para ligar estados.,Vias Urbanas.,Vias Locais.,Vias de Trânsito Rápido.,/Users/lucianodiisouza/Documents/projects/autocurso-2000/Banco Nacional de Questões.pdf
p1-m3-q501,1,3,Na Direção da Segurança,501,facil,"O que os equipamentos de segurança, como cinto, airbag, apoio de cabeça e capacete,
podem fazer por quem está dentro e fora do veículo?",,Podem salvar vidas.,O uso correto desses equipamentos é vital para a proteção no trânsito e pode salvar vidas.,Apenas dar conforto na direção.,Apenas evitar multas.,Aumentar a velocidade.,/Users/lucianodiisouza/Documents/projects/autocurso-2000/Banco Nacional de Questões.pdf
p1-m3-q502,1,3,Na Direção da Segurança,502,facil,"Na cidade, ao se aproximar de um cruzamento, qual sua principal atitude de segurança?",,"Aproxime-se com calma, olhe para todos os lados e dê a preferência.",O material orienta a respeitar a sinalização e dar a vez para quem tem a preferência.,Acelere para passar antes dos outros veículos.,Ignore a sinalização se não tiver ninguém vindo.,Use o farol alto para sinalizar sua preferência.,/Users/lucianodiisouza/Documents/projects/autocurso-2000/Banco Nacional de Questões.pdf
p1-m3-q503,1,3,Na Direção da Segurança,503,facil,"O que você deve fazer ao dirigir em Áreas Sensíveis, como perto de escolas, hospitais e
faixas de pedestres?",,Reduzir a velocidade e ter atenção redobrada.,"A vida de outras pessoas depende da sua cautela, por isso a velocidade deve ser reduzida e a
atenção, redobrada.",Manter a velocidade máxima permitida na via.,Usar o acostamento para parar.,Ignorar as faixas de pedestres se não houver ninguém em cima delas.,/Users/lucianodiisouza/Documents/projects/autocurso-2000/Banco Nacional de Questões.pdf
p1-m3-q504,1,3,Na Direção da Segurança,504,facil,Quais são as duas categorias básicas que você escolhe ao tirar sua primeira CNH?,,Categoria A (motos) ou Categoria B (carros).,"A primeira escolha é sempre entre motos (A) ou carros (B), podendo ser as duas (AB).",Categoria C (caminhões) ou D (ônibus).,Categoria E (veículos articulados) ou Categoria B.,Categoria AB (motos e carros) ou Categoria C (caminhões).,/Users/lucianodiisouza/Documents/projects/autocurso-2000/Banco Nacional de Questões.pdf
p1-m3-q505,1,3,Na Direção da Segurança,505,facil,Qual o tipo de veículo de três rodas com motor que se encaixa na Categoria A?,,Triciclos motorizados.,A Categoria A permite pilotar veículos de duas ou três rodas com motor.,Veículos de três rodas sem motor.,Carros de passeio de três rodas.,Ciclomotores com quatro rodas.,/Users/lucianodiisouza/Documents/projects/autocurso-2000/Banco Nacional de Questões.pdf
p1-m3-q506,1,3,Na Direção da Segurança,506,facil,"Qual o nome dado às vias rurais asfaltadas ou de concreto que permitem velocidades
maiores por terem boa aderência?",,Rodovias Pavimentadas.,"Rodovias Pavimentadas são as vias rurais mais seguras e com melhor estrutura para alta
velocidade.",Estradas de Terra.,Vias Locais.,Vias Coletoras.,/Users/lucianodiisouza/Documents/projects/autocurso-2000/Banco Nacional de Questões.pdf
p1-m3-q507,1,3,Na Direção da Segurança,507,facil,"O que o condutor deve manter sempre ligado na rodovia, mesmo durante o dia, para
ajudar outros motoristas a perceberem sua presença?",,O farol baixo.,"O farol baixo aceso, mesmo de dia, não é ""frescura"", é segurança para ser visto a distância.",O farol alto.,As luzes de neblina.,O pisca-alerta.,/Users/lucianodiisouza/Documents/projects/autocurso-2000/Banco Nacional de Questões.pdf
p1-m3-q508,1,3,Na Direção da Segurança,508,facil,"Nas curvas da rodovia, qual a principal ação que você deve tomar antes de entrar na
curva?",,Reduzir a velocidade.,"Reduzir a velocidade antes de entrar na curva é o primeiro passo para fazer a manobra em
segurança.",Frear bruscamente durante a curva.,Acelerar o máximo possível.,Manter a velocidade constante.,/Users/lucianodiisouza/Documents/projects/autocurso-2000/Banco Nacional de Questões.pdf
p1-m3-q509,1,3,Na Direção da Segurança,509,facil,"Em que tipo de vias urbanas a velocidade máxima é ""bem baixinha"" (30km/h), perto de
escolas, hospitais e faixas de pedestres?",,Em zonas residenciais e perto de escolas.,"As zonas residenciais e próximas a escolas são as áreas mais sensíveis, com o menor limite de
velocidade.",Nas Vias de Trânsito Rápido.,Nas Vias Arteriais.,Nas Vias Coletoras.,/Users/lucianodiisouza/Documents/projects/autocurso-2000/Banco Nacional de Questões.pdf
p1-m3-q510,1,3,Na Direção da Segurança,510,facil,"Quais atitudes incorretas de parada o material cita que atrapalham o fluxo do trânsito e
colocam pedestres em risco?",,Parar em fila dupla ou sobre a calçada.,"O material alerta que parar em fila dupla ou sobre a calçada desorganiza o fluxo e é perigoso
para pedestres.",Estacionar corretamente em vagas.,Parar no sinal vermelho ou dar preferência a pedestres.,Parar em postos de gasolina.,/Users/lucianodiisouza/Documents/projects/autocurso-2000/Banco Nacional de Questões.pdf
p1-m3-q511,1,3,Na Direção da Segurança,511,facil,Como é definida a Direção Segura?,,"Hábitos e escolhas conscientes que valorizam o respeito, a empatia e a vida.","O material define a direção segura como um conjunto de hábitos, não apenas regras.",Leis de trânsito e sinalizações.,Regras de velocidade e multas.,Categorias de habilitação.,/Users/lucianodiisouza/Documents/projects/autocurso-2000/Banco Nacional de Questões.pdf
p1-m3-q512,1,3,Na Direção da Segurança,512,facil,Qual tipo de veículo com motor se enquadra na Categoria A?,,Motocicletas de qualquer cilindrada.,"Motocicletas, motonetas, ciclomotores e triciclos são o foco da Categoria A.",Carros de passeio com motor.,Caminhões leves com peso total de 3.500kg.,Veículos sem motor.,/Users/lucianodiisouza/Documents/projects/autocurso-2000/Banco Nacional de Questões.pdf
p1-m3-q513,1,3,Na Direção da Segurança,513,facil,"Se você possui a Categoria B, pode dirigir caminhões, ônibus e vans?",,"Não, pois esses veículos exigem categorias específicas (C, D e E).","Caminhões, ônibus e vans exigem categorias mais avançadas, obtidas após a experiência na
categoria básica.","Sim, desde que o peso total não passe de 3.500kg.","Sim, pois a Categoria B engloba todos os veículos motorizados.","Apenas se o veículo tiver no máximo 8 lugares, sem contar o motorista.",/Users/lucianodiisouza/Documents/projects/autocurso-2000/Banco Nacional de Questões.pdf
p1-m3-q514,1,3,Na Direção da Segurança,514,facil,"Qual é a Dica de Ouro para dirigir na cidade, onde a convivência é próxima e o ritmo é
mais lento?",,Paciência e atenção são suas melhores ferramentas.,"Na cidade, paciência e atenção são essenciais devido à proximidade com outros usuários da via.",Velocidade máxima é sua meta.,"A preferência é sua, não a perca.",Buzinar o tempo todo é a melhor forma de sinalizar.,/Users/lucianodiisouza/Documents/projects/autocurso-2000/Banco Nacional de Questões.pdf
p1-m3-q515,1,3,Na Direção da Segurança,515,intermediario,"Qual o limite máximo de peso total (PBT) que um veículo da Categoria B pode
ter?",,3.500kg (três mil e quinhentos quilos).,O limite de peso para carros de passeio e utilitários leves na Categoria B é de $3.500~kg$.,4.500kg (quatro mil e quinhentos quilos).,1.000kg (mil quilos).,5.000kg (cinco mil quilos).,/Users/lucianodiisouza/Documents/projects/autocurso-2000/Banco Nacional de Questões.pdf
p1-m3-q516,1,3,Na Direção da Segurança,516,intermediario,"Se o condutor com PPD cometer uma infração média (como dirigir sem atenção)
e depois repetir a mesma infração média em menos de um ano, qual é a consequência?",,Perderá o direito à CNH definitiva por ter sido reincidente em infração média.,A PPD é suspensa se houver reincidência em infração média.,"Terá que pagar a multa, mas nada acontece com a PPD.",Terá a PPD renovada por mais 6 meses.,Poderá solicitar a CNH definitiva normalmente após 1 ano.,/Users/lucianodiisouza/Documents/projects/autocurso-2000/Banco Nacional de Questões.pdf
p1-m3-q517,1,3,Na Direção da Segurança,517,intermediario,"Na prática, o que a Direção Defensiva ensina a fazer para proteger sua vida e a
dos outros?",,"Manter a atenção, antecipar imprevistos e prever situações de risco.",A Direção Defensiva é a arte de antecipar problemas e manter a atenção total.,"Dirigir no limite de velocidade, sem se preocupar com os outros.",Confiar apenas na preferência que você tem na via.,Fazer ultrapassagens arriscadas para evitar congestionamento.,/Users/lucianodiisouza/Documents/projects/autocurso-2000/Banco Nacional de Questões.pdf
p1-m3-q518,1,3,Na Direção da Segurança,518,intermediario,Qual a função das Vias Coletoras no sistema de trânsito urbano?,,Fazer a ligação entre as ruas dos bairros (Locais) e as grandes avenidas (Arteriais).,"As Coletoras fazem a distribuição do tráfego, ligando os pontos menores aos maiores.","Ligar cidades e estados, sem semáforos.",Servir apenas como área de convivência e lazer.,Cortar a cidade em grandes eixos expressos.,/Users/lucianodiisouza/Documents/projects/autocurso-2000/Banco Nacional de Questões.pdf
p1-m3-q519,1,3,Na Direção da Segurança,519,intermediario,"Qual a ""boa regra"" de tempo sugerida para manter a distância de segurança em
rodovias?",,Manter pelo menos 2 segundos de distância do veículo da frente.,"O cálculo em tempo, usando um ponto de referência e contando 2 segundos, é a forma mais
segura de medir a distância.",Manter 1 segundo de distância do veículo da frente.,Manter a distância de 5 metros do veículo da frente.,Manter a distância de 30 metros do veículo da frente.,/Users/lucianodiisouza/Documents/projects/autocurso-2000/Banco Nacional de Questões.pdf
p1-m3-q520,1,3,Na Direção da Segurança,520,intermediario,"O farol baixo ligado na rodovia, mesmo de dia, ajuda outros motoristas a
perceberem sua presença com mais facilidade em quais condições?",,"Em dias nublados, com neblina ou quando o sol está baixo no horizonte.",O farol baixo aumenta a visibilidade do seu veículo em todas essas condições de pouca luz.,Apenas em dias de chuva forte.,Apenas à noite ou em túneis.,Apenas para piscar e sinalizar a intenção de ultrapassar.,/Users/lucianodiisouza/Documents/projects/autocurso-2000/Banco Nacional de Questões.pdf
p1-m3-q521,1,3,Na Direção da Segurança,521,intermediario,"O que você deve fazer depois de passar pelo ponto mais fechado de uma curva
na rodovia?",,Acelerar suavemente na saída.,"A regra é: entrar devagar, e acelerar suavemente na saída para retomar a velocidade.",Frear bruscamente na saída.,Manter o volante virado para o lado da curva.,Deixar o veículo seguir a inércia da curva.,/Users/lucianodiisouza/Documents/projects/autocurso-2000/Banco Nacional de Questões.pdf
p1-m3-q522,1,3,Na Direção da Segurança,522,intermediario,"Em viagens longas, onde você deve planejar suas paradas para usar o banheiro,
tomar um café ou esticar as pernas?",,Postos de gasolina e áreas de descanso que aparecem ao longo da rodovia.,As paradas devem ser feitas em locais seguros e apropriados (postos e áreas de descanso).,"No acostamento da rodovia, a qualquer momento.",Debaixo de viadutos ou pontes.,Em qualquer lugar que não tenha fiscalização.,/Users/lucianodiisouza/Documents/projects/autocurso-2000/Banco Nacional de Questões.pdf
p1-m3-q523,1,3,Na Direção da Segurança,523,intermediario,"Por que a atenção precisa ser redobrada e a velocidade, reduzida, perto de
escolas, hospitais e faixas de pedestres?",,Porque a vida de outras pessoas depende da sua cautela.,"As Áreas Sensíveis exigem maior cautela para proteger crianças, idosos e pedestres.",Porque você será multado se não reduzir a velocidade.,Porque o trânsito flui melhor se você dirigir devagar.,Porque é o único lugar na cidade onde a regra dos 30km/h se aplica.,/Users/lucianodiisouza/Documents/projects/autocurso-2000/Banco Nacional de Questões.pdf
p1-m3-q524,1,3,Na Direção da Segurança,524,intermediario,"O que as Vias Arteriais (limite de 60km/h) têm que te faz parar com frequência,
diferentemente das Vias de Trânsito Rápido?",,Vários semáforos e faixas de pedestres.,"As Arteriais são avenidas importantes, mas possuem cruzamentos e semáforos que exigem
paradas frequentes.",Acostamentos para paradas improvisadas.,Muita poeira e cascalho.,Velocidade máxima de 80km/h.,/Users/lucianodiisouza/Documents/projects/autocurso-2000/Banco Nacional de Questões.pdf
p1-m3-q525,1,3,Na Direção da Segurança,525,intermediario,"Qual o principal risco de improvisar paradas em locais perigosos, como no
acostamento sem necessidade?",,Coloca em risco outros motoristas que podem se distrair ou precisar desviar.,"A parada indevida no acostamento é um perigo não só para você, mas também para os outros
motoristas.",Seu carro será rebocado imediatamente.,Você será obrigado a pagar um pedágio.,Seu pneu pode furar se você parar no acostamento.,/Users/lucianodiisouza/Documents/projects/autocurso-2000/Banco Nacional de Questões.pdf
p1-m3-q526,1,3,Na Direção da Segurança,526,intermediario,"Qual é a condição de experiência necessária para que o condutor possa obter as
categorias mais avançadas (Caminhões, Ônibus e Vans)?",,Já ter experiência e dominar bem a direção com a habilitação básica (A ou B).,"O processo para categorias C, D e E exige que você já seja um condutor experiente nas
categorias básicas.",Ter mais de 30 anos de idade.,Ter uma pontuação perfeita em todos os exames.,Ter tirado a primeira habilitação (PPD) há mais de 5 anos.,/Users/lucianodiisouza/Documents/projects/autocurso-2000/Banco Nacional de Questões.pdf
p1-m3-q527,1,3,Na Direção da Segurança,527,facil,"Qual o tipo de via rural que é descrita como não pavimentada, sendo de terra batida ou
cascalho, e que exige mais cuidado?",,Estradas de Terra.,"Estradas de Terra são as vias rurais não pavimentadas, ligando fazendas e comunidades rurais.",Rodovias Pavimentadas.,Vias Arteriais.,Vias de Trânsito Rápido.,/Users/lucianodiisouza/Documents/projects/autocurso-2000/Banco Nacional de Questões.pdf
p1-m3-q528,1,3,Na Direção da Segurança,528,facil,"O que o material afirma ser a atitude que faz toda a diferença no trânsito, ao lado de
revisar os equipamentos?",,Manter a calma no trânsito.,"O cuidado com o veículo (revisão) e o comportamento (manter a calma) andam juntos para a
direção segura.",Usar o farol alto em todas as vias.,Dirigir o mais rápido possível.,Ignorar a preferência de outros motoristas.,/Users/lucianodiisouza/Documents/projects/autocurso-2000/Banco Nacional de Questões.pdf
p1-m3-q529,1,3,Na Direção da Segurança,529,facil,Qual o procedimento correto que o condutor deve adotar ao dirigir sob neblina pesada?,,"Ligar o farol baixo e os faróis de neblina (se tiver), e nunca usar o farol alto.","O material instrui que na neblina, deve-se ""Ligar o farol baixo e os faróis de neblina, se tiver.
Nunca use farol alto na neblina!""","Usar apenas o farol alto, pois ele consegue ""cortar"" melhor a neblina densa.",Desligar todos os faróis para que as luzes não reflitam na neblina e ofusquem o motorista.,Ligar apenas o pisca-alerta e manter a velocidade normal.,/Users/lucianodiisouza/Documents/projects/autocurso-2000/Banco Nacional de Questões.pdf
p1-m3-q530,1,3,Na Direção da Segurança,530,intermediario,"Você está em uma viagem longa e começa a sentir os olhos pesados e bocejar
muito. Qual o tempo mínimo de descanso recomendado antes de voltar a dirigir?",,"Parar e descansar no mínimo 20 minutos, além de tomar um café ou lavar o rosto.","O material afirma que, ao sentir fadiga, deve-se ""Descanse 20 minutos, tome um café, lave o
rosto.""",Continuar dirigindo e abrir a janela para que o ar frio o mantenha acordado.,"Parar apenas por 5 minutos, o suficiente para uma pequena caminhada.","Parar e tentar ser ""herói"", ignorando os sinais de fadiga. 4",/Users/lucianodiisouza/Documents/projects/autocurso-2000/Banco Nacional de Questões.pdf
p1-m3-q531,1,3,Na Direção da Segurança,531,facil,"Qual a regra geral de uso que se aplica a todos os dispositivos para crianças (bebê
conforto, cadeirinha, assento de elevação)?",,Devem ser utilizados sempre no banco traseiro de acordo com a idade e o peso da criança.,"O texto afirma que os dispositivos devem ser usados ""sempre no banco traseiro de acordo com a
idade da criança.""","Devem ser utilizados no banco dianteiro, desde que o airbag esteja desligado.","Podem ser utilizados no banco traseiro ou dianteiro, dependendo da conveniência do motorista.","A obrigatoriedade só se aplica a viagens em rodovias, não em perímetros urbanos.",/Users/lucianodiisouza/Documents/projects/autocurso-2000/Banco Nacional de Questões.pdf
p1-m3-q532,1,3,Na Direção da Segurança,532,intermediario,"Para que o apoio de cabeça seja eficaz em evitar lesões no pescoço, qual deve
ser seu posicionamento correto?",,Deve ficar na altura do centro da cabeça.,"O apoio deve ficar ""na altura do centro da cabeça, para evitar lesões no pescoço.""","Deve ficar na altura do pescoço, para suportar a coluna cervical.",Deve ser removido em viagens longas para evitar tensão na nuca.,Deve ficar o mais baixo possível para que a cabeça fique livre para mover-se.,/Users/lucianodiisouza/Documents/projects/autocurso-2000/Banco Nacional de Questões.pdf
p1-m3-q533,1,3,Na Direção da Segurança,533,facil,Qual o tipo de calçado desaconselhado para a condução do veículo?,,Chinelos e calçados que não ficam firmes nos pés.,"O material alerta que ""Chinelos e calçados que não ficam firmes nos pés podem comprometer o
uso dos pedais"".",Botas de cano alto para proteção dos tornozelos.,Tênis esportivo com cadarços apertados.,"Sapatos de salto alto, desde que sejam justos no pé.",/Users/lucianodiisouza/Documents/projects/autocurso-2000/Banco Nacional de Questões.pdf
p1-m3-q534,1,3,Na Direção da Segurança,534,intermediario,"Qual a faixa de idade e peso que exige o uso do dispositivo de retenção Bebê
Conforto?",,Recém-nascidos e bebês com até 1 ano de idade ou até 13 kg.,"O Bebê Conforto é ""Essencial para recém-nascidos e bebês até 1 ano de idade ou 13 kg.""",Crianças de 1 a 4 anos ou com peso entre 9 e 18 kg.,"Crianças de 4 a 10 anos ou até 1,45 m de altura.","Crianças com mais de 7 anos e meio e mais de 1,45 m.",/Users/lucianodiisouza/Documents/projects/autocurso-2000/Banco Nacional de Questões.pdf
p1-m3-q535,1,3,Na Direção da Segurança,535,dificil,"O Bebê Conforto deve ser instalado virado para trás. Qual é a justificativa crucial para
essa posição?",,Protege melhor a cabeça e a coluna vertebral do bebê em caso de colisão.,"A posição de costas ""protege melhor a cabeça e o pescoço do bebê.""",Permite que o bebê tenha uma visão completa do trânsito no banco traseiro.,Facilita a instalação no sistema ISOFIX ou cinto de segurança do veículo.,Garante que o bebê receba o ar frio do ar-condicionado frontal.,/Users/lucianodiisouza/Documents/projects/autocurso-2000/Banco Nacional de Questões.pdf
p1-m3-q536,1,3,Na Direção da Segurança,536,intermediario,"Qual a faixa de idade e peso recomendada para o uso da Cadeirinha no banco
traseiro?",,Crianças de 1 a 4 anos ou com peso entre 9 e 18 kg.,"A Cadeirinha é indicada para ""crianças de 1 a 4 anos ou com peso entre 9 e 18 kg.""",Crianças com até 1 ano ou com peso até 13 kg.,Crianças de 4 a 10 anos ou com peso entre 15 e 36 kg.,"Crianças com mais de 10 anos e mais de 1,45 m de altura.",/Users/lucianodiisouza/Documents/projects/autocurso-2000/Banco Nacional de Questões.pdf
p1-m3-q537,1,3,Na Direção da Segurança,537,intermediario,O uso do Assento de Elevação é obrigatório até qual idade ou altura da criança?,,"Para crianças de 4 a 10 anos ou até 1,45 m de altura.","O Assento de Elevação é para crianças ""de 4 a 10 anos ou até 1,45 m de altura.""","Apenas até os 7 anos e meio, independentemente da altura.","Apenas até a criança atingir 36 kg, independentemente da altura.",O assento de elevação só é obrigatório para crianças com peso acima de 25 kg.,/Users/lucianodiisouza/Documents/projects/autocurso-2000/Banco Nacional de Questões.pdf
p1-m3-q538,1,3,Na Direção da Segurança,538,dificil,"Transportar crianças sem os dispositivos de retenção adequados ou de forma incorreta
constitui qual tipo de infração de trânsito, segundo a legislação?",,"Infração gravíssima, com 7 pontos na CNH, multa e retenção do veículo.","O material lista as consequências legais: ""infração gravíssima, com 7 pontos na CNH, multa e
retenção do veículo.""","Infração média, com 4 pontos na CNH e multa, mas sem retenção do veículo.","Infração grave, com 5 pontos na CNH, multa e apenas advertência por escrito.","Infração leve, com 3 pontos na CNH e retenção do veículo.",/Users/lucianodiisouza/Documents/projects/autocurso-2000/Banco Nacional de Questões.pdf
p1-m3-q539,1,3,Na Direção da Segurança,539,dificil,O que a inércia faz com o corpo dos ocupantes de um veículo em caso de colisão?,,Faz com que seu corpo continue se movendo na velocidade original do veículo.,"O texto explica: ""Em uma colisão, a inércia faz com que seu corpo continue se movendo na
velocidade original do veículo.""","Faz com que seu corpo se fixe imediatamente ao assento, amortecendo o impacto.",Faz com que a força do impacto seja distribuída apenas no ombro.,"Faz com que o airbag infle mais lentamente, protegendo o ocupante.",/Users/lucianodiisouza/Documents/projects/autocurso-2000/Banco Nacional de Questões.pdf
p1-m3-q540,1,3,Na Direção da Segurança,540,facil,"Quais são as três partes mais resistentes do corpo pelas quais o cinto de três pontos foi
projetado para distribuir a força do impacto?",,"Ombros, tórax e pélvis.","O cinto foi projetado para distribuir a força nas partes mais resistentes do corpo: ""ombros, tórax e
pélvis.""","Pescoço, barriga e joelhos.","Braços, pernas e cabeça.","Mãos, pés e cotovelos.",/Users/lucianodiisouza/Documents/projects/autocurso-2000/Banco Nacional de Questões.pdf
p1-m3-q541,1,3,Na Direção da Segurança,541,intermediario,"Qual o procedimento crucial sobre a Faixa Subabdominal do cinto de segurança,
especialmente para mulheres grávidas?",,"Deve repousar sobre os ossos do quadril (pélvis), e nunca sobre o abdômen.","A faixa subabdominal deve ser posicionada sobre os ossos do quadril, ""sempre por baixo do
abdômen, inclusive no caso de mulheres grávidas.""",Deve ser afrouxada para que não pressione o abdômen durante o impacto.,Deve ser passada sobre o centro da barriga para proteger a região.,"Deve ser totalmente ignorada, usando apenas a faixa diagonal.",/Users/lucianodiisouza/Documents/projects/autocurso-2000/Banco Nacional de Questões.pdf
p1-m3-q542,1,3,Na Direção da Segurança,542,facil,Por que o motorista deve evitar usar o cinto de segurança com roupas volumosas?,,"Roupas volumosas podem comprometer sua eficácia, pois o cinto deve estar justo ao
corpo.","O cinto deve estar ""justo ao corpo, sem folgas. Roupas volumosas podem comprometer sua
eficácia.""",Roupas volumosas são desconfortáveis e limitam a mobilidade do motorista.,O cinto de segurança não consegue travar se houver excesso de roupa.,A faixa diagonal irá deslizar sobre as roupas e não proteger o ombro.,/Users/lucianodiisouza/Documents/projects/autocurso-2000/Banco Nacional de Questões.pdf
p1-m3-q543,1,3,Na Direção da Segurança,543,dificil,"Qual a regra de segurança sobre a Faixa Diagonal do cinto em relação ao braço do
ocupante?",,"Deve passar sobre o ombro e atravessar o centro do tórax, nunca por baixo do braço.","A faixa diagonal deve passar pelo ombro e tórax, ""nunca por baixo do braço"".",Pode ser passada por baixo do braço para evitar atrito no pescoço.,Deve ser colocada abaixo da axila para manter o braço em posição de defesa.,"Deve passar na altura do pescoço, desde que não esteja justa demais.",/Users/lucianodiisouza/Documents/projects/autocurso-2000/Banco Nacional de Questões.pdf
p1-m3-q544,1,3,Na Direção da Segurança,544,intermediario,Qual a principal função do Airbag no veículo?,,"Reduzir significativamente os danos em caso de impacto, complementando a ação do
cinto.","O Airbag ""não evita o sinistro, mas reduz significativamente os danos em caso de impacto,
complementando a ação do cinto.""","Substituir o cinto de segurança, sendo eficaz mesmo se o cinto não estiver afivelado.","Evitar o sinistro, pois ele aciona uma frenagem automática de emergência.",Ser o único responsável por manter o ocupante na posição correta durante a colisão.,/Users/lucianodiisouza/Documents/projects/autocurso-2000/Banco Nacional de Questões.pdf
p1-m3-q545,1,3,Na Direção da Segurança,545,dificil,"O que ocorre e qual o risco quando o airbag é acionado e o ocupante está sem o cinto de
segurança?",,"Ocupante pode colidir com o airbag ainda em expansão, aumentando o risco de lesões
graves ou fatais. 45","Sem o cinto, o corpo é lançado para frente e ""o ocupante pode colidir com o airbag ainda em
expansão"", o que aumenta o risco de lesões.","O airbag amortece o corpo, mas o ocupante é lançado para fora do carro.","O sistema de airbag não é acionado, pois não detecta a presença de passageiro.",O airbag infla normalmente e o ocupante é mantido na posição correta.,/Users/lucianodiisouza/Documents/projects/autocurso-2000/Banco Nacional de Questões.pdf
p1-m3-q546,1,3,Na Direção da Segurança,546,facil,"Por que as crianças devem viajar sempre no banco traseiro, mesmo que o veículo possua
Airbag?",,O airbag dianteiro pode ser extremamente perigoso devido à força de sua abertura.,"O material alerta: ""O airbag dianteiro pode ser extremamente perigoso para elas devido à força
de sua abertura.""",O banco traseiro é sempre mais confortável e silencioso para as crianças.,"O airbag dianteiro pode acionar mesmo sem colisão, devido ao peso da criança.",É proibido instalar cadeirinha no banco dianteiro em qualquer circunstância.,/Users/lucianodiisouza/Documents/projects/autocurso-2000/Banco Nacional de Questões.pdf
p1-m3-q547,1,3,Na Direção da Segurança,547,facil,"Qual o procedimento de segurança em relação a objetos na área do painel ou próximo ao
Airbag?",,"Nunca colocar objetos, pois podem impedir a abertura ou se transformar em projéteis
perigosos.","O material instrui: ""Nunca coloque objetos sobre o painel ou próximo às áreas de acionamento
do airbag. Isso pode impedir sua abertura ou transformar os objetos em projéteis perigosos.""","Colocar apenas pequenos objetos leves, como celulares ou moedas.","Colocar o máximo de objetos, pois eles ajudam a amortecer o impacto.","Colocar apenas objetos macios, como pelúcias ou travesseiros.",/Users/lucianodiisouza/Documents/projects/autocurso-2000/Banco Nacional de Questões.pdf
p1-m3-q548,1,3,Na Direção da Segurança,548,intermediario,"Qual a ação imediata que o condutor deve tomar se a luz indicadora do Airbag no
painel permanecer acesa após ligar o veículo?",,"Observar se a luz apaga, pois se ela permanecer acesa, pode indicar uma falha no
sistema.","A luz deve apagar após alguns segundos. Se ""permanecer acesa, pode indicar uma falha no
sistema.""","Continuar dirigindo, pois a luz só indica que o sistema está desativado temporariamente.","Desligar o carro imediatamente, pois o airbag pode acionar a qualquer momento.",Colocar objetos leves sobre o painel para verificar se a luz se apaga.,/Users/lucianodiisouza/Documents/projects/autocurso-2000/Banco Nacional de Questões.pdf
p1-m3-q549,1,3,Na Direção da Segurança,549,facil,"Qual item de uso obrigatório por lei é considerado a ""barreira fundamental contra lesões
na cabeça"" para motociclistas?",,O Capacete.,"O capacete é o ""Item de uso obrigatório por lei, [e] a barreira fundamental contra lesões na
cabeça.""",A Jaqueta com Proteção.,A Viseira do capacete (separadamente).,A Bota de cano robusto.,/Users/lucianodiisouza/Documents/projects/autocurso-2000/Banco Nacional de Questões.pdf
p1-m3-q550,1,3,Na Direção da Segurança,550,intermediario,Qual a finalidade do Selo do Inmetro no capacete do motociclista?,,"Atessa sua conformidade com as normas brasileiras de segurança e que ele passou por
testes rigorosos.","É crucial que o capacete possua o selo do Inmetro, que ""atesta sua conformidade com as
normas brasileiras de segurança.""",Indica que o capacete foi feito com material biodegradável.,Indica que o capacete pode ser usado sem a viseira abaixada.,Indica que o capacete deve ser trocado a cada 5 anos.,/Users/lucianodiisouza/Documents/projects/autocurso-2000/Banco Nacional de Questões.pdf
p1-m3-q551,1,3,Na Direção da Segurança,551,facil,"Qual a regra de segurança em relação ao uso de capacete que sofreu um impacto ou
apresenta dano estrutural?",,"NUNCA usar ou emprestar, pois sua eficácia está comprometida.","O material é categórico: um capacete danificado tem sua ""eficácia comprometida. Nunca
empreste ou utilize""","Usar apenas em baixas velocidades, pois a eficácia é reduzida, mas ainda existe.",Usar após consertar a parte danificada com fita adesiva ou cola.,Usar apenas no banco do passageiro (garupa).,/Users/lucianodiisouza/Documents/projects/autocurso-2000/Banco Nacional de Questões.pdf
p1-m3-q552,1,3,Na Direção da Segurança,552,intermediario,"Qual o benefício crucial das luvas específicas para motociclismo em caso de
sinistro?",,"Protegem as mãos contra abrasões, cortes e impactos, que são extremamente vulneráveis.","O material afirma que as ""Mãos são extremamente vulneráveis em sinistros"" e que as luvas
""protegem contra abrasões, cortes e impactos.""",Apenas mantêm as mãos aquecidas durante a pilotagem no inverno.,Apenas oferecem melhor aderência ao guidão para curvas de alta velocidade.,Permitem que o motociclista use calçados abertos sem risco.,/Users/lucianodiisouza/Documents/projects/autocurso-2000/Banco Nacional de Questões.pdf
p1-m3-q553,1,3,Na Direção da Segurança,553,facil,"Qual o procedimento de segurança que o motociclista deve ter em relação à viseira do
capacete durante a pilotagem?",,Deve estar sempre abaixada para proteger os olhos e o rosto de impactos e detritos.,"O material é claro: ""a viseira abaixada durante a pilotagem para proteger seus olhos e rosto de
impactos e detritos.""",Deve estar sempre levantada para garantir a máxima ventilação e visibilidade. 62,"Deve estar sempre abaixada, exceto em vias urbanas de baixa velocidade.",Deve ser removida para pilotar com óculos de sol.,/Users/lucianodiisouza/Documents/projects/autocurso-2000/Banco Nacional de Questões.pdf
p1-m3-q554,1,3,Na Direção da Segurança,554,facil,"De acordo com as recomendações de segurança, qual item do capacete deve ser mantido
abaixado?",,Viseira,"A viseira protege os olhos do motociclista de insetos, poeira e vento.",Queixeira,Alça jugular,Forro interno,/Users/lucianodiisouza/Documents/projects/autocurso-2000/Banco Nacional de Questões.pdf
p1-m3-q555,1,3,Na Direção da Segurança,555,facil,"Por que é importante que o motociclista mantenha os faróis da moto acesos mesmo
durante o dia?",,Para ser mais facilmente visto pelos outros motoristas,"Motos com farol aceso são vistas mais cedo pelos outros motoristas, aumentando a segurança.",Para economizar combustível,Para indicar que a moto está ligada,Para aumentar a vida útil da bateria,/Users/lucianodiisouza/Documents/projects/autocurso-2000/Banco Nacional de Questões.pdf
p1-m3-q556,1,3,Na Direção da Segurança,556,facil,"Qual deve ser a atitude do motociclista ao se aproximar de cruzamentos e perto de
pedestres?",,Reduzir a velocidade,Cruzamentos são locais de alto risco e a redução de velocidade é sempre recomendada.,Acelerar para passar rapidamente,"Manter a velocidade, se o sinal estiver verde",Buzinar para alertar,/Users/lucianodiisouza/Documents/projects/autocurso-2000/Banco Nacional de Questões.pdf
p1-m3-q557,1,3,Na Direção da Segurança,557,intermediario,"Qual a recomendação básica para o motociclista evitar o ""ponto cego"" dos
carros?",,Manter distância lateral e se posicionar para ser visto pelos retrovisores,"Estar na posição em que é visto pelos retrovisores garante que o motorista tenha ciência da
presença da moto.",Manter-se sempre atrás do carro,Acelerar para ultrapassar rapidamente,Trafegar colado à lateral do carro,/Users/lucianodiisouza/Documents/projects/autocurso-2000/Banco Nacional de Questões.pdf
p1-m3-q558,1,3,Na Direção da Segurança,558,intermediario,"Ao realizar manobras na moto, qual é a atitude de segurança prioritária a ser
adotada?",,Sinalizar com antecedência e evitar movimentos bruscos,A previsibilidade (sinalização antecipada) é aliada da segurança.,Sinalizar apenas com o braço,Manter a velocidade constante,Mudar de faixa sem sinalizar se o trânsito estiver livre,/Users/lucianodiisouza/Documents/projects/autocurso-2000/Banco Nacional de Questões.pdf
p1-m3-q559,1,3,Na Direção da Segurança,559,intermediario,"Além de ter o selo do Inmetro e viseira abaixada, qual é outra condição essencial
para o uso seguro do capacete?",,Estar bem ajustado e fechado,O capacete precisa estar firme e fechado para oferecer a proteção adequada.,Ser da cor preta fosca,Ter adesivos refletivos,Ser aberto (sem queixeira),/Users/lucianodiisouza/Documents/projects/autocurso-2000/Banco Nacional de Questões.pdf
p1-m3-q560,1,3,Na Direção da Segurança,560,dificil,"Qual dos seguintes itens é considerado um equipamento de segurança recomendado
para o motociclista?",,Roupas reflexivas e calçados fechados,"Jaquetas com proteção, luvas e calçados adequados (fechados e, preferencialmente, com
elementos reflexivos) minimizam lesões.",Balaclava e óculos escuros,Jaqueta de couro e boné,Capacete de fibra de carbono,/Users/lucianodiisouza/Documents/projects/autocurso-2000/Banco Nacional de Questões.pdf
p1-m3-q561,1,3,Na Direção da Segurança,561,dificil,"A principal função da viseira abaixada do capacete, para a segurança do condutor, é:",,"Proteger os olhos contra insetos, poeira e vento",A proteção dos olhos é crucial para manter a visibilidade e o controle da moto.,Reduzir o ruído do vento no capacete,Melhorar a aerodinâmica da moto,Servir como item de moda,/Users/lucianodiisouza/Documents/projects/autocurso-2000/Banco Nacional de Questões.pdf
p1-m3-q562,1,3,Na Direção da Segurança,562,dificil,"Qual comportamento é expressamente proibido e classificado como de risco ao trafegar
no corredor?",,Trafegar entre veículos em alta velocidade,"O texto proíbe especificamente trafegar em alta velocidade no corredor, que é um espaço de
risco.",Mudar de faixa dentro do corredor,Parar o veículo no corredor,Ultrapassar pela direita no corredor,/Users/lucianodiisouza/Documents/projects/autocurso-2000/Banco Nacional de Questões.pdf
p1-m3-q563,1,3,Na Direção da Segurança,563,facil,O que o motorista deve ajustar obrigatoriamente antes de iniciar a condução do veículo?,,Retrovisores e bancos,Ajustar posição de dirigir e visão é básico para reagir adequadamente no trânsito.,Volume do rádio e temperatura do ar,Roteiro do GPS e luz interna,Pneus e nível do óleo,/Users/lucianodiisouza/Documents/projects/autocurso-2000/Banco Nacional de Questões.pdf
p1-m3-q564,1,3,Na Direção da Segurança,564,facil,Por que é fundamental evitar distrações como o celular ao dirigir?,,"Tira a atenção da via, colocando vidas em risco","Distrações comprometem a atenção, sendo a principal causa de acidentes.",Apenas gera multas de trânsito,Diminui a vida útil da bateria,Aumenta o consumo de combustível,/Users/lucianodiisouza/Documents/projects/autocurso-2000/Banco Nacional de Questões.pdf
p1-m3-q565,1,3,Na Direção da Segurança,565,facil,A sinalização de manobras com a seta é opcional ou obrigatória?,,É obrigatória e deve ser usada com pelo menos três segundos de antecedência,"A seta é a forma de comunicar aos outros motoristas o que você fará, sendo vital para a
previsibilidade.",É opcional se não houver outros carros por perto,É recomendada apenas em rodovias,Deve ser usada apenas ao mudar de faixa,/Users/lucianodiisouza/Documents/projects/autocurso-2000/Banco Nacional de Questões.pdf
p1-m3-q566,1,3,Na Direção da Segurança,566,intermediario,"Qual o efeito do cansaço, sono e uso de certos medicamentos nos reflexos do
motorista?",,"Reduzem os reflexos, sendo recomendado não dirigir",Redução dos reflexos compromete a capacidade de reação a imprevistos.,Aumentam a concentração,Não causam impacto significativo,"Apenas dão sono, mas não afetam a direção",/Users/lucianodiisouza/Documents/projects/autocurso-2000/Banco Nacional de Questões.pdf
p1-m3-q567,1,3,Na Direção da Segurança,567,intermediario,"Em qual situação o uso do farol baixo é obrigatório em rodovias, conforme as
informações fornecidas?",,Sempre (mesmo de dia),"O texto estabelece que o farol baixo mesmo de dia é obrigatório em rodovias e recomendado na
cidade.",Apenas à noite ou em túneis,Apenas em condições de pouca luz,"É opcional, mas recomendado",/Users/lucianodiisouza/Documents/projects/autocurso-2000/Banco Nacional de Questões.pdf
p1-m3-q568,1,3,Na Direção da Segurança,568,intermediario,"O que é a ""gentileza no trânsito""?",,"Ceder passagem, sinalizar, manter distância e evitar disputas","A gentileza é definida como inteligência coletiva, baseada em atitudes proativas de cortesia e
segurança.",Dirigir sempre muito devagar,Deixar o veículo na garagem em horários de pico,Ignorar os erros dos outros motoristas,/Users/lucianodiisouza/Documents/projects/autocurso-2000/Banco Nacional de Questões.pdf
p1-m3-q569,1,3,Na Direção da Segurança,569,intermediario,"O que se deve fazer quando se está em uma posição onde não é possível ser
visto pelos retrovisores de outros veículos?",,Mudar a posição para sair do ponto cego,Ficar visível é a forma de evitar o ponto cego e reduzir o risco de colisão.,Buzinar para alertar o outro motorista,Acelerar para ultrapassar rapidamente,Esperar que o outro motorista o veja,/Users/lucianodiisouza/Documents/projects/autocurso-2000/Banco Nacional de Questões.pdf
p1-m3-q570,1,3,Na Direção da Segurança,570,dificil,"Por que é crucial ter uma boa visão ao redor ao dirigir, decorrente do ajuste correto dos
bancos e retrovisores?",,Faz toda a diferença na hora de reagir a imprevistos,"A visibilidade e a posição de comando são essenciais para que o tempo de reação seja o menor
possível.",Ajuda a manter o motor ligado,Melhora a estética do veículo,Diminui o estresse emocional,/Users/lucianodiisouza/Documents/projects/autocurso-2000/Banco Nacional de Questões.pdf
p1-m3-q571,1,3,Na Direção da Segurança,571,dificil,"O farol baixo aceso durante o dia é mais importante em condições de pouca luz. Por que
ele é recomendado na cidade, mesmo com boa iluminação?",,Carros com farol aceso são vistos mais cedo pelos outros motoristas,"O objetivo principal é a visibilidade (ser visto), o que aumenta a segurança preventiva.",É uma forma de economizar o farol alto,Evita o superaquecimento do motor,Melhora a iluminação dos painéis internos,/Users/lucianodiisouza/Documents/projects/autocurso-2000/Banco Nacional de Questões.pdf
p1-m3-q572,1,3,Na Direção da Segurança,572,dificil,"Qual dos seguintes comportamentos não está listado como uma forma de praticar
gentileza no trânsito?",,Acelerar ao invés de ceder a passagem,"Acelerar para impedir a passagem é o oposto de ceder e evitar disputas, não sendo uma atitude
de gentileza.",Sinalizar manobras aos outros,Manter a distância de segurança,Evitar disputas por espaço,/Users/lucianodiisouza/Documents/projects/autocurso-2000/Banco Nacional de Questões.pdf
p1-m3-q573,1,3,Na Direção da Segurança,573,dificil,"Dois fluxos chegam a um cruzamento sem sinalização: um vem de via arterial e outro de
via local. Quem tem preferência?",,"Quem vem pela direita, mesmo que a via da esquerda seja maior.","Tamanho da via não muda a regra da direita. Art. 29, inciso III, alínea c",A via maior (arterial) sempre.,Quem vier mais rápido.,Quem vier com farol alto.,/Users/lucianodiisouza/Documents/projects/autocurso-2000/Banco Nacional de Questões.pdf
p1-m3-q574,1,3,Na Direção da Segurança,574,dificil,Qual é a velocidade máxima normalmente permitida em uma zona calma?,,30 km/h.,Reduzir a velocidade é a forma mais eficaz de salvar vidas em áreas urbanas.,40 km/h.,50 km/h.,60 km/h.,/Users/lucianodiisouza/Documents/projects/autocurso-2000/Banco Nacional de Questões.pdf
p1-m3-q575,1,3,Na Direção da Segurança,575,facil,É permitido ultrapassar pela direita quando:,,O veículo à frente sinaliza que vai virar à esquerda.,Essa é a única exceção prevista no CTB.,A pista estiver livre.,O outro veículo for lento.,A pressa for grande.,/Users/lucianodiisouza/Documents/projects/autocurso-2000/Banco Nacional de Questões.pdf
p1-m4-q1,1,4,"Cuidar, Agir e Preservar",1,dificil,"Sobre limites do corpo humano em sinistros, o que é verdadeiro?",,"Mais velocidade = mais energia = lesões mais graves, por isso controlar a velocidade salva
vidas.","O corpo tem limites, velocidade segura é essencial.",O corpo suporta qualquer impacto leve.,A gravidade independe da velocidade.,Só o tipo do carro define a gravidade.,/Users/lucianodiisouza/Documents/projects/autocurso-2000/Banco Nacional de Questões.pdf
p1-m4-q2,1,4,"Cuidar, Agir e Preservar",2,facil,A bicicleta é classificada como:,,"Veículo de tração humana, porque anda com a força da pessoa que pedala.",Exemplo de veículo de tração humana.,"Veículo automotor, porque tem motor grande.","Veículo de tração animal, porque usa cavalo.","Veículo especial, porque só anda na ciclovia.",/Users/lucianodiisouza/Documents/projects/autocurso-2000/Banco Nacional de Questões.pdf
p1-m4-q3,1,4,"Cuidar, Agir e Preservar",3,facil,"Após ser aprovado em todas as etapas do processo de formação, o candidato obtém:",,Recebe a Permissão Para Dirigir (PPD) com validade de 1 ano.,"A Permissão para Dirigir (PPD) é o documento obtido após a aprovação em todas as etapas do
CFC e tem validade de 12 meses, permitindo ao condutor dirigir provisoriamente antes de obter a Carteira
Nacional de Habilitação (CNH). Art. 148 § 2º do CTB",Recebe multa educativa.,Recebe CRLV do carro do instrutor.,Recebe cartão de desconto no combustível.,/Users/lucianodiisouza/Documents/projects/autocurso-2000/Banco Nacional de Questões.pdf
p1-m4-q4,1,4,"Cuidar, Agir e Preservar",4,dificil,"Em uma fiscalização, Maria apresenta ao agente apenas uma foto da CNH salva na galeria
do celular, e não pelo aplicativo oficial Carteira Digital de Trânsito (CDT). De acordo com o CTB e a
regulamentação do CONTRAN, o que o agente de trânsito deve considerar sobre o porte do documento
neste caso?",,"Não vale. A CNH ou PPD só tem validade no formato original: físico ou digital oficial, cópia
ou foto não substitui.","Conforme estabelecido no Art. 159, § 5º do CTB, a Carteira Nacional de Habilitação (CNH) deve
ser apresentada em original. Uma foto do documento na galeria do celular é considerada uma cópia inválida e
não possui fé pública, pois não permite a comprovação da sua autenticidade. Dessa forma, o agente deve
considerar que a condutora não está portando o documento obrigatório, o que configura infração sujeita à
multa e retenção (Art. 232 do CTB).",Vale se a foto estiver bonita.,Vale se mandar por mensagem depois.,Vale porque é o mesmo número.,/Users/lucianodiisouza/Documents/projects/autocurso-2000/Banco Nacional de Questões.pdf
p1-m4-q5,1,4,"Cuidar, Agir e Preservar",5,facil,Decisão final: Maria recebeu a CNH. Qual cuidado deve tomar?,,"Renovar dentro do prazo do exame de aptidão física e mental, portar o documento quando
dirigir.",Validade depende da aptidão vigente e do porte.,Guardar a CNH e dirigir sem portar.,Emprestar a CNH para amiga aprender.,Dirigir sem respeitar as leis por ser habilitada.,/Users/lucianodiisouza/Documents/projects/autocurso-2000/Banco Nacional de Questões.pdf
p1-m4-q6,1,4,"Cuidar, Agir e Preservar",6,facil,"Durante o período de validade da Permissão Para Dirigir, o que o novo condutor não pode
fazer?",,Não pode cometer infração grave ou gravíssima nem ser reincidente em média.,"Conforme estabelece o art. 147, § 3º do CTB, a Carteira Nacional de Habilitação (CNH) definitiva
só será conferida ao portador da Permissão Para Dirigir se, ao término de um ano, ele não tiver cometido
nenhuma infração de natureza gravíssima ou grave, ou não for reincidente em infração média.",Pode dirigir sem documento.,Pode correr em racha.,Pode recusar regras porque “ainda é provisória”.,/Users/lucianodiisouza/Documents/projects/autocurso-2000/Banco Nacional de Questões.pdf
p1-m4-q7,1,4,"Cuidar, Agir e Preservar",7,facil,"Maria está conduzindo uma motocicleta quando se depara com um ônibus parado. O que
ela deve fazer?",,Esperar o ônibus sair ou ultrapassar pela esquerda com cuidado.,A ultrapassagem pela direita é infração gravíssima.,"Passar pela direita, bem colada.",Subir na calçada.,Ziguezaguear entre os carros.,/Users/lucianodiisouza/Documents/projects/autocurso-2000/Banco Nacional de Questões.pdf
p1-m4-q8,1,4,"Cuidar, Agir e Preservar",8,facil,"Maria reprovou na prova de direção três vezes. O que ela faz para continuar o processo de
formação?",,"Agenda nova prova, mantém documentos válidos.","Após reprovar, o candidato pode reagendar a prova prática para uma nova tentativa, seguindo os
procedimentos do Detran, até alcançar aprovação.",Sai dirigindo sozinha para treinar melhor.,Usa a Permissão para Dirigir da irmã emprestada para fazer a prova.,Sobe na calçada para evitar fiscalização.,/Users/lucianodiisouza/Documents/projects/autocurso-2000/Banco Nacional de Questões.pdf
p1-m4-q9,1,4,"Cuidar, Agir e Preservar",9,intermediario,O que caracteriza o respeito ao princípio da vulnerabilidade?,,Dar prioridade a pedestres e ciclistas em situações de conflito.,"O princípio da vulnerabilidade reconhece que certos usuários da via, como pedestres e ciclistas,
têm maior risco de se envolver em acidentes devido à falta de proteção física. Assim, motoristas devem dar
prioridade e agir com mais cautela ao interagir com esses grupos no trânsito.",Priorizar veículos maiores.,Ignorar a travessia de pedestres.,Disputar espaço nas vias.,/Users/lucianodiisouza/Documents/projects/autocurso-2000/Banco Nacional de Questões.pdf
p1-m4-q10,1,4,"Cuidar, Agir e Preservar",10,facil,O que demonstra boa conduta no trânsito?,,Respeitar a sinalização e agir com empatia e cortesia.,"Boa conduta no trânsito envolve seguir as normas de trânsito, respeitar os sinais e as leis, além
de ser educado e atencioso com pedestres, ciclistas e outros motoristas, promovendo um ambiente mais
seguro e organizado nas vias.",Disputar espaço com outros motoristas.,Ignorar regras quando a via está vazia.,Usar buzina excessivamente.,/Users/lucianodiisouza/Documents/projects/autocurso-2000/Banco Nacional de Questões.pdf
p1-m4-q11,1,4,"Cuidar, Agir e Preservar",11,facil,"O candidato pode deixar de realizar os exames médico e psicológico alegando que se
sente bem?",,Não pode. Os exames são obrigatórios para verificar condições de segurança para dirigir.,A aptidão é exigência legal.,"Pode sim, se assinar um papel simples.",Pode se o instrutor concordar.,Pode se fizer só a prova prática.,/Users/lucianodiisouza/Documents/projects/autocurso-2000/Banco Nacional de Questões.pdf
p1-m4-q12,1,4,"Cuidar, Agir e Preservar",12,intermediario,"Quais são os três requisitos que o candidato deve prencher para iniciar o
processo de habilitação?",,"Ser penalmente imputável, saber ler e escrever, ter documento de identificação.",Requisitos para iniciar o processo previstos no art. 140 do CTB.,"Ter carro novo, ter emprego fixo e morar na capital.","Ter ensino superior, moradia própria e passaporte.","Já saber dirigir, ter CPF e não ter condenações penais.",/Users/lucianodiisouza/Documents/projects/autocurso-2000/Banco Nacional de Questões.pdf
p1-m4-q13,1,4,"Cuidar, Agir e Preservar",13,intermediario,Qual é o prazo de renovação da CNH para pessoas com idade entre 50 a 69 anos?,,A cada 5 anos.,"Art. 147, § 2º do CTB.",A cada 10 anos.,A cada 3 anos.,Só quando quiser.,/Users/lucianodiisouza/Documents/projects/autocurso-2000/Banco Nacional de Questões.pdf
p1-m4-q14,1,4,"Cuidar, Agir e Preservar",14,intermediario,Qual é o prazo de renovação da CNH para quem tem 70 anos ou mais?,,A cada 3 anos.,"Art. 147, § 2º do CTB.",A cada 5 anos.,A cada 10 anos.,Não pode renovar mais.,/Users/lucianodiisouza/Documents/projects/autocurso-2000/Banco Nacional de Questões.pdf
p1-m4-q15,1,4,"Cuidar, Agir e Preservar",15,dificil,"Após uma pequena batida sem feridos, dois motoristas passam a discutir sobre a pista. O
que deve ser feito?",,"Sinalizar, tirar os veículos da via e conversar em local seguro.",Os condutores devem garantir a segurança e fluidez do trânsito.,Deixar tudo parado até a perícia.,Ligar farol alto e gritar.,Ir embora sem trocar dados.,/Users/lucianodiisouza/Documents/projects/autocurso-2000/Banco Nacional de Questões.pdf
p1-m4-q16,1,4,"Cuidar, Agir e Preservar",16,dificil,Em qual situação o controle emocional influencia positivamente a função motora?,,Ao frear com calma em uma emergência.,Emoção equilibrada permite coordenação motora adequada e decisões seguras.,Ao ignorar o risco e continuar acelerando.,Ao acelerar sem avaliar o ambiente.,Ao dirigir distraído.,/Users/lucianodiisouza/Documents/projects/autocurso-2000/Banco Nacional de Questões.pdf
p1-m4-q17,1,4,"Cuidar, Agir e Preservar",17,dificil,Por que dominar a si mesmo é mais importante do que dominar o veículo?,,Porque o controle emocional evita decisões perigosas e protege vidas.,Autocontrole é base da direção defensiva e do Sistema Seguro.,Porque as leis permitem dirigir sem prática.,Porque os veículos modernos têm freios automáticos.,Porque a técnica vem depois da velocidade.,/Users/lucianodiisouza/Documents/projects/autocurso-2000/Banco Nacional de Questões.pdf
p1-m4-q18,1,4,"Cuidar, Agir e Preservar",18,dificil,Qual combinação cumpre recall e protege o ambiente?,,"Consultar CDT/Senatran, agendar reparo gratuito e manter manutenção que reduz
emissões.",Correção rápida evita falhas e poluentes.,Ignorar recall e rodar com fumaça azul.,Aguardar quebrar para reparar.,Usar aditivo para esconder fumaça.,/Users/lucianodiisouza/Documents/projects/autocurso-2000/Banco Nacional de Questões.pdf
p1-m4-q19,1,4,"Cuidar, Agir e Preservar",19,dificil,Qual combinação mostra a aplicação simultânea dos cinco elementos da direção segura?,,"Condutor atento, veículo revisado, via observada, tempo avaliado e respeito aos outros.",A segurança depende da interação constante entre todos os fatores.,"Condutor apressado, veículo potente, via livre, sol forte, sem atenção.","Condutor distraído, carro novo, pista seca, pressa.",Dirigir rápido apenas com faróis acesos.,/Users/lucianodiisouza/Documents/projects/autocurso-2000/Banco Nacional de Questões.pdf
p1-m4-q20,1,4,"Cuidar, Agir e Preservar",20,dificil,"Quando o condutor sente medo ao dirigir, qual atitude demonstra autoconhecimento?",,Reconhecer o sentimento e treinar gradualmente.,Autoregulação emocional fortalece a aprendizagem segura e confiante.,Forçar-se a dirigir em alta velocidade.,Evitar treinar por completo.,Fingir segurança diante dos outros.,/Users/lucianodiisouza/Documents/projects/autocurso-2000/Banco Nacional de Questões.pdf
p1-m4-q21,1,4,"Cuidar, Agir e Preservar",21,dificil,"Um motociclista, após longa jornada de trabalho noturno, decide continuar pilotando
mesmo sentindo fadiga. Qual princípio da direção segura está sendo comprometido?",,"O equilíbrio físico e emocional, essencial para reação e julgamento adequados.","A fadiga afeta o tempo de reação, o raciocínio e o controle emocional, prejudicando o equilíbrio
necessário à condução segura. O descanso é requisito da direção preventiva.","A função motora, pois o esforço físico compensa o cansaço.","A função sensorial, já que o corpo se adapta ao esforço contínuo.","O princípio da previsão, pois basta atenção redobrada.",/Users/lucianodiisouza/Documents/projects/autocurso-2000/Banco Nacional de Questões.pdf
p1-m4-q22,1,4,"Cuidar, Agir e Preservar",22,facil,Um alinhamento comprometido das rodas pode causar:,,"Carro puxando, desgaste irregular dos pneus e instabilidade.","Os desalinhamento das rodas pode causar sérios danos ao veículo e comprometer a segurança
viária.",Consumo menor.,Volante sempre reto.,Pneu mais frio.,/Users/lucianodiisouza/Documents/projects/autocurso-2000/Banco Nacional de Questões.pdf
p1-m4-q23,1,4,"Cuidar, Agir e Preservar",23,facil,Atender ao recall protege:,,"Você, passageiros e demais usuários da via.",Atender aos recalls promove a segurança coletiva no trânsito.,Só o motor.,Apenas o dono do carro.,O bolso do proprietário ou do condutor.,/Users/lucianodiisouza/Documents/projects/autocurso-2000/Banco Nacional de Questões.pdf
p1-m4-q24,1,4,"Cuidar, Agir e Preservar",24,facil,Avaliar riscos ao dirigir significa:,,Ter a visão de eventuais erros antes que esses aconteçam.,Avaliar riscos é antecipar perigos e adotar postura preventiva.,Confiar que os outros sempre agirão certo.,Pensar apenas em chegar rápido.,Evitar olhar para os lados.,/Users/lucianodiisouza/Documents/projects/autocurso-2000/Banco Nacional de Questões.pdf
p1-m4-q25,1,4,"Cuidar, Agir e Preservar",25,dificil,Avaliar riscos é uma atitude que envolve:,,Todas as quatro funções da condução segura.,"Sensorial, cognitiva, motora e emocional atuam juntas na avaliação de riscos.",Apenas a função motora.,Somente a visão e a audição.,Nenhum fator emocional.,/Users/lucianodiisouza/Documents/projects/autocurso-2000/Banco Nacional de Questões.pdf
p1-m4-q26,1,4,"Cuidar, Agir e Preservar",26,facil,Baterias automotivas devem ser:,,Enviadas para reciclagem específica em locais autorizados.,"As baterias são altamente tóxicas, razão pela qual devem ser descartadas em locais
apropriados.",Jogadas no lixo comum.,Enterradas no quintal.,Lavadas e reutilizadas sempre.,/Users/lucianodiisouza/Documents/projects/autocurso-2000/Banco Nacional de Questões.pdf
p1-m4-q27,1,4,"Cuidar, Agir e Preservar",27,facil,Boa prática para cuidado do capacete:,,"Não derrubar no chão, trocar em 3–5 anos ou antes se houver dano.",Impactos comprometem a estrutura mesmo sem rachaduras.,Guardar solto no assoalho.,Lavar só por fora.,Nunca apertar o fecho.,/Users/lucianodiisouza/Documents/projects/autocurso-2000/Banco Nacional de Questões.pdf
p1-m4-q28,1,4,"Cuidar, Agir e Preservar",28,facil,Porque o capacete é obrigatório para quem pilota motocicleta?,,Pois protege a cabeça e reduz risco de morte.,"Redução do risco de morte em até 70% quando usado corretamente. O capacete é um
equipamento de segurança exigido pela lei de trânsito para motoristas e passageiros de motocicletas,
conforme o art. 54 do Código de Trânsito Brasileiro (CTB)",Pois apenas evita multa.,Pois deixa o vento mais fresco.,Porque o capacete é necessário apenas para viagens longas.,/Users/lucianodiisouza/Documents/projects/autocurso-2000/Banco Nacional de Questões.pdf
p1-m4-q29,1,4,"Cuidar, Agir e Preservar",29,facil,Como contribuir com o meio ambiente ao dirigir?,,Adotar condução suave e ter a manutenção do veículo em dia.,Diminuir consumo de combustível e emissões de gases.,Deixar o motor em marcha lenta.,Acelerar forte nas saídas.,Ignorar pneus murchos.,/Users/lucianodiisouza/Documents/projects/autocurso-2000/Banco Nacional de Questões.pdf
p1-m4-q30,1,4,"Cuidar, Agir e Preservar",30,dificil,"Como o proprietário de um veículo pode verificar se há um recall pendente para o seu
carro?",,"CDT (aplicativo), site da Senatran ou site da montadora.","A forma mais eficiente e confiável de verificar se há recall pendente no seu carro é consultando o
site do fabricante do veículo ou acessando o portal do Denatran, onde é possível buscar essa informação
utilizando o número do chassi do veículo. Esse procedimento ajuda a garantir que o veículo esteja em
conformidade com as normas de segurança e que eventuais problemas sejam resolvidos de forma adequada.",Apenas perguntando a amigos.,Só na loja onde comprou.,Não é possível consultar.,/Users/lucianodiisouza/Documents/projects/autocurso-2000/Banco Nacional de Questões.pdf
p1-m4-q31,1,4,"Cuidar, Agir e Preservar",31,dificil,Quais são os cuidados essenciais com a bateria de um veículo elétrico?,,Carregamento adequado e descarte correto.,"O carregamento adequado garante que a bateria do veículo elétrico tenha maior durabilidade e
eficiência. Já o descarte correto é crucial para evitar a contaminação ambiental, já que as baterias contêm
materiais prejudiciais que precisam ser reciclados adequadamente.","Utilizar qualquer carregador disponível, independentemente do modelo.",Usar cabos improvisados.,Ignorar autonomia.,/Users/lucianodiisouza/Documents/projects/autocurso-2000/Banco Nacional de Questões.pdf
p1-m4-q32,1,4,"Cuidar, Agir e Preservar",32,dificil,Quais são os cuidados necessários com o sistema de arrefecimento do veículo?,,"Verificar regularmente o nível do líquido de arrefecimento e realizar a troca conforme o
recomendado pelo fabricante.","O sistema de arrefecimento é essencial para evitar o aquecimento excessivo do motor. Verificar
regularmente o nível do líquido de arrefecimento e fazer a troca do fluido de acordo com as instruções do
fabricante garante o bom funcionamento do sistema e previne danos ao motor. O uso de líquidos inadequados
ou ignorar vazamentos pode levar a aquecimento e falhas no motor.",Abrir radiador quente para “resfriar”.,Usar só água da torneira sempre.,Ignorar mangueiras ressecadas.,/Users/lucianodiisouza/Documents/projects/autocurso-2000/Banco Nacional de Questões.pdf
p1-m4-q33,1,4,"Cuidar, Agir e Preservar",33,intermediario,"Dentre as opções apresentadas, qual é uma recomendação de segurança ao
dirigir um veículo elétrico na cidade?",,"Redobrar atenção a pedestres e ciclistas, pois o veículo é silencioso.",Ser visto/“percebido” é essencial.,Usar buzina longa para avisar sempre.,Andar só com farol alto.,Ignorar a sinalização.,/Users/lucianodiisouza/Documents/projects/autocurso-2000/Banco Nacional de Questões.pdf
p1-m4-q34,1,4,"Cuidar, Agir e Preservar",34,dificil,"O que pode acontecer quando o veículo está com as pastilhas de freio gastas ou com o
fluido de freio em más condições?",,Aumentam distância de parada e risco de colisão.,"Pastilhas gastas ou fluido de freio velho ou contaminado reduzem a eficiência do sistema de
frenagem, aumentando o tempo e a distância necessários para parar o veículo.",Melhoram conforto.,Não alteram nada.,Só fazem barulho.,/Users/lucianodiisouza/Documents/projects/autocurso-2000/Banco Nacional de Questões.pdf
p1-m4-q35,1,4,"Cuidar, Agir e Preservar",35,dificil,O que pode acontecer se o proprietário ignorar um recall do veículo?,,"Pode ocorrer alguma falha mecânica ou elétrica que comprometa a segurança dos
ocupantes e de outros usuários da via.","O recall é uma convocação feita pelo fabricante para corrigir defeitos de segurança identificados
após a venda do veículo. Ignorar o recall pode causar falhas graves em sistemas essenciais, como freios,
airbags, direção ou combustível, resultando em acidentes e riscos à vida.",Economia de tempo sem consequências.,Perda de garantia apenas.,Mais conforto.,/Users/lucianodiisouza/Documents/projects/autocurso-2000/Banco Nacional de Questões.pdf
p1-m4-q36,1,4,"Cuidar, Agir e Preservar",36,facil,"Quais itens de manutenção do veículo exigem descarte especial para evitar danos ao meio
ambiente?",,"Óleo lubrificante usado, filtros e baterias.","Itens como óleo lubrificante, filtros, baterias e pneus contêm substâncias químicas e metais
pesados que podem poluir o solo e a água se descartados incorretamente.",Tapete e capa de banco.,Odorizador.,Sacola plástica.,/Users/lucianodiisouza/Documents/projects/autocurso-2000/Banco Nacional de Questões.pdf
p1-m4-q37,1,4,"Cuidar, Agir e Preservar",37,intermediario,"O que pode ocorrer quando o veículo circula com farol, seta ou lanterna
queimados?",,"Prejudica ver e ser visto, devem ser reparados.","As luzes do veículo — como faróis, lanternas e setas — são fundamentais para a visibilidade e
sinalização no trânsito. Quando estão queimadas, outros condutores não conseguem identificar as intenções
do motorista, como mudança de direção ou frenagem, o que aumenta o risco de colisões. Além disso, circular
com lâmpadas queimadas é infração média segundo o art. 230, inciso XXII, do CTB, sujeita a multa e retenção
do veículo até a regularização.",É detalhe estético.,Melhora economia.,Só importa de dia.,/Users/lucianodiisouza/Documents/projects/autocurso-2000/Banco Nacional de Questões.pdf
p1-m4-q38,1,4,"Cuidar, Agir e Preservar",38,intermediario,O que significa quando a luz do airbag permanece acesa no painel do veículo?,,Falha no sistema. O condutor deve procurar manutenção.,"Quando a luz do airbag permanece acesa no painel, isso indica uma falha no sistema de
segurança. Nesse caso, o airbag pode não funcionar corretamente em uma colisão, comprometendo a
proteção dos ocupantes.",Economia de bateria.,Airbag desligado por segurança.,Revisão desnecessária.,/Users/lucianodiisouza/Documents/projects/autocurso-2000/Banco Nacional de Questões.pdf
p1-m4-q39,1,4,"Cuidar, Agir e Preservar",39,dificil,O não atendimento ao recall pode gerar:,,Bloqueio do próximo licenciamento e outras consequências legais.,"Recall é registrado oficialmente, cumprir é responsabilidade. Art. 131, §5º do CTB.",Bônus no seguro.,Isenção de IPVA.,Nenhuma anotação oficial.,/Users/lucianodiisouza/Documents/projects/autocurso-2000/Banco Nacional de Questões.pdf
p1-m4-q40,1,4,"Cuidar, Agir e Preservar",40,facil,O olhar do motociclista deve:,,"Buscar o caminho seguro, não o obstáculo.","“Olhos guiam a moto”, focar saída evita erros.",Concentrar-se apenas nos buracos da via.,Fixar no painel.,Fixar no retrovisor.,/Users/lucianodiisouza/Documents/projects/autocurso-2000/Banco Nacional de Questões.pdf
p1-m4-q41,1,4,"Cuidar, Agir e Preservar",41,facil,O que caracteriza um condutor responsável?,,A preocupação constante com a sua segurança e dos demais.,Responsabilidade e empatia são pilares da direção segura.,A habilidade para correr quando a via está livre.,A capacidade de reagir rapidamente em emergências.,A disposição em disputar espaço no trânsito.,/Users/lucianodiisouza/Documents/projects/autocurso-2000/Banco Nacional de Questões.pdf
p1-m4-q42,1,4,"Cuidar, Agir e Preservar",42,facil,O que é recall de veículo?,,"Chamado da montadora para corrigir defeito que pode afetar segurança, funcionamento ou
ambiente.",Chamamento de consumidores para correção de elementos nos veículos.,Promoção para trocar o carro.,Revisão paga de rotina.,Convite para test-drive.,/Users/lucianodiisouza/Documents/projects/autocurso-2000/Banco Nacional de Questões.pdf
p1-m4-q43,1,4,"Cuidar, Agir e Preservar",43,facil,O que o condutor deve fazer ao encontrar uma via com buracos e má iluminação?,,Reduzir a velocidade e aumentar a distância do veículo da frente.,A adaptação à via é atitude essencial de direção defensiva.,Acelerar para sair rápido.,Usar farol alto e seguir.,Buzinar para alertar.,/Users/lucianodiisouza/Documents/projects/autocurso-2000/Banco Nacional de Questões.pdf
p1-m4-q44,1,4,"Cuidar, Agir e Preservar",44,facil,O reparo do recall custa quanto ao proprietário?,,"Nada, é gratuito para o proprietário.",A responsabilidade pelo serviço é da montadora.,Metade do valor da peça.,Apenas a mão de obra.,Taxa de oficina.,/Users/lucianodiisouza/Documents/projects/autocurso-2000/Banco Nacional de Questões.pdf
p1-m4-q45,1,4,"Cuidar, Agir e Preservar",45,facil,O trânsito é uma das principais fontes de:,,Poluição do ar nas cidades.,Os veículos são emissores de agentes poluentes.,Água potável.,Sombra urbana.,Silêncio.,/Users/lucianodiisouza/Documents/projects/autocurso-2000/Banco Nacional de Questões.pdf
p1-m4-q46,1,4,"Cuidar, Agir e Preservar",46,intermediario,Pneus bem calibrados e com sulcos:,,Melhoram estabilidade e reduzem consumo.,Contato correto com o solo garante aderência.,Só deixam o carro mais alto.,Aumentam distância de frenagem.,Não influenciam na chuva.,/Users/lucianodiisouza/Documents/projects/autocurso-2000/Banco Nacional de Questões.pdf
p1-m4-q47,1,4,"Cuidar, Agir e Preservar",47,facil,Poluição sonora no trânsito pode causar:,,"Estresse, insônia, irritabilidade e problemas cardíacos.",Ruído excessivo agride a saúde.,Melhora da audição.,Menor atenção ao volante.,Apenas incômodo leve.,/Users/lucianodiisouza/Documents/projects/autocurso-2000/Banco Nacional de Questões.pdf
p1-m4-q48,1,4,"Cuidar, Agir e Preservar",48,facil,Por que o descarte correto de óleo usado é importante?,,Evita poluição do solo e da água por substâncias tóxicas.,Responsabilidade ambiental do condutor.,Aumenta o brilho da calçada.,Some sozinho com o tempo.,Pode ser despejado no ralo.,/Users/lucianodiisouza/Documents/projects/autocurso-2000/Banco Nacional de Questões.pdf
p1-m4-q49,1,4,"Cuidar, Agir e Preservar",49,intermediario,Por que o recall deve ser levado a sério?,,O defeito pode se manifestar de surpresa e causar sinistro.,"Falhas atingem freios, airbags, direção etc.",Porque deixa o carro mais bonito.,Porque aumenta potência.,Porque vale só para carros novos.,/Users/lucianodiisouza/Documents/projects/autocurso-2000/Banco Nacional de Questões.pdf
p1-m4-q50,1,4,"Cuidar, Agir e Preservar",50,facil,Por que pneus calibrados ajudam o ambiente?,,Diminuem consumo e emissões ao reduzir resistência ao rolamento.,Eficiência energética melhora com pressão correta.,Só deixam o carro “alto”.,Não têm relação com poluição.,Gastam mais combustível.,/Users/lucianodiisouza/Documents/projects/autocurso-2000/Banco Nacional de Questões.pdf
p1-m4-q51,1,4,"Cuidar, Agir e Preservar",51,facil,Por que pneus velhos precisam de descarte correto?,,Acumulam água e demoram anos para se decompor.,Evita proliferação de insetos e poluição do meio ambiente.,São leves e voam.,Não ocupam espaço.,Servem como adubo.,/Users/lucianodiisouza/Documents/projects/autocurso-2000/Banco Nacional de Questões.pdf
p1-m4-q52,1,4,"Cuidar, Agir e Preservar",52,facil,Quais indícios pedem revisão de freios?,,Ruídos/trepidações ao frear e pedal baixo.,Sintomas típicos de desgaste ou empeno.,Volante inclinando para um dos lados.,Luzes queimando com facilidade.,Ar-condicionado fraco.,/Users/lucianodiisouza/Documents/projects/autocurso-2000/Banco Nacional de Questões.pdf
p1-m4-q53,1,4,"Cuidar, Agir e Preservar",53,facil,Quais resíduos nunca devem ir para o lixo comum ou ralo?,,"Óleo usado, fluido de freio e líquido de arrefecimento.","Óleo usado, fluido de freio e líquido de arrefecimento são tóxicos e contaminam solo e água.",Água da chuva do para-brisa.,Poeira do tapete.,Papéis do lavador.,/Users/lucianodiisouza/Documents/projects/autocurso-2000/Banco Nacional de Questões.pdf
p1-m4-q54,1,4,"Cuidar, Agir e Preservar",54,facil,Qual alteração gera poluição sonora?,,Escapamento alterado.,Ruído em excesso agride a saúde pública.,Pneus calibrados.,Filtros trocados.,Luzes originais.,/Users/lucianodiisouza/Documents/projects/autocurso-2000/Banco Nacional de Questões.pdf
p1-m4-q55,1,4,"Cuidar, Agir e Preservar",55,facil,Qual atitude reduz poluição do ar no uso diário?,,"Planejar rotas, evitar picos e, quando possível, usar transporte coletivo.","A condução consciente e a menor quantidade de trânsito diminuem as emissões de gases na
atmosfera.",Acelerar para chegar antes.,Ligar o carro parado por longos períodos.,Rodar com manutenção atrasada.,/Users/lucianodiisouza/Documents/projects/autocurso-2000/Banco Nacional de Questões.pdf
p1-m4-q56,1,4,"Cuidar, Agir e Preservar",56,facil,Qual atitude reduz poluição e custo?,,"Calibrar pneus, planejar rotas e evitar marcha lenta.",Condução eficiente e consciente reduz as emissões de gases na atmosfera.,Acelerar forte para chegar antes.,Usar marcha em alto giro sem necessidade.,Ignorar revisões do veículo.,/Users/lucianodiisouza/Documents/projects/autocurso-2000/Banco Nacional de Questões.pdf
p1-m4-q57,1,4,"Cuidar, Agir e Preservar",57,facil,Qual passo certo para calibrar pneus?,,"Pneus frios, pressão do manual/etiqueta, não esquecer o estepe.",Medida correta garante aderência e economia.,Após viagem longa e quente.,Pressão “a olho”.,Encher além do recomendado.,/Users/lucianodiisouza/Documents/projects/autocurso-2000/Banco Nacional de Questões.pdf
p1-m4-q58,1,4,"Cuidar, Agir e Preservar",58,facil,"Quando um condutor percebe irritação no trânsito, o que deve fazer?",,"Respirar, manter calma e não tomar decisões impulsivas.",A função emocional regula o comportamento e previne atitudes perigosas.,Buzinar para extravasar a raiva.,Acelerar para sair logo do congestionamento.,Discutir com outros condutores.,/Users/lucianodiisouza/Documents/projects/autocurso-2000/Banco Nacional de Questões.pdf
p1-m4-q59,1,4,"Cuidar, Agir e Preservar",59,facil,O recall é:,,Ato de prevenção para ajustes e/ou reparos no veículo.,O chamamento de consumidores é medida de segurança para reparos preventivos em veículos.,Opcional e sem importância.,Serviço particular sigiloso.,Exclusivo para veículos de luxo.,/Users/lucianodiisouza/Documents/projects/autocurso-2000/Banco Nacional de Questões.pdf
p1-m4-q60,1,4,"Cuidar, Agir e Preservar",60,facil,Resíduos que exigem descarte correto:,,"Óleo usado, fluido de freio, líquido de arrefecimento, baterias, pneus, filtros e lâmpadas.",O descarte correto evita contaminação de solo e água.,Apenas água do radiador.,Pano de limpeza.,Papel do posto.,/Users/lucianodiisouza/Documents/projects/autocurso-2000/Banco Nacional de Questões.pdf
p1-m4-q61,1,4,"Cuidar, Agir e Preservar",61,facil,Sistemas que podem motivar recall:,,"Freios, direção, airbags, combustível e parte elétrica.",Esses itens afetam diretamente a segurança.,Tapetes e calotas apenas.,Pintura externa.,Apenas pneus.,/Users/lucianodiisouza/Documents/projects/autocurso-2000/Banco Nacional de Questões.pdf
p1-m4-q62,1,4,"Cuidar, Agir e Preservar",62,facil,Um carro com pneus gastos representa risco porque:,,Perde aderência e aumenta chance de derrapagem.,Pneus em mau estado comprometem estabilidade e frenagem.,Gasta menos combustível.,Reduz o desgaste do motor.,Garante frenagem mais rápida.,/Users/lucianodiisouza/Documents/projects/autocurso-2000/Banco Nacional de Questões.pdf
p1-m4-q63,1,4,"Cuidar, Agir e Preservar",63,facil,Vantagem dos veículos elétricos:,,Não emitem gases poluentes durante o uso e geram menos ruído.,Os veículos elétricos representam um benefício urbano e ambiental.,Aumentam fumaça.,Têm motor mais complexo.,Sempre dispensam cuidados.,/Users/lucianodiisouza/Documents/projects/autocurso-2000/Banco Nacional de Questões.pdf
p1-m4-q64,1,4,"Cuidar, Agir e Preservar",64,dificil,"Qual elemento da direção segura depende diretamente da condição física e mental do
condutor?",,O próprio condutor.,O corpo e a mente equilibrados são a base da direção segura.,O veículo.,A via.,As condições ambientais.,/Users/lucianodiisouza/Documents/projects/autocurso-2000/Banco Nacional de Questões.pdf
p1-m4-q65,1,4,"Cuidar, Agir e Preservar",65,intermediario,Um condutor nervoso e ansioso tende a:,,Perder concentração e cometer erros simples.,Emoções descontroladas afetam percepção e tempo de reação.,Dirigir com mais segurança.,Aumentar o controle do veículo.,Reduzir o risco de sinistros.,/Users/lucianodiisouza/Documents/projects/autocurso-2000/Banco Nacional de Questões.pdf
p1-m4-q66,1,4,"Cuidar, Agir e Preservar",66,intermediario,Um motorista cansado corre mais risco porque:,,Tem reflexos lentos e julgamento prejudicado.,Fadiga aumenta o tempo de reação e reduz atenção.,Dirige com mais calma.,Vê melhor à noite.,Reage de forma mais segura.,/Users/lucianodiisouza/Documents/projects/autocurso-2000/Banco Nacional de Questões.pdf
p1-m4-q67,1,4,"Cuidar, Agir e Preservar",67,facil,Por que a empatia é importante no trânsito?,,Porque ajuda a respeitar quem tem mais dificuldade.,Entender o outro ajuda a evitar sinistros.,Porque faz o trânsito andar mais rápido.,Porque evita multas.,Porque garante preferência ao motorista.,/Users/lucianodiisouza/Documents/projects/autocurso-2000/Banco Nacional de Questões.pdf
p1-m4-q68,1,4,"Cuidar, Agir e Preservar",68,intermediario,"Pedro percebe que o pneu do carro está murcho, mas continua dirigindo. Qual o
risco?",,Perder o controle do carro e causar sinistro.,"O principal risco de segurança é que o pneu murcho diminui drasticamente a estabilidade e a
área de contato com o solo, gerando calor excessivo na lateral, o que pode levar à ruptura do pneu (estouro),
causando a perda total de controle do veículo.",Gastar mais combustível apenas.,Danificar o som do veículo.,Ser multado por falta de cinto.,/Users/lucianodiisouza/Documents/projects/autocurso-2000/Banco Nacional de Questões.pdf
p1-m4-q69,1,4,"Cuidar, Agir e Preservar",69,intermediario,Quais são exemplos de fator humano de risco?,,"Distração, álcool, excesso de velocidade.","A maioria dos sinistros de trânsito é causada por falhas humanas, que são o principal foco da
Direção Defensiva. O motorista deve ser atento e previsível para compensar essas falhas, sendo o
conhecimento e a habilidade (evitando a imperícia) fundamentais para a segurança.",Buracos e pista molhada.,Pneu careca e farol queimado.,Falta de sinalização vertical.,/Users/lucianodiisouza/Documents/projects/autocurso-2000/Banco Nacional de Questões.pdf
p1-m4-q70,1,4,"Cuidar, Agir e Preservar",70,intermediario,"Um motorista está cansado e bocejando, mas quer terminar a viagem. O que ele
deveria fazer?",,Parar em local seguro e descansar.,"Conforme os princípios da Direção Defensiva, o cansaço (fadiga) é uma condição adversa do
condutor que diminui drasticamente a atenção, a capacidade de julgamento e o tempo de reação,
equiparando-se à direção sob efeito de álcool.",Beber café e seguir.,Abrir o vidro e continuar.,Aumentar o som do rádio.,/Users/lucianodiisouza/Documents/projects/autocurso-2000/Banco Nacional de Questões.pdf
p1-m4-q71,1,4,"Cuidar, Agir e Preservar",71,dificil,"Durante a noite, Ana dirige cansada depois do trabalho. Ela percebe que está piscando os
olhos com sono. O que deve fazer?",,Parar em local seguro e descansar antes de seguir viagem.,"O sono reduz o tempo de reação e causa sinistros graves. Conforme os princípios da Direção
Defensiva, o cansaço (fadiga) é uma condição adversa do condutor extremamente perigosa, que anula a
capacidade de atenção, o tempo de reação e a percepção de risco. O Art. 28 do CTB exige que o motorista
tenha a todo momento domínio de seu veículo, o que é impossível em estado de fadiga. Continuar a viagem
nessas condições é um ato de negligência que aumenta dramaticamente o risco de sinistros graves, sendo a
parada imediata para descanso a única solução segura e legalmente responsável.",Ligar o rádio e continuar dirigindo.,Abrir o vidro para “espantar o sono”.,Acelerar para chegar logo em casa.,/Users/lucianodiisouza/Documents/projects/autocurso-2000/Banco Nacional de Questões.pdf
p1-m4-q72,1,4,"Cuidar, Agir e Preservar",72,facil,O que deve ser feito primeiro ao chegar a um local de um sinistro?,,Verificar se o local é seguro antes de se aproximar.,"A segurança do socorrista vem em primeiro lugar. Se o local for perigoso, ele pode se tornar
mais uma vítima.",Tentar remover as vítimas imediatamente.,Acionar o socorro apenas após avaliar as lesões.,Aplicar os primeiros socorros sem observar o ambiente.,/Users/lucianodiisouza/Documents/projects/autocurso-2000/Banco Nacional de Questões.pdf
p1-m4-q73,1,4,"Cuidar, Agir e Preservar",73,dificil,O que deve ser evitado ao socorrer uma vítima com fratura exposta?,,Tentar alinhar o osso quebrado.,"Nunca se deve tentar recolocar o osso no lugar, pois isso pode agravar lesões e causar
hemorragias internas.",Cobrir o ferimento com pano limpo.,Evitar movimentos bruscos.,Chamar o socorro.,/Users/lucianodiisouza/Documents/projects/autocurso-2000/Banco Nacional de Questões.pdf
p1-m4-q74,1,4,"Cuidar, Agir e Preservar",74,intermediario,O que se deve fazer com uma vítima de trânsito que está usando capacete?,,Não remover o capacete,A retirada incorreta do capacete pode agravar lesões cervicais.,Retirar o capacete para facilitar o atendimento.,Retirar o capacete imediatamente para verificar ferimentos.,Levantar a cabeça da vítima.,/Users/lucianodiisouza/Documents/projects/autocurso-2000/Banco Nacional de Questões.pdf
p1-m4-q75,1,4,"Cuidar, Agir e Preservar",75,intermediario,Uma vítima apresenta hemorragia nasal. Qual deve ser o procedimento correto?,,Inclinar levemente a cabeça para frente e comprimir o nariz.,"Inclinar para frente evita que o sangue vá para as vias respiratórias e a compressão ajuda a
estancar o sangramento.",Deitar e levantar o queixo.,Inclinar a cabeça para trás.,Tampar uma narina e inspirar profundamente.,/Users/lucianodiisouza/Documents/projects/autocurso-2000/Banco Nacional de Questões.pdf
p1-m4-q76,1,4,"Cuidar, Agir e Preservar",76,intermediario,Uma vítima com suspeita de fratura de coluna deve ser:,,Mantida imóvel até a chegada do socorro.,Movimentos indevidos podem causar lesões irreversíveis.,Sentada para facilitar a respiração.,Colocada de lado.,Movimentada para avaliar os danos.,/Users/lucianodiisouza/Documents/projects/autocurso-2000/Banco Nacional de Questões.pdf
p1-m4-q77,1,4,"Cuidar, Agir e Preservar",77,intermediario,"Ao atender uma vítima de atropelamento inconsciente, o que não deve ser feito?",,Movimentar a vítima sem necessidade.,"Movimentar a vítima pode agravar fraturas e lesões internas. A prioridade é avaliar e chamar o
resgate.",Checar a respiração.,Acionar o socorro.,Verificar pulso.,/Users/lucianodiisouza/Documents/projects/autocurso-2000/Banco Nacional de Questões.pdf
p1-m4-q78,1,4,"Cuidar, Agir e Preservar",78,facil,O que é um atendimento de primeiros socorros?,,Cuidados imediatos prestados antes da chegada de ajuda especializada.,"Primeiros socorros são medidas simples e urgentes prestadas por qualquer pessoa até o socorro
especializado chegar.",Tratamento médico realizado em hospital.,Atendimento feito apenas por profissionais de saúde.,Aplicação de medicamentos específicos.,/Users/lucianodiisouza/Documents/projects/autocurso-2000/Banco Nacional de Questões.pdf
p1-m4-q79,1,4,"Cuidar, Agir e Preservar",79,intermediario,"Quando uma vítima está consciente e se queixando de dor no peito, o que deve
ser feito?",,Acalmá-la e acionar imediatamente o socorro especializado,"A dor no peito pode ser sinal de infarto. É preciso manter a calma da vítima e chamar o socorro
imediatamente. Deitar, oferecer líquidos ou pedir para andar pode agravar o problema.",Pedir para ela caminhar,Dar água fria à vítima,Mandar a pessoa deitar e esperar passar.,/Users/lucianodiisouza/Documents/projects/autocurso-2000/Banco Nacional de Questões.pdf
p1-m4-q80,1,4,"Cuidar, Agir e Preservar",80,facil,"Em caso de atropelamento, o que o condutor deve fazer?",,Parar o veículo em local seguro e prestar socorro chamando ajuda.,"O Código de Trânsito Brasileiro obriga o condutor a parar e acionar o socorro. O abandono de
vítima é crime.",Afastar-se do local.,Retirar a vítima da pista imediatamente.,Aguardar sem comunicar o acidente.,/Users/lucianodiisouza/Documents/projects/autocurso-2000/Banco Nacional de Questões.pdf
p1-m4-q81,1,4,"Cuidar, Agir e Preservar",81,facil,O que deve ser feito se houver vítima inconsciente após um sinistro?,,Verificar se respira e chamar o socorro.,"Deve-se checar respiração e chamar socorro especializado. Movimentar a vítima pode agravar
ferimentos.",Jogar água no rosto da vítima,Dar álcool para a vítima cheirar.,Tentar levantá-la.,/Users/lucianodiisouza/Documents/projects/autocurso-2000/Banco Nacional de Questões.pdf
p1-m4-q82,1,4,"Cuidar, Agir e Preservar",82,intermediario,O que o motorista deve fazer ao ver um ciclista caído na via?,,Parar em local seguro e acionar o socorro.,Todo condutor deve parar e prestar auxílio. O socorro rápido pode salvar vidas.,Desviar e seguir viagem.,Tocar a buzina para alertar.,Esperar que outros ajudem.,/Users/lucianodiisouza/Documents/projects/autocurso-2000/Banco Nacional de Questões.pdf
p1-m4-q83,1,4,"Cuidar, Agir e Preservar",83,intermediario,"O que não se deve fazer ao atender uma vítima com queimadura causada por
sinistro de trânsito?",,Passar pasta de dente ou pomada caseira.,"Produtos caseiros agravam a queimadura e dificultam o tratamento. As bolhas não devem ser
estouradas, pois protegem a pele. O correto é resfriar com água corrente e proteger o local com pano limpo.",Lavar com água corrente.,Cobrir com pano limpo.,Estourar as bolhas que se formarem.,/Users/lucianodiisouza/Documents/projects/autocurso-2000/Banco Nacional de Questões.pdf
p1-m4-q84,1,4,"Cuidar, Agir e Preservar",84,facil,"Qual o termo que substituiu oficialmente ""acidente"" no Brasil, pois a grande maioria
desses eventos pode ser evitada?",,Sinistro.,"O termo ""sinistro"" é usado para reforçar que o evento é uma consequência de escolhas e
comportamentos, e não uma fatalidade do destino.",Fatalidade.,Colisão.,Ocorrência.,/Users/lucianodiisouza/Documents/projects/autocurso-2000/Banco Nacional de Questões.pdf
p1-m4-q85,1,4,"Cuidar, Agir e Preservar",85,facil,"Em um sinistro, qual a primeira coisa que o condutor deve fazer para garantir a segurança
de todos?",,Garantir a própria segurança e sinalizar imediatamente o local.,O primeiro passo é parar em local seguro e acionar o pisca-alerta para sinalizar o problema.,Tentar movimentar a vítima.,Formalizar o registro do ocorrido.,Ligar para a seguradora.,/Users/lucianodiisouza/Documents/projects/autocurso-2000/Banco Nacional de Questões.pdf
p1-m4-q86,1,4,"Cuidar, Agir e Preservar",86,facil,"O que o condutor deve acionar imediatamente após parar o veículo em local seguro no
sinistro para alertar outros motoristas?",,O pisca-alerta do veículo.,O pisca-alerta é a sinalização mais imediata de que há um problema na via.,O farol alto.,O sistema de som.,O limpador de para-brisa.,/Users/lucianodiisouza/Documents/projects/autocurso-2000/Banco Nacional de Questões.pdf
p1-m4-q87,1,4,"Cuidar, Agir e Preservar",87,facil,"O que você deve fazer ao falar com uma vítima consciente em um sinistro, para prestar
assistência?",,"Conversar com ela para mantê-la calma e consciente, e cobri-la se estiver com frio.","Seu papel é dar apoio e conforto, nunca procedimentos médicos ou movimentação.",Dar água e medicamentos.,Tentar mover a vítima para um local mais seguro.,Fazer procedimentos médicos.,/Users/lucianodiisouza/Documents/projects/autocurso-2000/Banco Nacional de Questões.pdf
p1-m4-q88,1,4,"Cuidar, Agir e Preservar",88,facil,"Qual a principal atitude de um condutor consciente em relação ao seu estado físico e
emocional ao dirigir?",,"Reconhecer os sinais de cansaço ou alteração emocional e parar para descansar/se
preparar.",Um condutor consciente sabe que a responsabilidade começa com o seu autocontrole.,Ignorar os sinais e seguir viagem.,Acelerar para chegar mais rápido.,Usar o telefone celular.,/Users/lucianodiisouza/Documents/projects/autocurso-2000/Banco Nacional de Questões.pdf
p1-m4-q89,1,4,"Cuidar, Agir e Preservar",89,facil,"O que o motorista deve fazer em caso de sono ou cansaço, como medida de segurança?",,"Encontrar um local seguro, parar e descansar.",Um pequeno descanso pode salvar a sua vida e a de outros.,Abrir a janela e aumentar o volume do rádio.,Beber café e continuar dirigindo.,Tentar fazer um cochilo rápido no volante.,/Users/lucianodiisouza/Documents/projects/autocurso-2000/Banco Nacional de Questões.pdf
p1-m4-q90,1,4,"Cuidar, Agir e Preservar",90,facil,Qual é um dos sinais de alerta de que o sono está tomando o volante?,,Bocejos frequentes.,"Bocejos, pálpebras pesadas e pensamentos dispersos são sinais de alerta.",Pálpebras abertas.,Pensamentos concentrados.,Direção firme.,/Users/lucianodiisouza/Documents/projects/autocurso-2000/Banco Nacional de Questões.pdf
p1-m4-q91,1,4,"Cuidar, Agir e Preservar",91,facil,"O que é fundamental manter, acima de tudo, em um sinistro sem vítimas?",,"Manter a calma, respirar fundo e evitar reagir de forma impulsiva.",Um momento de pausa pode evitar decisões erradas e piores consequências.,Gritar com o outro motorista.,Fugir do local imediatamente.,Acelerar a troca de informações sem calma.,/Users/lucianodiisouza/Documents/projects/autocurso-2000/Banco Nacional de Questões.pdf
p1-m4-q92,1,4,"Cuidar, Agir e Preservar",92,facil,"O que a sonolência reduz no motorista, tornando a direção perigosa?",,"Seus reflexos, sua atenção e sua capacidade de reagir a imprevistos.",O efeito da sonolência é comparado ao de dirigir alcoolizado.,A necessidade de frear.,A sua velocidade.,O consumo de combustível.,/Users/lucianodiisouza/Documents/projects/autocurso-2000/Banco Nacional de Questões.pdf
p1-m4-q93,1,4,"Cuidar, Agir e Preservar",93,intermediario,"Em um sinistro sem vítimas que esteja bloqueando o trânsito, qual a atitude
correta a ser tomada após a troca de informações?",,"Retirar os veículos da via e levá-los para um local mais seguro, como o acostamento.",Mover os veículos ajuda a evitar novos sinistros e a liberar o fluxo.,Deixar os veículos onde estão até a chegada da polícia.,Ignorar o bloqueio e sinalizar a 5 metros.,Acelerar a fuga do local.,/Users/lucianodiisouza/Documents/projects/autocurso-2000/Banco Nacional de Questões.pdf
p1-m4-q94,1,4,"Cuidar, Agir e Preservar",94,intermediario,"Qual atitude do motorista é citada como perigosa, pois ele perde o controle não
do carro, mas de si mesmo?",,"Dirigir com emoções alteradas como raiva, ansiedade ou tristeza.",O motorista emocionalmente alterado perde a noção de risco e reage por impulso.,Dirigir respeitando o limite de velocidade.,Dirigir seguindo o protocolo de sinistro.,Dirigir em estado mental equilibrado.,/Users/lucianodiisouza/Documents/projects/autocurso-2000/Banco Nacional de Questões.pdf
p1-m4-q95,1,4,"Cuidar, Agir e Preservar",95,intermediario,"O que você deve fazer antes de acionar o socorro especializado em um sinistro,
como parte da ""Avaliação da Situação""?",,"Observar se há vazamentos de combustível, fumaça, fios elétricos soltos ou risco de
incêndio/explosão.",Essas informações são cruciais para a sua segurança e para alertar o socorro.,Tentar apagar um vazamento de combustível.,Fazer procedimentos médicos na vítima.,Fugir do local.,/Users/lucianodiisouza/Documents/projects/autocurso-2000/Banco Nacional de Questões.pdf
p1-m4-q96,1,4,"Cuidar, Agir e Preservar",96,intermediario,"Em um sinistro com vítimas, qual é a obrigação legal do condutor, segundo o
Código de Trânsito Brasileiro e o Código Penal?",,"Permanecer no local e cooperar com as autoridades, pois fugir é crime de omissão de
socorro.",A omissão de socorro é uma infração grave e pode ser considerada crime.,Fugir imediatamente para não ser acusado.,Fazer procedimentos médicos na vítima.,Mover a vítima para o acostamento.,/Users/lucianodiisouza/Documents/projects/autocurso-2000/Banco Nacional de Questões.pdf
p1-m4-q97,1,4,"Cuidar, Agir e Preservar",97,intermediario,"Qual a regra de ouro sobre a assistência à vítima, a fim de não agravar os
ferimentos?",,"""Não remova, não movimente, não transporte.""","Mexer na vítima pode agravar muito os ferimentos, principalmente fraturas.","""Movimente apenas em caso de dor.""","""Movimente sempre para o acostamento.""","""Remova a vítima o mais rápido possível.""",/Users/lucianodiisouza/Documents/projects/autocurso-2000/Banco Nacional de Questões.pdf
p1-m4-q98,1,4,"Cuidar, Agir e Preservar",98,intermediario,"Em um sinistro com vítimas, qual a principal ação que o condutor deve tomar para
garantir a segurança de todos ao redor, além de chamar o socorro?",,"Desligar o motor dos veículos envolvidos, se possível.",Desligar o motor evita riscos como o de incêndio ou explosão.,Retirar os pneus dos carros.,Retirar os documentos das vítimas.,Ligar para a seguradora.,/Users/lucianodiisouza/Documents/projects/autocurso-2000/Banco Nacional de Questões.pdf
p1-m4-q99,1,4,"Cuidar, Agir e Preservar",99,intermediario,"Ao ligar para o socorro em um sinistro com vítimas, o que é fundamental informar
com clareza para agilizar o atendimento?",,"Localização exata, número de vítimas e a situação delas (se estão presas, inconscientes,
sangrando etc.).",A precisão das informações é vital para que o socorro chegue preparado.,Seu nome e CPF completo.,Apenas o tipo de veículo envolvido.,A cor da roupa das vítimas.,/Users/lucianodiisouza/Documents/projects/autocurso-2000/Banco Nacional de Questões.pdf
p1-m4-q100,1,4,"Cuidar, Agir e Preservar",100,intermediario,"No contexto de primeiros socorros em um sinistro, qual é o papel do condutor
leigo que presta assistência?",,"Dar apoio emocional, informar a vítima sobre a chegada do socorro e nunca tentar fazer
procedimentos médicos.","O melhor é proteger o local, sinalizar e aguardar os profissionais.",Tentar fazer um procedimento médico.,Apenas observar a vítima sem falar nada.,Mover a vítima para o carro.,/Users/lucianodiisouza/Documents/projects/autocurso-2000/Banco Nacional de Questões.pdf
p1-m4-q101,1,4,"Cuidar, Agir e Preservar",101,dificil,O que um cochilo de apenas 3 ou 4 segundos a 80km/h faz você percorrer?,,"Quase 100 metros sem controle nenhum do veículo, o equivalente a dirigir de olhos
fechados por um quarteirão inteiro.","A alta velocidade em combinação com o sono resulta em uma perda de controle por uma
distância perigosamente longa.",Apenas 10 metros com o controle total do carro.,"Cerca de 30 metros, mas com o carro se autocontrolando.","Menos de 5 metros, sem risco.",/Users/lucianodiisouza/Documents/projects/autocurso-2000/Banco Nacional de Questões.pdf
p1-m4-q102,1,4,"Cuidar, Agir e Preservar",102,dificil,"Qual a única exceção à regra de ouro ""não remova, não movimente, não transporte"" em
um sinistro com vítimas?",,"Somente fazer a movimentação em caso de risco iminente, como incêndio ou explosão.",O risco à vida é a única razão que justifica movimentar uma vítima de sinistro.,Quando a vítima pedir para ser movida.,Quando o motorista estiver com pressa.,Quando a vítima estiver deitada sobre o asfalto.,/Users/lucianodiisouza/Documents/projects/autocurso-2000/Banco Nacional de Questões.pdf
p1-m4-q103,1,4,"Cuidar, Agir e Preservar",103,dificil,"Em vias rápidas ou com pouca visibilidade (neblina), o que fazer em relação à distância
mínima de 30 metros para sinalização com o triângulo?",,"Aumentar a distância de sinalização, pois 30 metros é apenas o mínimo.","Em vias rápidas, é necessário dar mais tempo de reação aos outros motoristas, o que se faz
aumentando a distância.",Reduzir a distância de sinalização para que o triângulo fique perto do carro.,Manter a distância de exatamente 30 metros.,Usar o pisca-alerta e não o triângulo.,/Users/lucianodiisouza/Documents/projects/autocurso-2000/Banco Nacional de Questões.pdf
p1-m4-q104,1,4,"Cuidar, Agir e Preservar",104,dificil,Por que dirigir com sono é tão perigoso quanto dirigir alcoolizado?,,"Porque a sonolência reduz os reflexos, a atenção e a capacidade de reação, sendo
comparável ao efeito do álcool.","O efeito da sonolência no desempenho cognitivo e reacional é equiparado ao do álcool, sendo
um ""perigo invisível"".",Apenas porque o sono causa bocejos.,Porque a sonolência só afeta a velocidade.,Apenas por causa da regra de $80~km/h$.,/Users/lucianodiisouza/Documents/projects/autocurso-2000/Banco Nacional de Questões.pdf
p1-m4-q105,1,4,"Cuidar, Agir e Preservar",105,intermediario,Qual a consequência de não descansar ao sentir sono?,,"O motorista pode ter micro-sonos (cochilos de 3 a 4 segundos) sem perceber, dirigindo
com os olhos fechados.",O micro-sono é o risco invisível do motorista cansado.,Apenas um aumento do bocejo.,Apenas um aumento da concentração.,Apenas a redução da velocidade.,/Users/lucianodiisouza/Documents/projects/autocurso-2000/Banco Nacional de Questões.pdf
p1-m4-q106,1,4,"Cuidar, Agir e Preservar",106,intermediario,"O que você deve fazer em um sinistro, ao ligar para o socorro e perceber que a
vítima está inconsciente?",,"Informar ao socorro que a vítima está inconsciente e, se possível, desligar o motor.",Informar o estado da vítima e garantir a segurança do local são as prioridades.,Tentar fazer a reanimação cardiopulmonar sozinho.,Movimentar a vítima para o acostamento.,Tentar dar água para a vítima.,/Users/lucianodiisouza/Documents/projects/autocurso-2000/Banco Nacional de Questões.pdf
p1-m4-q107,1,4,"Cuidar, Agir e Preservar",107,intermediario,"O que o motorista deve evitar ao máximo em um sinistro, devido ao risco de
agravar os ferimentos da vítima?",,"Remover, movimentar ou transportar a vítima.",A movimentação pode ser fatal em casos de fratura ou lesão na coluna.,Ligar para o 192 ou 193.,Sinalizar o local do sinistro.,Desligar o motor.,/Users/lucianodiisouza/Documents/projects/autocurso-2000/Banco Nacional de Questões.pdf
p1-m4-q108,1,4,"Cuidar, Agir e Preservar",108,intermediario,"O que você deve fazer antes de acionar o socorro especializado, como parte da
""Avaliação da Situação""?",,"Observar se há vazamentos de combustível, fumaça, fios elétricos soltos ou risco de
incêndio/explosão.",Essas informações garantem a sua segurança e são vitais para o socorro.,Tentar apagar um vazamento de combustível.,Fazer procedimentos médicos na vítima.,Fugir do local.,/Users/lucianodiisouza/Documents/projects/autocurso-2000/Banco Nacional de Questões.pdf
p1-m4-q109,1,4,"Cuidar, Agir e Preservar",109,facil,"João estava dirigindo na cidade quando viu uma colisão grave, com um motociclista
caído no chão. Havia sangue e parecia que a vítima precisava de atendimento médico urgente. Qual
número de emergência João deve ligar imediatamente para acionar o socorro médico especializado
(SAMU)?",,192,"O SAMU é o Serviço de Atendimento Móvel de Urgência, especializado em emergências
médicas, e seu número de contato é o 192.",193,190,191,/Users/lucianodiisouza/Documents/projects/autocurso-2000/Banco Nacional de Questões.pdf
p1-m4-q110,1,4,"Cuidar, Agir e Preservar",110,facil,"Maria estava na rodovia e viu um carro pegando fogo no acostamento. Ela precisava de
ajuda especializada para controlar o incêndio. Para quem Maria deve ligar para pedir ajuda em casos de
incêndio, resgates ou riscos com cabos elétricos?",,193 (Corpo de Bombeiros).,"O Corpo de Bombeiros é o responsável por resgate e combate a incêndios, e o número de
contato é 193.",192 (SAMU).,190 (Polícia Militar).,191 (PRF).,/Users/lucianodiisouza/Documents/projects/autocurso-2000/Banco Nacional de Questões.pdf
p1-m4-q111,1,4,"Cuidar, Agir e Preservar",111,facil,"Pedro deu uma pequena batida no carro da frente. Ninguém se feriu, mas os carros
estavam parados no meio da faixa, bloqueando todo o trânsito. Após trocar as informações (placa,
CNH, telefone) com o outro motorista, qual a atitude correta que Pedro deve tomar?",,"Retirar os veículos da via e levá-los para o acostamento ou local seguro, para liberar o
trânsito.","Em sinistros sem vítimas, é obrigatório mover os veículos para evitar novos acidentes e liberar o
fluxo da via.",Deixar os veículos onde estão e aguardar a chegada da polícia.,Fazer o registro da ocorrência no meio da pista.,Ignorar a batida e fugir do local.,/Users/lucianodiisouza/Documents/projects/autocurso-2000/Banco Nacional de Questões.pdf
p1-m4-q112,1,4,"Cuidar, Agir e Preservar",112,facil,"Ana estava no trânsito quando furou o pneu e teve que parar rapidamente no
acostamento. Qual o passo essencial para sinalizar a emergência no local e proteger a si e aos outros
motoristas, logo após ligar o pisca-alerta?",,Posicionar o triângulo de sinalização a pelo menos 30 metros de distância do veículo.,"Sinalizar o local do sinistro é o segundo passo, sendo o triângulo posicionado a um mínimo de 30
metros de distância.","Posicionar o triângulo a 5 metros do carro, no acostamento.",Ligar o farol alto.,Deixar a porta aberta para que outros motoristas vejam o problema.,/Users/lucianodiisouza/Documents/projects/autocurso-2000/Banco Nacional de Questões.pdf
p1-m4-q113,1,4,"Cuidar, Agir e Preservar",113,facil,"Em um sinistro, Paula parou para ajudar uma vítima que estava consciente, mas com
sede. Qual item Paula não deve dar à vítima sob hipótese alguma, mesmo que ela peça?",,"Água, comida ou medicamentos.","Jamais se deve dar algo para a vítima ingerir, pois isso pode ser fatal se ela precisar de cirurgia
ou estiver em estado de choque.",Apoio e conforto.,Cobertor se estiver com frio.,Informação sobre a chegada do socorro.,/Users/lucianodiisouza/Documents/projects/autocurso-2000/Banco Nacional de Questões.pdf
p1-m4-q114,1,4,"Cuidar, Agir e Preservar",114,facil,"Rafael está dirigindo há muito tempo em uma viagem e começa a sentir as pálpebras
pesadas e a bocejar a cada minuto. O que esses sinais do corpo de Rafael estão indicando?",,"A sonolência, que reduz seus reflexos e sua capacidade de reagir a imprevistos.","Bocejos e pálpebras pesadas são sinais claros de que o corpo precisa de descanso e que a
sonolência está prejudicando o desempenho.",Aumento da atenção e foco.,Necessidade de beber café e seguir viagem.,Apenas um resfriado leve.,/Users/lucianodiisouza/Documents/projects/autocurso-2000/Banco Nacional de Questões.pdf
p1-m4-q115,1,4,"Cuidar, Agir e Preservar",115,facil,"Um pedestre foi atropelado e estava deitado no chão, sentindo muito frio. Qual atitude
correta e segura deve ser tomada para ajudar a vítima a manter a temperatura corporal e evitar o estado
de choque?",,"Cobri-la com um cobertor, agasalho ou manta térmica, se disponível.","O material orienta a cobrir a vítima para evitar a perda de temperatura e o agravamento do
estado de choque.",Dar uma bebida quente.,"Apenas ignorar, pois é mais seguro.",Movimentá-la para um local quente.,/Users/lucianodiisouza/Documents/projects/autocurso-2000/Banco Nacional de Questões.pdf
p1-m4-q116,1,4,"Cuidar, Agir e Preservar",116,facil,"Um motociclista estava caído e inconsciente. Qual a atitude que o condutor leigo não
deve tomar sob hipótese alguma?",,Tentar remover o capacete ou qualquer peça de roupa que esteja grudada.,A remoção de capacete e roupas grudadas pode agravar fraturas ou causar lesões na coluna.,Ligar para o socorro.,Cobrir a vítima se estiver com frio.,Conversar com a vítima para acalmá-la.,/Users/lucianodiisouza/Documents/projects/autocurso-2000/Banco Nacional de Questões.pdf
p1-m4-q117,1,4,"Cuidar, Agir e Preservar",117,facil,"O instrutor de trânsito estava alertando sobre os sinais de sonolência, como bocejar. O
que a sonolência reduz no motorista, tornando a direção perigosa?",,"Seus reflexos, sua atenção e sua capacidade de reagir a imprevistos.",A sonolência afeta as funções cognitivas de forma semelhante ao álcool.,A necessidade de frear.,A sua velocidade.,O consumo de combustível.,/Users/lucianodiisouza/Documents/projects/autocurso-2000/Banco Nacional de Questões.pdf
p1-m4-q118,1,4,"Cuidar, Agir e Preservar",118,intermediario,"Patrícia parou em um sinistro e viu que havia fumaça saindo do capô de um dos
carros. Antes de ligar para o socorro, qual informação Patrícia deve observar para sua própria
segurança e para alertar os profissionais (parte da ""Avaliação da Situação"")?",,"Observar se há vazamentos de combustível, fumaça, fios elétricos soltos ou risco de
incêndio/explosão.","A Avaliação da Situação exige a observação de riscos iminentes (incêndio, explosão) para
garantir a segurança do local.",Tentar apagar o fogo sozinha.,Fazer procedimentos médicos na vítima.,Fugir do local.,/Users/lucianodiisouza/Documents/projects/autocurso-2000/Banco Nacional de Questões.pdf
p1-m4-q119,1,4,"Cuidar, Agir e Preservar",119,intermediario,"André e Bia bateram de leve e ninguém se feriu. Eles já pararam no acostamento
e precisam formalizar o sinistro. Além da placa e modelo do carro, quais informações pessoais de Bia e
André são cruciais para a formalização do sinistro?",,"Nome completo, CPF, CNH e telefone.","A troca de nome, CPF, CNH e telefone é essencial para que o sinistro possa ser registrado e
resolvido.",A cor da roupa e a altura.,Apenas a placa do carro e o modelo.,A cor do cabelo e a marca do celular.,/Users/lucianodiisouza/Documents/projects/autocurso-2000/Banco Nacional de Questões.pdf
p1-m4-q120,1,4,"Cuidar, Agir e Preservar",120,intermediario,"Um motociclista foi derrubado e parecia ter fraturado a perna. Um condutor
queria movê-lo para a calçada, mas outro lembrou-se da ""regra de ouro"" do socorro. Qual é a regra de
ouro do primeiro socorro que impede o condutor leigo de agravar os ferimentos da vítima?",,"""Não remova, não movimente, não transporte.""",Movimentar a vítima pode agravar fraturas e causar lesões irreversíveis na coluna.,"""Movimente apenas em caso de dor.""","""Movimente sempre para o acostamento.""","""Remova a vítima o mais rápido possível.""",/Users/lucianodiisouza/Documents/projects/autocurso-2000/Banco Nacional de Questões.pdf
p1-m4-q121,1,4,"Cuidar, Agir e Preservar",121,intermediario,"João estava muito cansado e, sem perceber, teve um ""micro-sono"" de apenas 3
ou 4 segundos. O material afirma que essa sonolência tem um efeito comparável a dirigir alcoolizado.
O que a sonolência reduz no motorista, tornando a direção perigosa?",,"Reduz os reflexos, a atenção e a capacidade de reação do motorista, de forma similar ao
álcool.","O efeito da sonolência no desempenho é equiparado ao do álcool, pois a perda de atenção e
reflexos é grave.",Aumenta a velocidade e a adrenalina.,Melhora a capacidade de reação em situações de emergência.,Não tem efeito comparável ao álcool.,/Users/lucianodiisouza/Documents/projects/autocurso-2000/Banco Nacional de Questões.pdf
p1-m4-q122,1,4,"Cuidar, Agir e Preservar",122,intermediario,"Lucas é um condutor comum e está prestando socorro em um sinistro, ligando
para o SAMU. Ele pensou em fazer um curativo em um corte, mas lembrou de seu papel. Qual é o papel
de Lucas como condutor leigo que presta assistência?",,"Dar apoio emocional, informar a vítima sobre a chegada do socorro e nunca tentar fazer
procedimentos médicos que não saiba.","O papel do condutor é proteger, sinalizar e apoiar, sem intervenção médica.",Tentar fazer a reanimação cardiopulmonar.,Apenas observar a vítima sem falar nada.,Mover a vítima para o carro.,/Users/lucianodiisouza/Documents/projects/autocurso-2000/Banco Nacional de Questões.pdf
p1-m4-q123,1,4,"Cuidar, Agir e Preservar",123,intermediario,"Em um sinistro grave com vítimas, o motor dos carros envolvidos continuava
ligado. Qual a ação de segurança que deve ser tomada para evitar riscos como o de incêndio ou
explosão?",,"Desligar o motor dos veículos envolvidos, se possível.","Desligar o motor é uma medida de segurança preventiva no local do sinistro, evitando riscos
como o de incêndio.",Retirar os pneus dos carros.,Retirar os documentos das vítimas.,Ligar para a seguradora.,/Users/lucianodiisouza/Documents/projects/autocurso-2000/Banco Nacional de Questões.pdf
p1-m4-q124,1,4,"Cuidar, Agir e Preservar",124,intermediario,"Emergência/Localização: Ao ligar para o Corpo de Bombeiros (193), o atendente
precisava saber como mandar a equipe de resgate. Qual a informação mais crucial que o condutor
deve fornecer para os serviços de emergência (190, 192, 193) para garantir um socorro rápido e eficaz?",,A localização exata do sinistro e o número e situação das vítimas.,A precisão da localização e o estado das vítimas são vitais para o tempo de resposta do socorro.,Seu nome e CPF completo.,Apenas o tipo de veículo envolvido.,A cor da roupa das vítimas.,/Users/lucianodiisouza/Documents/projects/autocurso-2000/Banco Nacional de Questões.pdf
p1-m4-q125,1,4,"Cuidar, Agir e Preservar",125,dificil,"Em um sinistro com uma vítima gravemente ferida, o carro estava começando a pegar
fogo. Qual a única exceção à regra de ouro ""não remova, não movimente, não transporte"" que justifica
mover a vítima?",,"Somente fazer a movimentação em caso de risco iminente, como incêndio, explosão ou
atropelamento.","O risco iminente de morte (como o fogo) é a única razão que justifica o risco de agravar os
ferimentos.",Quando a vítima pedir para ser movida.,Quando o motorista estiver com pressa.,Quando a vítima estiver deitada sobre o asfalto.,/Users/lucianodiisouza/Documents/projects/autocurso-2000/Banco Nacional de Questões.pdf
p1-m4-q126,1,4,"Cuidar, Agir e Preservar",126,dificil,"Se João, dirigindo a 80km/h, tiver um micro-sono de apenas 4 segundos, qual o risco
real dessa situação?",,"O veículo percorre quase 100 metros sem controle nenhum, o equivalente a dirigir de olhos
fechados por um quarteirão inteiro.","A combinação de sono e alta velocidade resulta em uma perda de controle por uma distância
perigosamente longa.","O veículo percorre apenas 10 metros, sem risco.",O veículo se autocontrola e não sai da faixa.,O veículo apenas reduz a velocidade.,/Users/lucianodiisouza/Documents/projects/autocurso-2000/Banco Nacional de Questões.pdf
p1-m4-q127,1,4,"Cuidar, Agir e Preservar",127,facil,"Após uma discussão intensa em casa, Paulo pegou o carro para ir trabalhar. Ele sentiu a
raiva e a frustração o dominarem ao volante, tornando-o impulsivo. Qual é a principal responsabilidade
do condutor consciente ao sentir essa alteração emocional?",,"Reconhecer o estado emocional alterado (raiva/frustração) e parar para se acalmar e se
preparar para dirigir.","A responsabilidade do condutor começa com o autocontrole: reconhecer o problema e evitar
dirigir sob forte estresse emocional.",Acelerar o veículo para esquecer o problema.,"Ignorar a emoção, pois ela não afeta a direção.",Tentar ligar para a pessoa com quem discutiu para resolver o problema enquanto dirige.,/Users/lucianodiisouza/Documents/projects/autocurso-2000/Banco Nacional de Questões.pdf
p1-m4-q128,1,4,"Cuidar, Agir e Preservar",128,facil,"O instrutor de Maria explicou que o termo ""acidente"" não deve mais ser usado, pois
sugere que o evento é uma fatalidade. Qual termo oficial o instrutor usou para se referir a um evento de
trânsito evitável que resulta em dano ou prejuízo?",,Sinistro.,"O termo sinistro é usado para reforçar que o evento é uma consequência de escolhas e
comportamentos, e não um mero acaso.",Colisão.,Ocorrência.,Desastre.,/Users/lucianodiisouza/Documents/projects/autocurso-2000/Banco Nacional de Questões.pdf
p1-m4-q129,1,4,"Cuidar, Agir e Preservar",129,facil,"Você está dirigindo em uma via urbana e testemunha um sinistro sem vítimas. A primeira
coisa que você faz é parar o seu veículo em um local seguro. Qual dispositivo do seu veículo você deve
acionar imediatamente para alertar os outros condutores sobre o perigo?",,O pisca-alerta do veículo.,"O pisca-alerta é a sinalização mais rápida e essencial para alertar outros motoristas sobre a
parada emergencial.",O farol alto.,O limpador de para-brisa.,O sistema de som.,/Users/lucianodiisouza/Documents/projects/autocurso-2000/Banco Nacional de Questões.pdf
p1-m4-q130,1,4,"Cuidar, Agir e Preservar",130,facil,"Um motorista sofreu um sinistro e estava consciente, mas com muito medo e sentindo
frio. Qual a atitude correta que você deve tomar para dar apoio emocional e manter a vítima estável até
a chegada do socorro?",,"Conversar com a vítima para mantê-la calma e consciente, e cobri-la se estiver com frio.","Seu papel é dar apoio e conforto, nunca tentar fazer intervenções médicas ou dar algo para
ingerir.",Dar água e medicamentos.,Tentar mover a vítima para um local mais seguro.,Fazer procedimentos médicos.,/Users/lucianodiisouza/Documents/projects/autocurso-2000/Banco Nacional de Questões.pdf
p1-m4-q131,1,4,"Cuidar, Agir e Preservar",131,facil,"Você está dirigindo na estrada e percebe que está bocejando a cada minuto e lutando
para manter os olhos abertos. Qual atitude de segurança o material indica que você deve tomar
imediatamente ao reconhecer esses sinais de alerta?",,"Encontrar um local seguro, parar e descansar.",O único remédio seguro para a sonolência é o descanso em um local seguro.,Abrir a janela e aumentar o volume do rádio.,Beber café e continuar dirigindo.,Fazer um cochilo rápido no volante.,/Users/lucianodiisouza/Documents/projects/autocurso-2000/Banco Nacional de Questões.pdf
p1-m4-q132,1,4,"Cuidar, Agir e Preservar",132,intermediario,"Uma vítima de sinistro está caída na grama, longe do perigo imediato, e parece
ter fraturado o braço. Um motorista quer movê-la para o seu carro para levá-la ao hospital. Qual a regra
de ouro do material que ele deve seguir, e qual a única exceção?",,"""Não remova, não movimente, não transporte."" A única exceção é em caso de risco
iminente (incêndio, explosão).","A única justificativa para a movimentação é o risco de morte da vítima no local, como um
incêndio.","""Movimente apenas em caso de dor.""","""Movimente sempre para o acostamento.""","""Remova a vítima o mais rápido possível.""",/Users/lucianodiisouza/Documents/projects/autocurso-2000/Banco Nacional de Questões.pdf
p1-m4-q133,1,4,"Cuidar, Agir e Preservar",133,intermediario,"O instrutor comparou o perigo de dirigir com sono ao de dirigir alcoolizado. Qual
o efeito direto da sonolência no desempenho do motorista que a torna tão perigosa quanto o álcool?",,"A sonolência reduz os reflexos, a atenção e a capacidade de reação de forma semelhante
ao efeito do álcool.","A redução das funções cognitivas e da capacidade de reação é o que torna o sono um ""perigo
invisível"" e equiparável ao álcool.",A sonolência afeta apenas a velocidade.,A sonolência aumenta a concentração.,A sonolência não tem efeito comparável ao álcool.,/Users/lucianodiisouza/Documents/projects/autocurso-2000/Banco Nacional de Questões.pdf
p1-m4-q134,1,4,"Cuidar, Agir e Preservar",134,intermediario,"Os pneus são o único ponto de contato entre o veículo e o chão. Qual a
periodicidade ideal de calibrageml?",,"Pelo menos uma vez por semana, sempre com os pneus frios.",A calibragem semanal com pneus frios é a recomendação.,"A cada 15 dias, logo após o carro ter rodado um pouco para aquecer.","Apenas uma vez por mês, não importando a temperatura.","Somente antes de viagens longas, se o pneu estiver visivelmente murcho.",/Users/lucianodiisouza/Documents/projects/autocurso-2000/Banco Nacional de Questões.pdf
p1-m4-q135,1,4,"Cuidar, Agir e Preservar",135,intermediario,"Pneus murchos causam diversos problemas. Quais são as duas consequências
diretas de pneus com calibragem inadequada?",,Aumentam o consumo de combustível e desgastam mais rápido.,Pneus murchos aumentam o consumo e desgastam mais rápido.,Aumentam a vida útil do pneu e melhoram a estabilidade.,Diminuem o consumo de combustível e melhoram a frenagem.,"Prejudicam apenas o sistema de suspensão, sem afetar o consumo.",/Users/lucianodiisouza/Documents/projects/autocurso-2000/Banco Nacional de Questões.pdf
p1-m4-q136,1,4,"Cuidar, Agir e Preservar",136,intermediario,"Qual é o procedimento correto para manter o equilíbrio do desgaste e aumentar a
vida útil dos pneus?",,Fazer o rodízio a cada 10 mil km.,O rodízio a cada 10 mil km equilibra o desgaste.,Trocar todos os pneus por novos a cada 5 mil km.,Aumentar a calibragem em 25% para compensar o desgaste.,"Rodar apenas na cidade, pois o rodízio é inútil em rodovias.",/Users/lucianodiisouza/Documents/projects/autocurso-2000/Banco Nacional de Questões.pdf
p1-m4-q137,1,4,"Cuidar, Agir e Preservar",137,facil,"Qual o perigo principal dos pneus com desgaste ou ""carecas"", especialmente em pistas
molhadas?",,Pneus gastos não conseguem expulsar água da pista e podem causar aquaplanagem.,Pneus gastos são um risco sério de aquaplanagem.,Pneus gastos podem causar vibração excessiva no volante.,Pneus gastos fazem o carro puxar para o lado esquerdo.,Pneus gastos apenas aumentam o ruído de rodagem.,/Users/lucianodiisouza/Documents/projects/autocurso-2000/Banco Nacional de Questões.pdf
p1-m4-q138,1,4,"Cuidar, Agir e Preservar",138,facil,"Além de enxergar no escuro, qual é o outro papel fundamental das luzes do veículo para
a segurança no trânsito?",,Servir para que os outros veículos vejam o seu carro.,"As luzes têm a função de ""ver e ser visto"".",Apenas alertar sobre a falha de outros sistemas do veículo.,Apenas consumir menos energia elétrica do carro.,Ajudar a carregar a bateria do veículo.,/Users/lucianodiisouza/Documents/projects/autocurso-2000/Banco Nacional de Questões.pdf
p1-m4-q139,1,4,"Cuidar, Agir e Preservar",139,facil,"Qual o procedimento de segurança simples, que leva apenas alguns segundos, que o
condutor deve realizar antes de sair de casa?",,"Testar sempre os faróis, as setas e a luz de freio.",Testar as luzes evita sinistros e é rápido.,Verificar o nível de óleo com o motor quente.,Fazer o rodízio dos pneus a cada saída.,"Calibrar o estepe semanalmente, mesmo se estiver OK.",/Users/lucianodiisouza/Documents/projects/autocurso-2000/Banco Nacional de Questões.pdf
p1-m4-q140,1,4,"Cuidar, Agir e Preservar",140,facil,"Em relação ao uso do farol, qual a simples atitude que aumenta muito a visibilidade do
seu carro para outros motoristas, principalmente em rodovias?",,Manter o farol baixo aceso mesmo durante o dia.,O farol baixo de dia aumenta a visibilidade.,Manter o farol alto aceso durante o dia.,Usar apenas a luz de posição em rodovias.,Desligar todos os faróis para economizar bateria.,/Users/lucianodiisouza/Documents/projects/autocurso-2000/Banco Nacional de Questões.pdf
p1-m4-q141,1,4,"Cuidar, Agir e Preservar",141,facil,Qual é o principal risco causado pelo uso incorreto do farol alto?,,O farol alto ofusca quem vem na direção contrária e pode causar sinistros graves.,O ofuscamento é o principal perigo do farol alto.,O farol alto consome mais combustível do que o farol baixo.,O farol alto descarrega rapidamente a bateria do veículo.,O farol alto danifica a suspensão do carro.,/Users/lucianodiisouza/Documents/projects/autocurso-2000/Banco Nacional de Questões.pdf
p1-m4-q142,1,4,"Cuidar, Agir e Preservar",142,intermediario,"O sistema de freios é classificado como o componente de segurança mais
importante do veículo. Qual a frequência recomendada para uma revisão completa (pastilhas, discos,
fluido e sistema hidráulico)?",,A cada 5 mil ou 10 mil km.,A revisão completa tem periodicidade definida.,"A cada 20 mil km, apenas se houver ruído.","Uma vez por ano, independentemente da quilometragem.",Apenas quando o pedal estiver muito baixo.,/Users/lucianodiisouza/Documents/projects/autocurso-2000/Banco Nacional de Questões.pdf
p1-m4-q143,1,4,"Cuidar, Agir e Preservar",143,intermediario,"Qual dos sinais a seguir é um aviso de problema no sistema de freios que não
pode ser ignorado?",,O pedal do freio estiver muito baixo ou muito alto.,Os sinais de falha nos freios devem ser observados.,O volante estiver leve e sem vibrações.,O carro estiver com o tanque de combustível cheio.,O som do carro estiver funcionando perfeitamente.,/Users/lucianodiisouza/Documents/projects/autocurso-2000/Banco Nacional de Questões.pdf
p1-m4-q144,1,4,"Cuidar, Agir e Preservar",144,intermediario,"Qual a verificação mensal que o condutor deve fazer no sistema de freios, e o
que a baixa no nível desse componente pode indicar?",,"Observar o nível do fluido de freio; se estiver baixo, pode indicar vazamento.",Checar o fluido de freio mensalmente é crucial.,"Observar o nível da água do radiador; se estiver baixo, pode indicar aquecimento.","Observar o nível do óleo do motor; se estiver baixo, pode indicar entupimento.","Observar o nível do combustível; se estiver baixo, pode indicar sujeira.",/Users/lucianodiisouza/Documents/projects/autocurso-2000/Banco Nacional de Questões.pdf
p1-m4-q145,1,4,"Cuidar, Agir e Preservar",145,facil,"O que as palhetas gastas dos limpadores de para-brisa podem causar, prejudicando a
visibilidade, especialmente à noite?",,Riscam o vidro e deixam marcas no momento da limpeza.,Palhetas gastas riscam o vidro e prejudicam a visão.,Diminuem o consumo de combustível.,Melhoram a estabilidade do veículo.,Aumentam a vida útil do reservatório de água.,/Users/lucianodiisouza/Documents/projects/autocurso-2000/Banco Nacional de Questões.pdf
p1-m4-q146,1,4,"Cuidar, Agir e Preservar",146,facil,Qual é a recomendação de troca para as palhetas dos limpadores de para-brisa?,,"Pelo menos uma vez por ano, ou sempre que estiverem ressecadas, rachadas ou deixando
marcas no vidro. 25",A troca anual ou por sinais de desgaste é a regra.,"A cada 5 anos, pois o material é de alta durabilidade.",Apenas quando o motor parar de funcionar.,Somente quando o carro for vendido.,/Users/lucianodiisouza/Documents/projects/autocurso-2000/Banco Nacional de Questões.pdf
p1-m4-q147,1,4,"Cuidar, Agir e Preservar",147,facil,"Qual é o líquido recomendado para ser misturado à água limpa do reservatório do
limpador de para-brisa para ajudar a remover sujeiras e insetos?",,Detergente neutro.,O detergente neutro ajuda na limpeza sem danificar a borracha.,Água sanitária concentrada.,Óleo de motor usado.,Produtos químicos fortes.,/Users/lucianodiisouza/Documents/projects/autocurso-2000/Banco Nacional de Questões.pdf
p1-m4-q148,1,4,"Cuidar, Agir e Preservar",148,facil,"Em quais condições climáticas o sistema de desembaçamento do veículo é classificado
como essencial?",,Em dias frios e chuvosos.,O desembaçador garante a visão em condições de umidade e frio.,Apenas em dias de forte calor.,Apenas em vias sem iluminação.,Somente para desembaçar os vidros laterais.,/Users/lucianodiisouza/Documents/projects/autocurso-2000/Banco Nacional de Questões.pdf
p1-m4-q149,1,4,"Cuidar, Agir e Preservar",149,facil,"O óleo é chamado de ""sangue do motor"". Qual a principal função do óleo?",,"Lubrifica as peças móveis, reduz o atrito e ajuda a controlar a temperatura.",O óleo tem funções vitais no motor.,Apenas alimenta o motor com energia para funcionar.,Apenas limpa o escapamento do veículo.,Apenas aumenta a pressão dos pneus.,/Users/lucianodiisouza/Documents/projects/autocurso-2000/Banco Nacional de Questões.pdf
p1-m4-q150,1,4,"Cuidar, Agir e Preservar",150,facil,"Qual a periodicidade e condição correta para verificar o nível do óleo do motor, usando a
vareta medidora?",,"Pelo menos uma vez por mês, com o carro frio e em terreno plano.","A verificação deve ser feita mensalmente, com o motor frio e plano.","Semanalmente, com o carro quente após um longo percurso.","A cada seis meses, com o carro ligado.",Apenas quando acender a luz do painel.,/Users/lucianodiisouza/Documents/projects/autocurso-2000/Banco Nacional de Questões.pdf
p1-m4-q151,1,4,"Cuidar, Agir e Preservar",151,facil,Por que o motorista deve evitar andar na reserva de combustível?,,Andar na reserva pode sugar sujeira do tanque e entupir o sistema.,A reserva de combustível é arriscada para o motor.,Andar na reserva estraga o reservatório do limpador de para-brisa.,Andar na reserva faz o sistema de freios falhar.,Andar na reserva causa ruídos estranhos na suspensão.,/Users/lucianodiisouza/Documents/projects/autocurso-2000/Banco Nacional de Questões.pdf
p1-m4-q152,1,4,"Cuidar, Agir e Preservar",152,facil,"O que deve ser trocado junto com o óleo do motor para que o óleo novo tenha seus
benefícios completos?",,O filtro de óleo.,O filtro de óleo sujo anula o óleo novo.,O óleo de transmissão.,O pneu estepe.,O fluido de freio.,/Users/lucianodiisouza/Documents/projects/autocurso-2000/Banco Nacional de Questões.pdf
p1-m4-q153,1,4,"Cuidar, Agir e Preservar",153,facil,Qual o principal objetivo da revisão preventiva do veículo?,,Identificar pequenos problemas antes que se tornem grandes e caros.,O objetivo é a prevenção de problemas e custos maiores.,Apenas deixar o carro mais bonito para a revenda.,Apenas gastar dinheiro desnecessariamente.,Apenas cumprir uma exigência legal do CTB.,/Users/lucianodiisouza/Documents/projects/autocurso-2000/Banco Nacional de Questões.pdf
p1-m4-q154,1,4,"Cuidar, Agir e Preservar",154,facil,"Qual documento do veículo traz um cronograma de revisões, com as quilometragens
recomendadas e que deve ser seguido à risca?",,O manual do proprietário.,O manual do proprietário é a fonte oficial do cronograma.,O documento de licenciamento do veículo.,O Certificado de Registro e Licenciamento do Veículo (CRLV).,A CNH do condutor.,/Users/lucianodiisouza/Documents/projects/autocurso-2000/Banco Nacional de Questões.pdf
p1-m4-q155,1,4,"Cuidar, Agir e Preservar",155,facil,"Qual a atitude que ajuda a manter o histórico do veículo, valoriza-o na revenda e facilita o
acompanhamento da manutenção?",,Guardar todos os comprovantes e documentos de manutenção organizados.,O histórico organizado valoriza o veículo.,Descartar os comprovantes após o pagamento.,Não anotar a quilometragem na revisão.,Fazer a revisão em locais diferentes a cada vez.,/Users/lucianodiisouza/Documents/projects/autocurso-2000/Banco Nacional de Questões.pdf
p1-m4-q156,1,4,"Cuidar, Agir e Preservar",156,facil,"Qual a periodicidade de duração média da bateria do veículo e o que deve ser checado
regularmente?",,A bateria dura de 2 a 4 anos e deve-se verificar os terminais.,A durabilidade e a checagem dos terminais são importantes.,A bateria dura 1 ano e deve-se checar o nível de água.,A bateria dura 5 anos e deve-se checar o nível de óleo.,A bateria dura 6 meses e deve-se limpar o escapamento.,/Users/lucianodiisouza/Documents/projects/autocurso-2000/Banco Nacional de Questões.pdf
p1-m4-q157,1,4,"Cuidar, Agir e Preservar",157,facil,"O que o motorista deve fazer imediatamente ao notar que o escapamento do veículo está
furado?",,"Consertar, pois faz barulho excessivo e pode intoxicar os ocupantes com gases.",O risco de intoxicação exige conserto imediato.,Cobrir o furo com fita isolante.,Desligar o sistema de ar-condicionado.,"Ignorar, pois o problema é apenas estético.",/Users/lucianodiisouza/Documents/projects/autocurso-2000/Banco Nacional de Questões.pdf
p1-m4-q158,1,4,"Cuidar, Agir e Preservar",158,facil,Qual é o procedimento de segurança obrigatório ao verificar o nível de água do radiador?,,Verificar o nível com o motor frio e nunca abrir com o motor quente.,Nunca abrir o radiador quente evita queimaduras graves.,Abrir o reservatório com o motor quente para checar a pressão.,Usar o dedo para verificar se a água está quente.,"Verificar apenas o nível, sem se preocupar com a temperatura.",/Users/lucianodiisouza/Documents/projects/autocurso-2000/Banco Nacional de Questões.pdf
p1-m4-q159,1,4,"Cuidar, Agir e Preservar",159,dificil,"Qual o sinal de problema na suspensão que o condutor pode observar ao dirigir, além de
ruídos estranhos e desalinhamento?",,Desgaste irregular dos pneus.,O desgaste irregular dos pneus indica problemas na suspensão.,O retrovisor externo estar quebrado.,O nível de combustível estar baixo.,A luz de freio estar queimada.,/Users/lucianodiisouza/Documents/projects/autocurso-2000/Banco Nacional de Questões.pdf
p1-m4-q160,1,4,"Cuidar, Agir e Preservar",160,intermediario,Qual a regra de uso do farol alto à noite?,,Usar apenas em vias sem iluminação e sem tráfego contrário.,O uso do farol alto é restrito para evitar ofuscamento.,"Usar em todas as vias, para enxergar o máximo possível.","Nunca usar o farol alto, pois sempre ofusca.",Usar o farol alto apenas ao frear.,/Users/lucianodiisouza/Documents/projects/autocurso-2000/Banco Nacional de Questões.pdf
p1-m4-q161,1,4,"Cuidar, Agir e Preservar",161,intermediario,"O que os filtros de ar, óleo e combustível entupidos causam no veículo, exigindo
que sejam trocados conforme o manual?",,Prejudicam o desempenho e aumentam o consumo.,Filtros entupidos afetam diretamente o motor.,Melhoram o sistema de freios.,Diminuem o ruído do escapamento.,Aumentam a vida útil do pneu.,/Users/lucianodiisouza/Documents/projects/autocurso-2000/Banco Nacional de Questões.pdf
p1-m4-q162,1,4,"Cuidar, Agir e Preservar",162,intermediario,Qual a relação entre a manutenção preventiva e o meio ambiente?,,"Cuidar do veículo (manutenção) é cuidar da sua segurança, da de quem está com você e
também do meio ambiente.",A manutenção tem um impacto social e ambiental.,A manutenção só serve para aumentar a potência do motor.,"Não há relação, pois o veículo não afeta o meio ambiente.",A manutenção é feita apenas para evitar multas.,/Users/lucianodiisouza/Documents/projects/autocurso-2000/Banco Nacional de Questões.pdf
p1-m4-q163,1,4,"Cuidar, Agir e Preservar",163,intermediario,"Você está dirigindo em uma rodovia à noite, em um trecho com pouca
iluminação. De repente, você avista um veículo vindo na direção contrária. Qual é o procedimento
correto que você deve adotar para seguir as regras de segurança e evitar um sinistro?",,"Mudar imediatamente do farol alto para o farol baixo assim que o outro veículo se
aproximar.","O material alerta que o farol alto ofusca quem vem na direção contrária e pode causar sinistros
graves. Portanto, ele deve ser trocado para o baixo ao avistar outro veículo.","Manter o farol alto aceso até o veículo passar, para garantir o máximo de visibilidade da pista.",Desligar completamente os faróis para não ofuscar o outro motorista.,Ligar as luzes de neblina em conjunto com o farol alto.,/Users/lucianodiisouza/Documents/projects/autocurso-2000/Banco Nacional de Questões.pdf
p1-m4-q164,1,4,"Cuidar, Agir e Preservar",164,facil,"Você está se preparando para uma viagem de fim de semana e encontra seu estepe na
mala. Você o inspeciona e ele está visivelmente murcho. Qual é a negligência imediata que você
comete ao não ter cuidado com o pneu reserva?",,"Corre o risco de ter um pneu reserva murcho quando mais precisar dele em uma
emergência.","O material orienta que se ""Confira regularmente"" o estepe, pois ele precisa estar pronto para ser
usado em emergências.",Você gastará mais combustível durante a viagem.,O estepe murcho causará ruídos estranhos na suspensão.,O pneu reserva murcho aumenta a vida útil dos pneus que estão rodando.,/Users/lucianodiisouza/Documents/projects/autocurso-2000/Banco Nacional de Questões.pdf
p1-m4-q165,1,4,"Cuidar, Agir e Preservar",165,intermediario,"Ao dirigir pela cidade, você começa a sentir um forte cheiro de gás de escape
dentro do carro e ouve um barulho metálico na parte traseira. Qual é o risco iminente associado a um
escapamento furado?",,O escapamento furado pode intoxicar os ocupantes com gases dentro do veículo.,"O material avisa que um ""escapamento furado faz barulho excessivo e pode intoxicar os
ocupantes com gases.""",O carro será reprovado na inspeção de freios.,O ruído excessivo pode danificar a suspensão do carro.,O problema fará com que o fluido de freio vaze.,/Users/lucianodiisouza/Documents/projects/autocurso-2000/Banco Nacional de Questões.pdf
p1-m4-q166,1,4,"Cuidar, Agir e Preservar",166,facil,"É um dia frio e chuvoso e o vidro do seu carro começa a embaçar rapidamente,
comprometendo totalmente sua visão. Qual sistema do veículo é essencial para garantir que você
possa enxergar a via nessas condições climáticas?",,"O sistema de desembaçamento, que deve ser testado, pois é essencial em dias frios e
chuvosos.","O material lista o desembaçamento como um sistema essencial para garantir a visibilidade em
dias frios e chuvosos.",O sistema de suspensão.,A correta calibragem do estepe.,O sistema de iluminação de emergência.,/Users/lucianodiisouza/Documents/projects/autocurso-2000/Banco Nacional de Questões.pdf
p1-m4-q167,1,4,"Cuidar, Agir e Preservar",167,intermediario,"Você precisa verificar o nível de óleo do motor antes de sair para o trabalho. Com
pressa, você faz a checagem logo após estacionar o carro, ainda quente e com o motor ligado. Qual é o
erro de procedimento que você cometeu?",,"A verificação deve ser feita com o carro frio e em terreno plano para garantir que o óleo
assente.","O procedimento correto no material é verificar o nível de óleo com o ""motor frio e em terreno
plano"".",O óleo precisa estar quente para que sua viscosidade seja medida corretamente.,O motor deve estar ligado para que o óleo circule.,"O nível de óleo não pode ser verificado em dias úteis, apenas nos finais de semana.",/Users/lucianodiisouza/Documents/projects/autocurso-2000/Banco Nacional de Questões.pdf
p1-m4-q168,1,4,"Cuidar, Agir e Preservar",168,intermediario,"Ao checar o nível de óleo com a vareta, você percebe que ele está
significativamente abaixo da marca ""Mínimo"". Qual é a primeira atitude a ser tomada, conforme o
manual, para evitar um prejuízo enorme ao motor?",,"Completar o nível com o tipo de óleo recomendado no manual e, se o consumo for
frequente, procurar um mecânico.","O texto indica que o óleo deve ser completado com o tipo recomendado e que o baixo nível
constante exige a procura por um mecânico.","Adicionar qualquer tipo de óleo disponível, desde que o nível suba acima da marca mínima.","Ignorar o nível, pois o carro foi revisado há seis meses.",Adicionar apenas água no reservatório do óleo.,/Users/lucianodiisouza/Documents/projects/autocurso-2000/Banco Nacional de Questões.pdf
p1-m4-q169,1,4,"Cuidar, Agir e Preservar",169,intermediario,"Você fez a troca de óleo do seu carro na semana passada, mas decidiu não
trocar o filtro de óleo para economizar tempo e dinheiro. Qual a consequência direta dessa escolha?",,"Um filtro sujo anula os benefícios do óleo novo, comprometendo a lubrificação e a limpeza
do motor.","O material indica que o filtro de óleo deve ser ""trocado sempre junto com o óleo"", pois um filtro
sujo anula os benefícios do óleo novo.",O carro puxará para um lado ao frear.,O fluido de freio será contaminado pelo óleo velho.,O farol alto deixará de funcionar corretamente.,/Users/lucianodiisouza/Documents/projects/autocurso-2000/Banco Nacional de Questões.pdf
p1-m4-q170,1,4,"Cuidar, Agir e Preservar",170,intermediario,"Preocupado com a economia, você decide abastecer em um posto desconhecido
que oferece um preço muito abaixo da média do mercado. Qual o risco nessa situação?",,"O risco de abastecer com combustível adulterado, que pode causar danos sérios ao motor.","O material alerta que ""combustível adulterado pode causar danos sérios ao motor"" e exige
atenção ao abastecimento.",O carro automaticamente puxará para o lado ao acelerar.,Os pneus serão descalibrados automaticamente após o abastecimento.,A bateria do veículo durará mais de 4 anos.,/Users/lucianodiisouza/Documents/projects/autocurso-2000/Banco Nacional de Questões.pdf
p1-m4-q171,1,4,"Cuidar, Agir e Preservar",171,intermediario,"Você abre o capô do carro e percebe que os terminais da bateria estão cobertos
por uma substância esverdeada ou branca (zinabre). Qual a solução de manutenção simples que deve
ser aplicada imediatamente?",,Limpar os terminais com uma escova para garantir o bom funcionamento da bateria.,"O material orienta a ""Verificar os terminais regularmente. Se estiverem sujos ou com zinabre,
limpe com uma escova.""",Adicionar mais fluido de freio nos terminais.,Passar a mão nos terminais para remover o zinabre.,Abrir o radiador com o motor quente para dissipar o zinabre.,/Users/lucianodiisouza/Documents/projects/autocurso-2000/Banco Nacional de Questões.pdf
p1-m4-q172,1,4,"Cuidar, Agir e Preservar",172,dificil,"Ao frear em um sinal, você nota que o carro ""puxa"" bruscamente para a direita e ouve
um ruído metálico. Qual é o sinal de alerta de segurança que você não pode ignorar?",,"É um aviso sério de que há um problema no sistema de freios, exigindo a procura imediata
de um mecânico.","O material lista o carro ""puxar para um dos lados"" e ""ruídos estranhos"" como sinais de que algo
não está certo com o sistema de freios.",O sinal indica que os pneus estão apenas descalibrados.,O problema é causado pela sujeira no reservatório de água do limpador.,O sinal é causado por um vazamento de óleo do motor.,/Users/lucianodiisouza/Documents/projects/autocurso-2000/Banco Nacional de Questões.pdf
p1-m4-q173,1,4,"Cuidar, Agir e Preservar",173,intermediario,"Você está dirigindo em uma rodovia e percebe que sua luz de freio traseira não
está acendendo. Ao que está associado a falha da luz de freio?",,"Ao aumento muito grande do risco de colisão traseira, pois o motorista de trás não será
avisado da sua desaceleração.","A falha na luz de freio é um perigo porque ela é essencial para ""avisar quem vem atrás"" e
aumenta o risco de colisão traseira.",Ao vazamento de fluido do sistema de arrefecimento.,Ao aumento do consumo de combustível.,Ao desgaste irregular dos pneus dianteiros.,/Users/lucianodiisouza/Documents/projects/autocurso-2000/Banco Nacional de Questões.pdf
p1-m4-q174,1,4,"Cuidar, Agir e Preservar",174,facil,"Para limpar o para-brisa, você usa um produto de limpeza de uso doméstico muito forte,
não recomendado para carros. Qual é o risco dessa atitude para o sistema de limpeza?",,Danificar a borracha das palhetas dos limpadores de para-brisa.,"O material recomenda usar detergente neutro no reservatório, indicando que produtos químicos
fortes podem danificar o sistema, como a borracha das palhetas.",Descalibrar os pneus automaticamente.,Aumentar o nível do óleo do motor.,Obstruir o sistema de arrefecimento.,/Users/lucianodiisouza/Documents/projects/autocurso-2000/Banco Nacional de Questões.pdf
p1-m4-q175,1,4,"Cuidar, Agir e Preservar",175,intermediario,"Você tem observado ruídos estranhos ao passar em lombadas e percebeu que
um de seus pneus está com desgaste irregular. Qual dos sistemas complementares pode estar com
problemas e necessita de verificação?",,"O sistema de suspensão, que tem como sinais ruídos estranhos, desalinhamento ou
desgaste irregular dos pneus.","O material recomenda ficar atento a ""ruídos estranhos, desalinhamento ou desgaste irregular dos
pneus"", pois esses são sinais de problemas na suspensão.",O sistema de iluminação de placa.,O sistema de desembaçamento do vidro traseiro.,O sistema de luzes de ré.,/Users/lucianodiisouza/Documents/projects/autocurso-2000/Banco Nacional de Questões.pdf
p1-m4-q176,1,4,"Cuidar, Agir e Preservar",176,intermediario,"Você manteve o histórico de manutenção do seu carro organizado, guardando os
comprovantes e anotando as quilometragens. Qual é o benefício direto dessa organização na hora de
trocar ou vender o veículo?",,Ajuda a manter o histórico do veículo e valoriza o carro na revenda.,"O material instrui a ""Guardar comprovantes"" pois isso ""valoriza o veículo e facilita o
acompanhamento"".","Isso só é útil para o mecânico, sem valor para o proprietário.",Os comprovantes devem ser descartados após um ano de uso.,A organização só é útil para carros com menos de 2 anos de uso.,/Users/lucianodiisouza/Documents/projects/autocurso-2000/Banco Nacional de Questões.pdf
p1-m4-q177,1,4,"Cuidar, Agir e Preservar",177,facil,"Você nota que o nível de água do radiador está um pouco baixo e decide completá-lo.
Qual é o procedimento de segurança ao fazer essa checagem?",,"Verificar o nível com o motor frio e nunca abrir o radiador com o motor quente, sob risco de
queimaduras graves.","O material instrui a ""Verifique o nível de água do radiador com o motor frio. Nunca abra com o
motor quente, pois pode causar queimaduras graves.""",Abrir a tampa com o motor quente para que o vapor force a saída da água.,Usar água mineral para garantir a pureza do líquido de arrefecimento.,Completar o nível de água apenas uma vez por ano.,/Users/lucianodiisouza/Documents/projects/autocurso-2000/Banco Nacional de Questões.pdf
p1-m4-q178,1,4,"Cuidar, Agir e Preservar",178,intermediario,"Em vez de esperar um problema surgir, você agenda a troca de pastilhas e a
checagem do fluido de freio a cada 10 mil km. Qual a vantagem financeira que essa atitude proativa
garante?",,"A manutenção preventiva sempre sai mais barato do que o conserto de um problema de
última hora.","O material cita a ""Sabedoria automotiva"": ""Manutenção preventiva sempre sai mais barato"" do
que consertar com pressa.",A manutenção preventiva aumenta o custo mensal do veículo.,O conserto de última hora não é tão caro quanto a revisão agendada.,O seguro do carro cobre apenas problemas causados por falta de manutenção.,/Users/lucianodiisouza/Documents/projects/autocurso-2000/Banco Nacional de Questões.pdf
p1-m4-q179,1,4,"Cuidar, Agir e Preservar",179,intermediario,"Você está em uma viagem longa e, de repente, uma nuvem de poeira e sujeira
cobre seu para-brisa. Qual a solução ideal para limpar o vidro e não estragar as palhetas?",,"Usar o reservatório de água, que deve estar com água limpa e um pouco de detergente
neutro.","O material recomenda manter o reservatório com ""água limpa, misturada a um pouco de
detergente neutro"" para ajudar a remover sujeiras.",Usar um produto químico forte para dissolver a sujeira rapidamente.,Parar o carro e esfregar o vidro com a mão.,"Não usar o limpador, pois ele pode riscar o vidro nessas condições.",/Users/lucianodiisouza/Documents/projects/autocurso-2000/Banco Nacional de Questões.pdf
p1-m4-q180,1,4,"Cuidar, Agir e Preservar",180,intermediario,"Você nota que o vidro do carro está sempre sujo por dentro, com uma camada de
gordura e poeira que se acentua à noite, quando as luzes dos faróis batem. Qual a simples ação de
limpeza que deve ser feita regularmente?",,"Limpar os vidros por dentro e por fora regularmente, pois gordura e poeira prejudicam
muito a visão noturna.","O material enfatiza a importância de limpar os vidros ""por dentro e por fora regularmente"", pois
gordura e poeira prejudicam muito a visão noturna.",Limpar apenas por fora com água do reservatório.,"Limpar apenas por dentro, pois a sujeira externa não é relevante.",Usar o desembaçador para remover a gordura do vidro.,/Users/lucianodiisouza/Documents/projects/autocurso-2000/Banco Nacional de Questões.pdf
p1-m4-q181,1,4,"Cuidar, Agir e Preservar",181,facil,"Você está no começo de uma longa viagem, com previsão de tráfego intenso. Qual a
atitude preventiva você deve ter em relação aos freios, mesmo que a manutenção periódica esteja em
dia?",,"Sempre testar os freios antes de viagens longas para certificar que estão respondendo
bem e sem ruídos.","O material sugere que ""sempre teste os freios"" antes de viagens longas.",Aumentar o nível do óleo do motor em 50%.,Esvaziar completamente o reservatório do limpador.,Fazer o rodízio dos pneus no momento da saída.,/Users/lucianodiisouza/Documents/projects/autocurso-2000/Banco Nacional de Questões.pdf
p1-m4-q182,1,4,"Cuidar, Agir e Preservar",182,intermediario,"Você tem observado que o veículo está mais lento, com dificuldade em acelerar,
e o consumo de combustível aumentou. Qual componente sujo ou entupido pode ser o responsável
por essa dupla consequência?",,"Os filtros de ar, óleo e combustível, que entupidos prejudicam o desempenho e aumentam
o consumo.","O material afirma que ""Filtros entupidos prejudicam o desempenho e aumentam o consumo"" e
que a troca deve ser feita conforme o manual.",O reservatório de água do limpador de para-brisa.,O sistema de luzes da placa.,Os terminais da bateria.,/Users/lucianodiisouza/Documents/projects/autocurso-2000/Banco Nacional de Questões.pdf
p1-m4-q183,1,4,"Cuidar, Agir e Preservar",183,dificil,"Qual a dupla de fluidos de segurança que deve ter seu nível checado pelo menos uma
vez por mês, sendo que um deve ser checado com o carro frio e o outro com verificação mensal do
nível?",,Óleo do motor (carro frio e plano) e Fluido de Freio (observação mensal).,"O material indica checar o nível do óleo ""pelo menos uma vez por mês, com o carro frio e em
terreno plano"" e ""Observar o nível do fluido de freio"" mensalmente, alertando que a baixa pode indicar
vazamento.",Fluido de Freio (semanalmente) e Água do Radiador (somente na revisão anual).,Óleo do motor (carro quente) e Fluido de Direção Hidráulica (mensalmente).,Água do Radiador (somente com o carro quente) e Fluido de Freio (anualmente).,/Users/lucianodiisouza/Documents/projects/autocurso-2000/Banco Nacional de Questões.pdf
p1-m4-q184,1,4,"Cuidar, Agir e Preservar",184,dificil,"Você nota o desgaste irregular dos pneus e ruídos estranhos ao passar em lombadas.
Qual a consequência adicional imediata de segurança associada a um escapamento furado (outro
problema) que não pode ser ignorada?",,"Um escapamento furado pode intoxicar os ocupantes com gases, exigindo conserto
imediato.","A seção ""Escapamento"" alerta que um escapamento furado ""pode intoxicar os ocupantes com
gases. Conserte assim que notar problemas"", sendo um risco de segurança imediato.",O escapamento furado indica que a bateria precisa ser trocada.,O ruído estranho indica que o fluido de freio está baixo.,O desgaste irregular dos pneus indica a falha total das luzes de ré.,/Users/lucianodiisouza/Documents/projects/autocurso-2000/Banco Nacional de Questões.pdf
p1-m4-q185,1,4,"Cuidar, Agir e Preservar",185,dificil,"Qual o risco para o sistema de alimentação que o motorista corre ao andar
constantemente com o veículo na reserva de combustível?",,O risco de sugar sujeira do tanque e entupir o sistema de combustível.,"O material alerta para a ""Sabedoria automotiva"": ""Evite andar na reserva. Você pode sugar
sujeira do tanque e entupir o sistema.""",O risco de o fluido de freio secar mais rápido.,O risco de a bateria descarregar por falta de energia.,O risco de o óleo do motor vazar pela vareta medidora.,/Users/lucianodiisouza/Documents/projects/autocurso-2000/Banco Nacional de Questões.pdf
p1-m4-q186,1,4,"Cuidar, Agir e Preservar",186,dificil,"É possível ter o melhor volante, pneus e motor potente, mas se este sistema falhar,
""nada disso importa"". Qual é o sistema de segurança ao qual essa afirmação se refere, devendo ser
prioridade absoluta na manutenção?",,"O sistema de freios, que é o componente de segurança mais importante do veículo.","O material define explicitamente o sistema de freios como o ""componente de segurança mais
importante do veículo"" e usa a frase citada para reforçar sua prioridade.",O sistema de suspensão.,O sistema de iluminação de emergência.,O sistema de arrefecimento.,/Users/lucianodiisouza/Documents/projects/autocurso-2000/Banco Nacional de Questões.pdf
p1-m4-q187,1,4,"Cuidar, Agir e Preservar",187,dificil,"Qual é a distinção entre a revisão preventiva e o conserto corretivo, usando a analogia
da saúde?",,"A preventiva é feita antes que os problemas apareçam, como ir ao médico fazer exames,
enquanto o conserto é o remédio após a doença.","O material define a preventiva como a ""melhor forma de identificar pequenos problemas antes
que se tornem grandes e caros"" e usa a analogia de ""ir ao médico e fazer exames de rotina"".","A preventiva é apenas para cumprir o cronograma do manual, e o conserto é mais caro, mas mais rápido.","A preventiva é mais demorada, mas garante que o óleo do motor seja trocado junto com o filtro.","O conserto é sempre mais barato, mas a preventiva valoriza o carro.",/Users/lucianodiisouza/Documents/projects/autocurso-2000/Banco Nacional de Questões.pdf
p1-m4-q188,1,4,"Cuidar, Agir e Preservar",188,dificil,"Você leva seu carro ao mecânico e ele nota desgaste irregular nos seus pneus. Qual é o
sistema, além da suspensão, que deve ser imediatamente verificado para solucionar a causa do
desgaste irregular?",,"A suspensão e o alinhamento do veículo, que, se desregulados, causam desgaste irregular
e ruídos.","O material relaciona o desgaste irregular dos pneus a problemas na suspensão, e o alinhamento
(que não é um item de suspensão, mas um ajuste) é a principal causa desse desgaste, devendo ser verificado
junto.","A calibragem do estepe, que afeta o alinhamento.","O escapamento, que, se furado, causa o desgaste do pneu.","O sistema de lubrificação, que, se falhar, causa desgaste nos pneus.",/Users/lucianodiisouza/Documents/projects/autocurso-2000/Banco Nacional de Questões.pdf
p1-m4-q189,1,4,"Cuidar, Agir e Preservar",189,dificil,"Em quais situações o farol baixo é essencial para a segurança, sendo que em uma delas
ele deve ser usado mesmo durante o dia?",,"Deve ser usado durante o dia, especialmente em rodovias, e à noite, em vias com
iluminação ou com tráfego contrário.","O material instrui o uso do farol baixo ""durante o dia (principalmente nas rodovias)"" e à noite em
""vias iluminadas ou quando houver veículo vindo em sentido contrário"".",Deve ser usado apenas à noite em vias sem iluminação e sem tráfego contrário.,Deve ser usado apenas ao frear para avisar o veículo de trás.,Deve ser usado apenas em dias de neblina e chuva intensa.,/Users/lucianodiisouza/Documents/projects/autocurso-2000/Banco Nacional de Questões.pdf
p1-m4-q190,1,4,"Cuidar, Agir e Preservar",190,facil,"Qual o conjunto de atitudes práticas, simples e acessíveis que, além de proteger o meio
ambiente, economizam dinheiro no bolso do motorista?",,Condução sustentável.,"A Condução Sustentável é definida como um conjunto de atitudes que economizam dinheiro e
protegem o meio ambiente.",Condução esportiva.,Condução de alto risco.,Condução de luxo.,/Users/lucianodiisouza/Documents/projects/autocurso-2000/Banco Nacional de Questões.pdf
p1-m4-q191,1,4,"Cuidar, Agir e Preservar",191,intermediario,"Modificações irregulares, como alterar suspensão ou faróis sem autorização,
comprometem a segurança do veículo e geram quais consequências?",,"Aumentam o risco de sinistros, a emissão de poluentes e podem gerar multas e remoção
do veículo.","Modificações irregulares comprometem a segurança, aumentam o risco de sinistros, a emissão
de poluentes e podem gerar multas.",Reduzem o consumo de combustível e a poluição sonora.,"São permitidas, desde que a modificação seja estética.",Melhoram a segurança e a visibilidade noturna.,/Users/lucianodiisouza/Documents/projects/autocurso-2000/Banco Nacional de Questões.pdf
p1-m4-q192,1,4,"Cuidar, Agir e Preservar",192,facil,Qual o Resultado Positivo de se fazer a manutenção preventiva regularmente?,,"Evita fumaça preta, vazamentos e consumo excessivo.","Fazer a manutenção preventiva evita fumaça preta, vazamentos e consumo excessivo.",Aumenta o peso do carro e o esforço do motor.,Obriga o motorista a usar o farol alto.,Prejudica a visibilidade noturna.,/Users/lucianodiisouza/Documents/projects/autocurso-2000/Banco Nacional de Questões.pdf
p1-m4-q193,1,4,"Cuidar, Agir e Preservar",193,facil,Qual Boa Prática resulta na redução da emissão de gases e da poluição sonora?,,Desligar o motor em paradas longas.,Desligar o motor em paradas longas reduz a emissão de gases e a poluição sonora.,Acelerar bruscamente em semáforos.,Usar escapamento esportivo.,Evitar o uso do ar-condicionado.,/Users/lucianodiisouza/Documents/projects/autocurso-2000/Banco Nacional de Questões.pdf
p1-m4-q194,1,4,"Cuidar, Agir e Preservar",194,facil,Qual o Resultado Positivo da prática de retirar peso desnecessário do porta-malas?,,Menos esforço do motor e menor consumo.,"Retirar peso desnecessário do porta-malas resulta em menos esforço do motor e menor
consumo.",Maior desgaste dos freios e pneus.,Aumento do tempo gasto em rotas.,Redução da poluição sonora.,/Users/lucianodiisouza/Documents/projects/autocurso-2000/Banco Nacional de Questões.pdf
p1-m4-q195,1,4,"Cuidar, Agir e Preservar",195,facil,"Qual combustível renovável, produzido a partir da cana-de-açúcar, é um dos principais
responsáveis pela redução de emissões de gases poluentes na frota de veículos leves no Brasil?",,Etanol.,O etanol é um combustível renovável produzido a partir da cana-de-açúcar.,Gasolina pura.,Óleo diesel.,Gás Natural Veicular (GNV).,/Users/lucianodiisouza/Documents/projects/autocurso-2000/Banco Nacional de Questões.pdf
p1-m4-q196,1,4,"Cuidar, Agir e Preservar",196,facil,"O que a prática de aceleração suave e progressiva resulta em termos de consumo e
emissões?",,Menos consumo de combustível e redução de emissões.,"Acelerar suavemente e progressivamente gera menos consumo de combustível e redução de
emissões.",Maior consumo de combustível e aumento de emissões.,Maior desgaste dos freios.,Menor durabilidade do motor.,/Users/lucianodiisouza/Documents/projects/autocurso-2000/Banco Nacional de Questões.pdf
p1-m4-q197,1,4,"Cuidar, Agir e Preservar",197,intermediario,"O que a alteração irregular de suspensão, faróis ou outras modificações sem
autorização compromete, além da segurança e emissão de poluentes?",,Aumentam o risco de sinistros e podem gerar multas.,"As modificações irregulares aumentam o risco de sinistros e podem gerar multas e remoção do
veículo.",Apenas o valor de revenda do veículo.,Apenas o consumo de água do radiador.,Apenas a durabilidade das palhetas.,/Users/lucianodiisouza/Documents/projects/autocurso-2000/Banco Nacional de Questões.pdf
p1-m4-q198,1,4,"Cuidar, Agir e Preservar",198,facil,"Qual a Boa Prática que resulta em ""Menos esforço do motor e menor consumo""?",,Retirar peso desnecessário do porta-malas.,"A prática de retirar peso desnecessário do porta-malas resulta em menos esforço do motor e
menor consumo.",Dirigir com o motor desligado.,Fazer o rodízio dos pneus a cada 1.000 km.,Acelerar o máximo possível.,/Users/lucianodiisouza/Documents/projects/autocurso-2000/Banco Nacional de Questões.pdf
p1-m4-q199,1,4,"Cuidar, Agir e Preservar",199,dificil,"Qual é a infração de trânsito que indica ""problemas graves no motor e emissão altíssima
de poluentes""?",,Circular com o carro soltando fumaça preta.,Fumaça preta excessiva indica problemas e é classificada como infração de trânsito grave.,Estacionar sobre a calçada.,Avançar o sinal vermelho.,Dirigir sem cinto de segurança.,/Users/lucianodiisouza/Documents/projects/autocurso-2000/Banco Nacional de Questões.pdf
p1-m4-q200,1,4,"Cuidar, Agir e Preservar",200,facil,"O que a prática de evitar freadas bruscas preserva no veículo, além dos freios e pneus?",,A suspensão.,"Evitar freadas bruscas resulta em menor desgaste de freios, pneus e suspensão.",O óleo do motor.,O fluido do limpador de para-brisa.,O sistema de arrefecimento.,/Users/lucianodiisouza/Documents/projects/autocurso-2000/Banco Nacional de Questões.pdf
p1-m4-q201,1,4,"Cuidar, Agir e Preservar",201,facil,"João dirigia ao amanhecer, mas bocejou três vezes seguidas e percebeu os olhos
pesados. O que ele deveria fazer antes de continuar?",,Parar e descansar um pouco antes de seguir viagem,O texto reforça que o sono reduz reflexos e pode causar sinistros.,Aumentar a velocidade para chegar mais rápido,Abrir a janela e seguir mesmo com sono,Forçar-se a ficar acordado ouvindo música alta,/Users/lucianodiisouza/Documents/projects/autocurso-2000/Banco Nacional de Questões.pdf
p1-m4-q202,1,4,"Cuidar, Agir e Preservar",202,facil,"Clara saiu de casa irritada após uma discussão e notou que estava acelerando mais do
que o normal. Qual a atitude correta?",,Respirar fundo e esperar as emoções acalmarem antes de seguir,Emoções alteradas afetam a direção e aumentam o risco.,Continuar acelerando para liberar o estresse,Dirigir enquanto fala ao telefone para desabafar,Frear bruscamente para ‘descontar’ a raiva,/Users/lucianodiisouza/Documents/projects/autocurso-2000/Banco Nacional de Questões.pdf
p1-m4-q203,1,4,"Cuidar, Agir e Preservar",203,facil,"Pedro percebeu que não lembrava dos últimos metros dirigidos. Qual comportamento
explica isso?",,Ele teve um microssono,Microssono é quando o cérebro “desliga” por alguns segundos.,Ele estava muito atento,O carro estava desregulado,Havia pouco combustível,/Users/lucianodiisouza/Documents/projects/autocurso-2000/Banco Nacional de Questões.pdf
p1-m4-q204,1,4,"Cuidar, Agir e Preservar",204,facil,"Marta ouviu uma batida leve atrás dela. Antes de descer do carro, o que deve fazer?",,Ligar o pisca-alerta e garantir a própria segurança,Segurança própria vem sempre em primeiro lugar.,Sair correndo para ver o dano,Ligar imediatamente para um amigo,Ficar parada no meio da via para discutir,/Users/lucianodiisouza/Documents/projects/autocurso-2000/Banco Nacional de Questões.pdf
p1-m4-q205,1,4,"Cuidar, Agir e Preservar",205,facil,"Ao parar para ajudar em um sinistro, Caio se aproximou do carro acidentado. O que ele
deveria verificar primeiro?",,"Se há riscos como fumaça, vazamentos ou fios soltos",Avaliar riscos evita se tornar mais uma vítima.,Se ele reconhece alguém no carro,Se as vítimas têm documentos,Se os carros precisam ser movidos,/Users/lucianodiisouza/Documents/projects/autocurso-2000/Banco Nacional de Questões.pdf
p1-m4-q206,1,4,"Cuidar, Agir e Preservar",206,facil,"Durante a noite, Ana avistou um veículo parado após um sinistro em uma curva. O que
ela deve fazer para evitar novos sinistros?",,Sinalizar colocando o triângulo a pelo menos 30 metros,A sinalização adequada evita novos sinistros.,Ficar no escuro para não atrair atenção,Seguir sem avisar ninguém,Ligar o farol alto diretamente para o veículo parado,/Users/lucianodiisouza/Documents/projects/autocurso-2000/Banco Nacional de Questões.pdf
p1-m4-q207,1,4,"Cuidar, Agir e Preservar",207,facil,"Lucas encontrou uma vítima caída e consciente. Qual atitude é correta enquanto aguarda
socorro?",,Conversar para mantê-la calma,Manter a vítima calma ajuda a estabilizar a situação.,Movimentá-la para deixá-la mais confortável,Dar água imediatamente,Levantar a pessoa para ver se consegue andar,/Users/lucianodiisouza/Documents/projects/autocurso-2000/Banco Nacional de Questões.pdf
p1-m4-q208,1,4,"Cuidar, Agir e Preservar",208,facil,"Ricardo dirigia há horas sem parar e começou a sentir a visão turva. Qual a atitude
correta?",,Encostar em local seguro e descansar,O cansaço pode ser tão perigoso quanto álcool.,Ignorar e continuar,Aumentar o volume do rádio,Abrir a janela e seguir assim mesmo,/Users/lucianodiisouza/Documents/projects/autocurso-2000/Banco Nacional de Questões.pdf
p1-m4-q209,1,4,"Cuidar, Agir e Preservar",209,facil,Paula presenciou um sinistro sem vítimas. Qual é o procedimento correto?,,"Retirar o veículo da via, se possível, após registrar as informações",Sinistros sem vítima devem ser removidos da via para evitar novos riscos.,Manter o carro parado no meio da pista,Discutir com o outro motorista antes de qualquer atitude,Ligar o farol alto para sinalizar,/Users/lucianodiisouza/Documents/projects/autocurso-2000/Banco Nacional de Questões.pdf
p1-m4-q210,1,4,"Cuidar, Agir e Preservar",210,intermediario,"Durante uma tempestade, Bruno percebeu que os limpadores estavam falhando.
O que ele deveria ter feito antes?",,Revisado e trocado as palhetas desgastadas,Manutenção preventiva evita perda de visibilidade.,Deixado para arrumar quando algo quebrasse,Usado apenas o desembaçador,Dirigido mais rápido para sair da chuva,/Users/lucianodiisouza/Documents/projects/autocurso-2000/Banco Nacional de Questões.pdf
p1-m4-q211,1,4,"Cuidar, Agir e Preservar",211,intermediario,"Fernanda viu fumaça saindo do motor após uma batida leve. O que ela deve
fazer?",,Afastar-se e não tentar mexer no veículo,Situações com risco de incêndio exigem distanciamento.,Abrir o capô imediatamente,Continuar dirigindo,Soprar a fumaça para ver melhor,/Users/lucianodiisouza/Documents/projects/autocurso-2000/Banco Nacional de Questões.pdf
p1-m4-q212,1,4,"Cuidar, Agir e Preservar",212,intermediario,"Gustavo esqueceu de calibrar os pneus e, na viagem, notou o carro instável.
Qual o erro?",,Não calibrar semanalmente com pneus frios,Pneus mal calibrados aumentam consumo e risco de sinistros.,Parar para calibrar só no fim da viagem,Usar pneus de marcas diferentes,Dirigir em estrada sem ar-condicionado,/Users/lucianodiisouza/Documents/projects/autocurso-2000/Banco Nacional de Questões.pdf
p1-m4-q213,1,4,"Cuidar, Agir e Preservar",213,intermediario,"Em um sinistro com vítimas, Laura queria ajudar mas pensou em movê-las. Por
que não deve?",,Mover pode agravar lesões internas,Movimentação incorreta agrava danos.,As vítimas preferem ficar em pé,É proibido por lei,Pode sujar o banco do carro,/Users/lucianodiisouza/Documents/projects/autocurso-2000/Banco Nacional de Questões.pdf
p1-m4-q214,1,4,"Cuidar, Agir e Preservar",214,intermediario,"Carlos percebeu que o freio estava fazendo ruído estranho. Qual deve ser sua
atitude?",,Procurar um mecânico imediatamente,Ruídos anormais podem ser sinais de falha grave.,Usar mais força no pedal,Ignorar até piorar,Usar apenas o freio de mão,/Users/lucianodiisouza/Documents/projects/autocurso-2000/Banco Nacional de Questões.pdf
p1-m4-q215,1,4,"Cuidar, Agir e Preservar",215,intermediario,"Luana, ao ver um motociclista caído, pensou em tirar o capacete. Por que isso é
errado?",,Retirar o capacete pode agravar lesões no pescoço,Primeiros socorros incluem NÃO retirar capacete.,O capacete é caro,Pode sujar as mãos,O motociclista pode fugir,/Users/lucianodiisouza/Documents/projects/autocurso-2000/Banco Nacional de Questões.pdf
p1-m4-q216,1,4,"Cuidar, Agir e Preservar",216,intermediario,"Em uma emergência, Rafael tentou ligar para a família antes do socorro. Qual é o
procedimento correto?",,Ligar primeiro para os números de emergência,Acionar o socorro imediatamente é essencial.,Ligar para amigos,Postar em redes sociais,Gravar um vídeo do sinistro,/Users/lucianodiisouza/Documents/projects/autocurso-2000/Banco Nacional de Questões.pdf
p1-m4-q217,1,4,"Cuidar, Agir e Preservar",217,intermediario,Sofia percebeu que o carro puxava para o lado ao frear. Qual o risco disso?,,Falha no sistema de freios,Freios assimétricos são extremamente perigosos.,Pneu muito novo,Combustível de má qualidade,Espelho mal ajustado,/Users/lucianodiisouza/Documents/projects/autocurso-2000/Banco Nacional de Questões.pdf
p1-m4-q218,1,4,"Cuidar, Agir e Preservar",218,intermediario,"Cléo percebeu que o para-brisa estava sempre embaçando. O que pode ter
faltado?",,Manutenção ou troca das palhetas,Limpadores ruins prejudicam visibilidade.,Mais velocidade,Dirigir com vidro aberto,Usar água suja no reservatório,/Users/lucianodiisouza/Documents/projects/autocurso-2000/Banco Nacional de Questões.pdf
p1-m4-q219,1,4,"Cuidar, Agir e Preservar",219,dificil,"Após um sinistro grave, Eduardo tentou retirar uma vítima presa. Por que isso é
perigoso?",,Situações complexas exigem equipamentos especializados,Ação mal orientada pode gerar sequelas graves.,Vítimas preferem ficar sozinhas,O carro provavelmente está sem risco,É sempre melhor agir rápido sem pensar,/Users/lucianodiisouza/Documents/projects/autocurso-2000/Banco Nacional de Questões.pdf
p1-m4-q220,1,4,"Cuidar, Agir e Preservar",220,dificil,Beatriz viu cabos elétricos caídos após um sinistro. Qual o comportamento seguro?,,Manter distância e acionar autoridades,Cenários especiais exigem cautela absoluta.,Tentar retirar com um galho,Aproximar-se para ver melhor,Chutar o fio para longe,/Users/lucianodiisouza/Documents/projects/autocurso-2000/Banco Nacional de Questões.pdf
p1-m4-q221,1,4,"Cuidar, Agir e Preservar",221,dificil,Marcos ignorou sinais de sonolência. Por que isso é arriscado?,,Cochilos de 3 segundos equivalem a até 100m sem controle,Microssono é um dos maiores riscos ao volante.,Porque o carro aquece,Porque gasta mais combustível,Porque a viagem fica chata,/Users/lucianodiisouza/Documents/projects/autocurso-2000/Banco Nacional de Questões.pdf
p1-m4-q222,1,4,"Cuidar, Agir e Preservar",222,dificil,"Durante um sinistro, André queria filmar antes de ajudar. Por que isso é inadequado?",,Prioriza exposição em vez de segurança,"O foco deve ser salvar vidas, não registrar imagens.",Vídeos são proibidos,O celular estraga fácil,O seguro não aceita vídeos,/Users/lucianodiisouza/Documents/projects/autocurso-2000/Banco Nacional de Questões.pdf
p1-m4-q223,1,4,"Cuidar, Agir e Preservar",223,dificil,Uma vítima estava desmaiada e Joice pensou em dar água. Por que isso é perigoso?,,Pode causar engasgo ou aspiração,Vítimas inconscientes não devem ingerir nada.,A água pode estar quente,A vítima pode não gostar,A garrafa pode cair,/Users/lucianodiisouza/Documents/projects/autocurso-2000/Banco Nacional de Questões.pdf
p2-m4-q224,2,4,"Cuidar, Agir e Preservar",224,dificil,Luiz decidiu não revisar o carro antes da viagem. Qual risco isso representa?,,Falhas mecânicas inesperadas podem causar sinistros graves,Manutenção preventiva é fundamental.,Pode sujar o carro,Gasta mais combustível,Fica menos confortável,/Users/lucianodiisouza/Documents/projects/autocurso-2000/Banco Nacional de Questões.pdf
p2-m1-q1,2,1,"Placas, Cores e Caminhos",1,facil,"A faixa de pedestres, com suas largas listras brancas, concede qual direito ao pedestre?",,"A prioridade de travessia, exigindo que os veículos parem.","A faixa de pedestres garante ao pedestre prioridade absoluta de passagem sobre os veículos ao
atravessar a via.","O direito de atravessar, mas somente quando o semáforo de pedestres estiver verde.",O direito de atravessar apenas se não houver veículos se aproximando.,Direito do pedestre esperar até que não passe mais carro.,/Users/lucianodiisouza/Documents/projects/autocurso-2000/Banco Nacional de Questões.pdf
p2-m1-q2,2,1,"Placas, Cores e Caminhos",2,intermediario,Qual a função das faixas vermelhas na pavimentação das vias?,,Um espaço exclusivo ou preferencial para a circulação de ciclistas.,A pintura de faixas vermelhas no asfalto indica faixas exclusivas para ciclistas (ciclovia/ciclofaixa),Uma área de parada obrigatória para todos os veículos.,Uma faixa de tráfego com velocidade máxima reduzida.,Uma área de cruzamento perigoso que deve ser evitada.,/Users/lucianodiisouza/Documents/projects/autocurso-2000/Banco Nacional de Questões.pdf
p2-m1-q3,2,1,"Placas, Cores e Caminhos",3,facil,A placa 'Sentido Proibido' indica que:,R-3,"A entrada de veículos naquela via ou faixa é proibida, pois o tráfego flui no sentido
contrário.","A placa ""Sentido Proibido"" indica que os veículos não podem entrar ou trafegar na via naquele
sentido.",A velocidade máxima permitida é muito baixa.,Não pode virar à direita ou à esquerda no próximo cruzamento.,A rua não tem saída e será preciso retornar.,/Users/lucianodiisouza/Documents/projects/autocurso-2000/Banco Nacional de Questões.pdf
p2-m1-q4,2,1,"Placas, Cores e Caminhos",4,facil,"Ao ver uma placa amarela com o desenho de uma lombada (quebra-molas), o que o
condutor deve fazer?",A-18,Reduzir a velocidade para passar pela alteração no pavimento com segurança e conforto.,"Ao ver uma placa amarela indicando lombada, o condutor deve reduzir a velocidade e ficar
atento para passar com segurança e cuidado sobre o obstáculo.",Acelerar para passar rapidamente pela lombada(quebra-molas).,Desviar para a outra faixa para evitar a lombada (quebra-molas).,"Manter a velocidade, pois a placa é apenas um aviso.",/Users/lucianodiisouza/Documents/projects/autocurso-2000/Banco Nacional de Questões.pdf
p2-m1-q5,2,1,"Placas, Cores e Caminhos",5,facil,"Ao ver uma placa amarela com o desenho de uma lombada, o que o condutor deve fazer?",A-18,Reduzir a velocidade e passar com atenção.,"A placa amarela alerta para mudanças nas condições da via, como lombadas ou obstáculos,
exigindo redução de velocidade.",Acelerar para passar rápido.,Ignorar a placa.,Parar o veículo completamente.,/Users/lucianodiisouza/Documents/projects/autocurso-2000/Banco Nacional de Questões.pdf
p2-m1-q6,2,1,"Placas, Cores e Caminhos",6,facil,"Ao ver uma placa amarela indicando 'Aclive acentuado', qual é a recomendação para um
motorista de carro manual?",A-20b,Reduzir a marcha antes de iniciar a subida para não perder força.,"Aconselhável 'reduzir a marcha antes de iniciar o aclive para não perder força no meio do
caminho'.",Manter a marcha mais alta possível para economizar combustível.,Acelerar ao máximo antes da subida para ganhar impulso.,Acionar o freio de mão levemente para ajudar no controle do veículo.,/Users/lucianodiisouza/Documents/projects/autocurso-2000/Banco Nacional de Questões.pdf
p2-m1-q7,2,1,"Placas, Cores e Caminhos",7,intermediario,"As placas brancas com mensagens como 'Use o cinto de segurança' pertencem a
qual categoria?",,Placas de Indicação (Educativas),"Placas brancas com mensagens como ""Use o cinto de segurança"" pertencem à categoria de
placas de indicação educativas, que informam ou orientam condutores e pedestres.",Placas de Sinalização Temporária,Placas de Advertência,Placas de Regulamentação,/Users/lucianodiisouza/Documents/projects/autocurso-2000/Banco Nacional de Questões.pdf
p2-m1-q8,2,1,"Placas, Cores e Caminhos",8,dificil,"As placas de formato octogonal (oito lados) e triangular invertido são exceções dentro de
qual família de placas?",,Placas de Regulamentação,"As Placas ""Pare"" (octogonal) e ""Dê a Preferência (triângulo invertido) pertencem a família das
Placas de Regulamentação. Seus formatos são exceção à regra. As demais placas dessa Família são
redondas e das cores vermelha, branca e preta",Placas de Advertência,Placas de Sinalização Temporária,Placas de Indicação,/Users/lucianodiisouza/Documents/projects/autocurso-2000/Banco Nacional de Questões.pdf
p2-m1-q9,2,1,"Placas, Cores e Caminhos",9,intermediario,As placas de indicação de cor marrom são utilizadas para sinalizar o quê?,,"Atrativos turísticos, como cachoeiras e museus.","As placas de indicação marrons são dedicadas ao turismo, servem pra indicar pontos próximos
ao local, que podem ser de interesse histórico, cultural ou natural",Direções e distâncias para outras cidades em rodovias.,Mensagens educativas para um trânsito mais seguro.,"Serviços auxiliares, como postos de gasolina e hospitais.",/Users/lucianodiisouza/Documents/projects/autocurso-2000/Banco Nacional de Questões.pdf
p2-m1-q10,2,1,"Placas, Cores e Caminhos",10,intermediario,As placas de indicação de cor verde são mais comuns em qual tipo de ambiente?,,"Em estradas e rodovias para orientar sobre direções, destinos e distâncias.","As placas verdes são mais comuns em rodovias e vias de circulação rápida, pois servem para
orientar e indicar destinos, distâncias e direções.",Próximo a parques e reservas naturais para indicar atrativos turísticos.,Em zonas escolares para reforçar a necessidade de atenção.,Dentro de áreas urbanas para indicar nomes de ruas locais.,/Users/lucianodiisouza/Documents/projects/autocurso-2000/Banco Nacional de Questões.pdf
p2-m1-q11,2,1,"Placas, Cores e Caminhos",11,facil,"As placas de regulamentação, com exceção de duas, possuem formato circular. Quais são
essas duas exceções e por que têm formatos distintos?",,"PARE' (octogonal) e 'Dê a Preferência' (triângulo invertido), para serem facilmente
reconhecíveis.","As duas exceções às placas circulares de regulamentação são a placa “PARE”, que tem formato
octogonal para ser reconhecida facilmente de longe, e a placa “DÊ A PREFERÊNCIA”, que é triangular
invertida para destacar a obrigação de ceder passagem. Esses formatos distintos ajudam a identificar
rapidamente a mensagem principal, mesmo sem ler o texto.","'Proibido Estacionar' (retangular) e 'Alfândega' (quadrada), devido a convenções internacionais.","'Velocidade Máxima Permitida' (quadrada) e 'Sentido Proibido' (retangular), para destacar sua importância.","'Lombada' (losango) e 'Cruz de Santo André' (formato de X), por indicarem perigos e não regras.",/Users/lucianodiisouza/Documents/projects/autocurso-2000/Banco Nacional de Questões.pdf
p2-m1-q12,2,1,"Placas, Cores e Caminhos",12,facil,"As placas de Regulamentação, que estabelecem regras obrigatórias, são
predominantemente de que cores?",,"Vermelha, branca e preta","As placas de regulamentação são das cores vermelha, branca e preta, sendo a vermelha a cor
predominante",Amarela e preta,Azul e branca,Laranja e preta,/Users/lucianodiisouza/Documents/projects/autocurso-2000/Banco Nacional de Questões.pdf
p2-m1-q13,2,1,"Placas, Cores e Caminhos",13,facil,"As placas fixadas ao lado da via como a de 'PARE', pertencem a qual tipo de sinalização?",,Sinalização Vertical,"As placas instaladas ao lado ou sobre a via para regulamentar, advertir e orientar os usuários do
trânsito são classificadas como sinalização vertical",Sinalização Horizontal,Sinalização Semafórica,Dispositivos Auxiliares,/Users/lucianodiisouza/Documents/projects/autocurso-2000/Banco Nacional de Questões.pdf
p2-m1-q14,2,1,"Placas, Cores e Caminhos",14,facil,"De acordo com a hierarquia da sinalização, o que tem mais prioridade: uma placa de
'Velocidade Máxima 60 km/h' ou um semáforo vermelho?",,"O semáforo, pois na hierarquia ele está acima das placas.","O semáforo vermelho tem prioridade, mesmo sobre a placa de “Velocidade Máxima 60 km/h”,
pois as ordens do semáforo prevalecem sobre placas e outras sinalizações. Art. 89, CTB.","Nenhum dos dois, o condutor deve usar o bom senso.","Depende do horário, durante a noite a placa prevalece.","A placa, pois ela estabelece uma regra permanente para a via.",/Users/lucianodiisouza/Documents/projects/autocurso-2000/Banco Nacional de Questões.pdf
p2-m1-q15,2,1,"Placas, Cores e Caminhos",15,intermediario,"Dispositivos como cones, balizadores e tachas refletivas (olho de gato) são
classificados como qual tipo de sinalização?",,Dispositivos Auxiliares,"Os dispositivos auxiliares são “ajudantes físicos” que complementam e reforçam a sinalização,
como postes, tachas refletivas e balizadores na pista.",Sinalização Vertical,Sinalização Horizontal,Sinalização Cicloviária,/Users/lucianodiisouza/Documents/projects/autocurso-2000/Banco Nacional de Questões.pdf
p2-m1-q16,2,1,"Placas, Cores e Caminhos",16,intermediario,É permitido transitar em uma faixa exclusiva de ônibus de transporte público?,,"Não, é uma infração gravíssima e o condutor deve respeitar a sinalização.","Essa conduta é infração gravíssima e o condutor deve observar e respeitar a sinalização. Art.
184, inciso III do CTB","Sim, se for apenas por poucos metros para fazer uma conversão.","Sim, se o trânsito nas outras faixas estiver completamente parado.","Sim, fora do horário de pico, quando não há muito ônibus circulando.",/Users/lucianodiisouza/Documents/projects/autocurso-2000/Banco Nacional de Questões.pdf
p2-m1-q17,2,1,"Placas, Cores e Caminhos",17,intermediario,"Na sinalização horizontal, o que linhas contínuas amarelas pintadas no centro da
pista indicam?",,"Separação de fluxos em sentidos opostos, com ultrapassagem proibida para ambos os
lados.","Na sinalização horizontal, a cor amarela indica fluxos em sentidos opostos e a linha contínua
significa que a ultrapassagem é proibida. MBST, volume IV",Permissão para ultrapassagem para ambos os sentidos.,"Separação de fluxos no mesmo sentido, com ultrapassagem proibida.",Área exclusiva para a circulação de bicicletas.,/Users/lucianodiisouza/Documents/projects/autocurso-2000/Banco Nacional de Questões.pdf
p2-m1-q18,2,1,"Placas, Cores e Caminhos",18,facil,"Na sinalização horizontal, qual é a função da linha de retenção?",,"Mostrar o local limite onde o veículo deve parar, antes de um semáforo ou placa 'PARE'.","A linha de retenção é uma faixa grossa pintada no chão que mostra o ponto onde o veículo deve
parar completamente, antes dela, em locais de parada obrigatória, como cruzamentos. MBST, volume IV",Separar faixas de tráfego que seguem em sentidos opostos.,Delimitar a área onde os pedestres devem atravessar a rua.,Indicar o local exato onde é permitido ultrapassar outro veículo.,/Users/lucianodiisouza/Documents/projects/autocurso-2000/Banco Nacional de Questões.pdf
p2-m1-q19,2,1,"Placas, Cores e Caminhos",19,facil,O que a cor laranja em uma placa de sinalização geralmente indica?,,"Uma condição temporária na via, como obras ou desvios.","A cor laranja é usada nas sinalizações temporárias porque é bem visível e indica que há uma
mudança nas condições normais da via, como obras ou serviços na pista.",A proximidade de um ponto turístico de interesse histórico.,Uma área com grande fluxo de pedestres e ciclistas.,Uma regra de trânsito que se aplica apenas durante a noite.,/Users/lucianodiisouza/Documents/projects/autocurso-2000/Banco Nacional de Questões.pdf
p2-m1-q20,2,1,"Placas, Cores e Caminhos",20,facil,O que indica uma linha contínua amarela pintada no centro de uma pista?,,Que a ultrapassagem e o retorno são proibidos naquele trecho.,"A linha contínua funciona como uma barreira visual, indicando que cruzar para a outra faixa é
proibido e perigoso.",Que a via é de mão única.,Que é uma área exclusiva para pedestres.,Que a ultrapassagem é permitida para ambos os sentidos.,/Users/lucianodiisouza/Documents/projects/autocurso-2000/Banco Nacional de Questões.pdf
p2-m1-q21,2,1,"Placas, Cores e Caminhos",21,facil,O que o motorista deve fazer ao se deparar com a luz amarela do semáforo?,,Reduzir a velocidade e se preparar para parar antes da faixa de retenção.,"A luz amarela significa ""atenção"", indicando que o sinal ficará vermelho em breve e o condutor
deve se preparar a parada obrigatória","Parar imediatamente, mesmo que esteja no meio do cruzamento.",Acelerar para conseguir passar antes que o sinal fique vermelho.,"Continuar com a mesma velocidade, pois a preferência ainda é sua.",/Users/lucianodiisouza/Documents/projects/autocurso-2000/Banco Nacional de Questões.pdf
p2-m1-q22,2,1,"Placas, Cores e Caminhos",22,dificil,O que são 'marcas de canalização' na sinalização horizontal?,,"Faixas brancas diagonais que organizam o fluxo, separando ou direcionando os veículos.","As marcas de canalização são linhas e símbolos pintados no chão que orientam o fluxo de
veículos, indicando faixas, desvios ou separações de pistas para organizar o trânsito, e não devem ser
ultrapassadas ou trafegadas, pois delimitam o espaço de circulação e mantêm a segurança.",A linha grossa branca antes do semáforo onde os carros devem parar.,As faixas brancas que delimitam vagas de estacionamento.,As setas pintadas no chão que indicam a direção de cada faixa.,/Users/lucianodiisouza/Documents/projects/autocurso-2000/Banco Nacional de Questões.pdf
p2-m1-q23,2,1,"Placas, Cores e Caminhos",23,intermediario,"O que significa uma linha dupla na pista, sendo a linha do seu lado contínua e a
outra tracejada?",,A ultrapassagem é permitida apenas para os veículos no sentido oposto.,"Em uma pista dupla com linha contínua e tracejada, vale a regra: se a linha contínua está do seu
lado, você não pode ultrapassar",A ultrapassagem é proibida para ambos os sentidos de tráfego.,A ultrapassagem é permitida apenas para o seu sentido de tráfego.,A ultrapassagem é permitida para ambos os sentidos de tráfego.,/Users/lucianodiisouza/Documents/projects/autocurso-2000/Banco Nacional de Questões.pdf
p2-m1-q24,2,1,"Placas, Cores e Caminhos",24,intermediario,"Qual é a atitude correta de um bom condutor ao ver o sinal de trânsito ficar
amarelo?",,Reduzir a velocidade e se preparar para parar com segurança antes da faixa.,"Esta é a conduta do motorista consciente, que entende que o amarelo é um aviso para parar,
não para acelerar.",Acelerar para aproveitar o 'último segundo' e não ter que parar.,Buzinar para avisar o carro de trás que você vai parar.,"Frear bruscamente, mesmo que tenha espaço para parar com calma.",/Users/lucianodiisouza/Documents/projects/autocurso-2000/Banco Nacional de Questões.pdf
p2-m1-q25,2,1,"Placas, Cores e Caminhos",25,facil,Qual é a função das setas direcionais pintadas no chão?,,Indicar a direção obrigatória que cada faixa de tráfego segue.,"As setas direcionais pintadas no chão indicam a direção obrigatória que os veículos devem
seguir em cada faixa. MBST Vol. IV",Avisar sobre a proximidade de um retorno na via.,Alertar para a presença de ciclistas compartilhando a via.,Sugerir as melhores rotas para evitar congestionamentos.,/Users/lucianodiisouza/Documents/projects/autocurso-2000/Banco Nacional de Questões.pdf
p2-m1-q26,2,1,"Placas, Cores e Caminhos",26,dificil,Qual é a principal característica das sinalizações temporárias?,,"Sua cor laranja e sinaliza que há um evento ou obra no caminho, caracteriza-se por não ser
permanente.","A principal característica da sinalização temporária é que ela indica mudanças nas condições
normais da via, como obras ou desvios, e pode ser removida ou alterada conforme a situação. MBST Vol. VII","Ela utiliza exclusivamente dispositivos luminosos, como semáforos.",Ela só é válida durante o dia.,É sempre acompanhada por um agente de trânsito.,/Users/lucianodiisouza/Documents/projects/autocurso-2000/Banco Nacional de Questões.pdf
p2-m1-q27,2,1,"Placas, Cores e Caminhos",27,facil,"Qual é a principal diferença entre a placa 'Proibido Estacionar' e 'Proibido Parar e
Estacionar'?",,"Em 'Proibido Estacionar' é permitida uma parada rápida para embarque/desembarque,
enquanto na outra, nem isso é permitido.","Em ""Proibido Estacionar"" é permitida uma parada rápida para embarque e desembarque (E com
um corte diagonal), mas o condutor não pode deixar o veículo estacionado","Não há diferença, ambas proíbem completamente a imobilização do veículo.",Uma se aplica a carros e a outra a motocicletas.,"'Proibido Estacionar' é uma recomendação, enquanto 'Proibido Parar e Estacionar' é uma ordem.",/Users/lucianodiisouza/Documents/projects/autocurso-2000/Banco Nacional de Questões.pdf
p2-m1-q28,2,1,"Placas, Cores e Caminhos",28,facil,"Qual é a principal função das placas de advertência, como a que indica 'Curva Acentuada'?",,Alertar sobre perigos e situações especiais à frente na via.,"As placas de advertência servem para avisar como antecedência sobre condições que exigem
atenção, como curvas à frente ou lombadas",Educar o motorista sobre comportamento seguro.,Ordenar a parada imediata do veículo.,Informar a distância até a próxima cidade.,/Users/lucianodiisouza/Documents/projects/autocurso-2000/Banco Nacional de Questões.pdf
p2-m1-q29,2,1,"Placas, Cores e Caminhos",29,dificil,"O que a sinalização cicloviária, com faixas vermelhas e símbolos de bicicleta, indica?",,"Indicar um espaço prioritário ou exclusivo para a circulação de ciclistas, que deve ser
respeitado pelos motoristas.","A sinalização cicloviária, como faixas vermelhas e símbolos de bicicleta, indica áreas exclusivas
para ciclistas e orienta sua circulação, garantindo segurança do ciclista e separação do tráfego de veículos
motorizados. MBST Vol. IV",Indicar áreas onde o trânsito de bicicletas é proibido devido ao alto fluxo de carros.,Alertar os ciclistas de que eles estão entrando em uma via compartilhada sem preferência definida.,Que os ciclistas devem ceder a preferência aos veículos motorizados nessas áreas.,/Users/lucianodiisouza/Documents/projects/autocurso-2000/Banco Nacional de Questões.pdf
p2-m1-q30,2,1,"Placas, Cores e Caminhos",30,facil,Qual é a principal razão para que a placa 'PARE' tenha um formato octogonal único?,,"Para ser facilmente reconhecida, mesmo que vista de costas ou parcialmente coberta.","O formato octogonal da placa ""PARE"" é único para que seja facilmente reconhecida à distância,
garantindo que o condutor identifique imediatamente a obrigação de parar.",Para diferenciar as paradas obrigatórias em áreas rurais e urbanas.,Para indicar que a parada é uma sugestão e não uma ordem.,Para economizar material na sua fabricação.,/Users/lucianodiisouza/Documents/projects/autocurso-2000/Banco Nacional de Questões.pdf
p2-m1-q31,2,1,"Placas, Cores e Caminhos",31,facil,Qual é o principal objetivo da sinalização de trânsito no Brasil?,,"Tornar o trânsito mais seguro, organizado e previsível para todos os usuários da via.","A sinalização existe para organizar o trânsito e garantir a segurança, funcionando como uma
linguagem universal",Aumentar a arrecadação de multas para os municípios e estados.,Decorar as ruas e estradas com placas e pinturas coloridas.,Testar a habilidade e atenção dos motoristas em situações complexas.,/Users/lucianodiisouza/Documents/projects/autocurso-2000/Banco Nacional de Questões.pdf
p2-m1-q32,2,1,"Placas, Cores e Caminhos",32,facil,"Qual tipo de calçado é considerado inadequado e perigoso para a condução de um
veículo?",,Chinelos e calçados que não ficam firmes nos pés.,"Este tipo de calçado pode escapar dos pés, enroscar nos pedais e comprometer seriamente a
segurança da condução.",Botas de cano longo.,Sapatos fechados.,Tênis com solado grosso.,/Users/lucianodiisouza/Documents/projects/autocurso-2000/Banco Nacional de Questões.pdf
p2-m1-q33,2,1,"Placas, Cores e Caminhos",33,intermediario,"Quando a sinalização horizontal apresenta uma linha branca seccionada
(tracejada), o que isso significa?",,"Separa fluxos no mesmo sentido e a ultrapassagem é permitida, se houver segurança.","A linha branca tracejada separa faixas de mesmo sentido e indica que o condutor pode trocar de
faixa ou ultrapassar, desde que seja seguro, respeitando os limites de velocidade e atenção ao trânsito ao
redor.",É uma área onde é proibido parar e estacionar.,Separa fluxos de sentidos opostos e a ultrapassagem é proibida.,Indica a aproximação de uma faixa de pedestres.,/Users/lucianodiisouza/Documents/projects/autocurso-2000/Banco Nacional de Questões.pdf
p2-m1-q34,2,1,"Placas, Cores e Caminhos",34,facil,"Quando um motorista encontra a palavra 'PARE' escrita no chão, qual é a sua relação com
a placa vertical de 'PARE'?",,"Ela reforça a mensagem da placa de 'PARE', indicando a mesma ordem de parada
obrigatória.","A palavra ""PARE"" pintada no chão reforça a placa vertical de “PARE”, indicando o ponto exato
onde o veículo deve parar completamente.","A palavra no chão indica que a parada é opcional, enquanto a placa a torna obrigatória.","A marcação no chão substitui a placa, tendo maior prioridade na hierarquia.","É uma marcação para pedestres, indicando onde eles devem parar antes de atravessar.",/Users/lucianodiisouza/Documents/projects/autocurso-2000/Banco Nacional de Questões.pdf
p2-m1-q35,2,1,"Placas, Cores e Caminhos",35,intermediario,"Se um semáforo em uma passagem de trem começar a piscar em vermelho, o que
isso significa?",,Que um trem está se aproximando e a travessia deve ser interrompida imediatamente.,"Se o semáforo em uma passagem de trem começar a piscar em vermelho, significa que os
veículos devem parar e aguardar a passagem do trem, pois a travessia não está segura.",Que a passagem está livre e os carros podem cruzar a ferrovia.,Que o semáforo está com defeito e o motorista deve passar com cuidado.,"Que apenas veículos pesados, como caminhões, devem parar.",/Users/lucianodiisouza/Documents/projects/autocurso-2000/Banco Nacional de Questões.pdf
p2-m1-q36,2,1,"Placas, Cores e Caminhos",36,facil,"Se você estiver em um cruzamento onde o semáforo está verde, mas um agente de trânsito
sinaliza para você parar, qual instrução você deve seguir?",,"A do agente de trânsito, pois suas ordens prevalecem sobre todas as outras sinalizações.","Você deve obedecer ao agente, pois ele tem a maior autoridade no trânsito: vem antes do
semáforo, das placas e das marcas pintadas no chão.","A da placa de 'PARE', se houver uma no cruzamento.","Nenhuma, deve-se usar a regra geral de preferência da direita.","A do semáforo, pois é um equipamento eletrônico e mais preciso.",/Users/lucianodiisouza/Documents/projects/autocurso-2000/Banco Nacional de Questões.pdf
p2-m1-q37,2,1,"Placas, Cores e Caminhos",37,intermediario,"Um motorista avista uma placa amarela em formato de losango. Qual tipo de
informação essa placa está transmitindo?",,"Um aviso sobre uma condição potencialmente perigosa à frente, como 'Saliência ou
lombada'.","As placas amarelas em formato de losango são advertências e alertas sobre perigos adiante na
estrada.","A identificação de uma rodovia ou a indicação de serviços auxiliares, como um restaurante.","Uma ordem que, se desobedecida, resulta em infração, como um limite de velocidade.","Um indicativo de ponto turístico, como parque natural ou museu.",/Users/lucianodiisouza/Documents/projects/autocurso-2000/Banco Nacional de Questões.pdf
p2-m1-q38,2,1,"Placas, Cores e Caminhos",38,facil,"Um semáforo está verde, mas um agente de trânsito sinaliza para você parar. Qual
instrução deve ser seguida?",,"Parar imediatamente, pois o agente tem prioridade.","As instruções do agente de trânsito têm prioridade sobre semáforos, placas e outras
sinalizações, garantindo segurança e controle do fluxo.",Seguir o semáforo.,Acelerar para atravessar antes do agente.,Ignorar e continuar.,/Users/lucianodiisouza/Documents/projects/autocurso-2000/Banco Nacional de Questões.pdf
p2-m1-q39,2,1,"Placas, Cores e Caminhos",39,facil,"Você encontra uma placa circular branca com borda vermelha e o número 60. O que
significa?",R-19,Velocidade máxima permitida: 60 km/h.,Placas circulares com borda vermelha indicam regulamentações obrigatórias,Velocidade mínima de 60 km/h.,Distância de 60 metros até a próxima curva.,Faixa exclusiva para veículos que trafegam a 60 km/h.,/Users/lucianodiisouza/Documents/projects/autocurso-2000/Banco Nacional de Questões.pdf
p2-m1-q40,2,1,"Placas, Cores e Caminhos",40,facil,"Você está dirigindo e vê uma placa de regulamentação com o símbolo de um 'E' cortado
por uma faixa vermelha. O que essa placa permite?",R-6a,"Permite uma parada rápida para embarque e desembarque, mas proíbe estacionar o
veículo no local.","Uma placa de regulamentação com o símbolo de um “E” cortado por uma faixa vermelha indica
“Proibido Estacionar”, permitindo apenas paradas rápidas para embarque e desembarque, mas não permite
estacionar o veículo.","Não permite nenhuma forma de imobilização do veículo, nem mesmo por um instante.","Permite estacionar, mas proíbe a parada rápida para embarque e desembarque.",Indica que o estacionamento é exclusivo para um determinado tipo de veículo.,/Users/lucianodiisouza/Documents/projects/autocurso-2000/Banco Nacional de Questões.pdf
p2-m1-q41,2,1,"Placas, Cores e Caminhos",41,facil,Você vê uma placa amarela com o desenho de pessoa atravessando. O que ela significa?,A-32b,"Faixa de pedestres, respeite a prioridade.",Placas de advertência alertam sobre locais onde há maior atenção necessária,Indica que não há pedestres na área.,Permite que veículos passem sem reduzir velocidade.,Apenas alerta sobre ciclovia.,/Users/lucianodiisouza/Documents/projects/autocurso-2000/Banco Nacional de Questões.pdf
p2-m2-q1,2,2,Escolhas e Consequências,1,facil,"A atitude de seguir um veículo de emergência (ambulância, bombeiros) para aproveitar o
caminho livre é considerada:",,Uma infração de trânsito.,Essa conduta é irregular e perigosa. Infração do artigo 190 do CTB,Uma estratégia permitida em caso de congestionamento.,"Permitida, desde que se mantenha uma distância segura.",Uma atitude de bom senso para liberar a via mais rápido.,/Users/lucianodiisouza/Documents/projects/autocurso-2000/Banco Nacional de Questões.pdf
p2-m2-q2,2,2,Escolhas e Consequências,2,dificil,Ameaçar pedestres que atravessam a via ou outros veículos é uma infração de que tipo?,,Gravíssima,Art. 170 do CTB,Grave,Média,Leve,/Users/lucianodiisouza/Documents/projects/autocurso-2000/Banco Nacional de Questões.pdf
p2-m2-q3,2,2,Escolhas e Consequências,3,intermediario,"Avançar o sinal vermelho é uma infração gravíssima. Quantos pontos são
adicionados à CNH do condutor por essa atitude?",,7 pontos.,"As infrações gravíssimas, que representam o maior risco, recebem a pontuação máxima. Art.
259, inciso I do CTB",3 pontos.,5 pontos.,4 pontos.,/Users/lucianodiisouza/Documents/projects/autocurso-2000/Banco Nacional de Questões.pdf
p2-m2-q4,2,2,Escolhas e Consequências,4,facil,Dirigir com a CNH vencida há mais de 30 dias é considerado qual tipo de infração?,,Gravíssima,"Dirigir sem estar devidamente habilitado (o que inclui CNH vencida) representa um risco imediato
e elevado. Art. 162, inciso V do CTB",Média,Grave,Leve,/Users/lucianodiisouza/Documents/projects/autocurso-2000/Banco Nacional de Questões.pdf
p2-m2-q5,2,2,Escolhas e Consequências,5,intermediario,"Dirigir com o som do carro excessivamente alto, perturbando o sossego público, é
uma infração de qual gravidade?",,Grave.,"Além de ser uma falta de respeito, o som alto é considerado uma infração de alto risco social,
com multa e possibilidade de retenção do veículo. Art. 228 do CTB","Não é uma infração de trânsito, mas sim uma contravenção penal.",Média.,Leve.,/Users/lucianodiisouza/Documents/projects/autocurso-2000/Banco Nacional de Questões.pdf
p2-m2-q6,2,2,Escolhas e Consequências,6,intermediario,"Dirigir com uma lâmpada do farol queimada é considerado uma infração de qual
natureza?",,"Média, pois representa risco à segurança por falta de visibilidade.","Uma lâmpada queimada é um exemplo de infração média, que pode colocar a vida do condutor
em risco. Art. 230, inciso XXII do CTB","Leve, pois a outra lâmpada ainda funciona.","Não é uma infração, mas o motorista deve consertar assim que possível.","Grave, pois é um equipamento obrigatório.",/Users/lucianodiisouza/Documents/projects/autocurso-2000/Banco Nacional de Questões.pdf
p2-m2-q7,2,2,Escolhas e Consequências,7,facil,"Durante o período da Permissão Para Dirigir , qual combinação de infrações resultará na
perda do direito de obter a CNH definitiva?",,Ser reincidente em uma infração de natureza média.,"O condutor em período de permissão não pode ser reincidente em infrações médias, além de
não poder cometer infrações graves ou gravíssimas.",Cometer uma única infração de natureza média.,Cometer duas infrações de natureza leve em um ano.,Não cometer infração.,/Users/lucianodiisouza/Documents/projects/autocurso-2000/Banco Nacional de Questões.pdf
p2-m2-q8,2,2,Escolhas e Consequências,8,facil,"Durante o período de validade da Permissão Para Dirigir, qual tipo de infração o condutor
NÃO pode cometer para obter a CNH definitiva?",,Cometer infração grave ou gravíssima.,"Art. 148, §§ 3º e 4º do CTB",Ser autuado por excesso de velocidade de até 20% acima do limite.,Cometer qualquer infração de natureza leve.,Receber duas multa leves.,/Users/lucianodiisouza/Documents/projects/autocurso-2000/Banco Nacional de Questões.pdf
p2-m2-q9,2,2,Escolhas e Consequências,9,intermediario,"Estacionar em uma vaga reservada para idosos ou pessoas com deficiência sem
possuir a devida credencial é uma infração:",,"Gravíssima, por ser uma falta de respeito e desrespeito à lei de acessibilidade.","O uso indevido dessas vagas é uma das infrações mais severas por seu impacto social e
desrespeito a um direito.","Leve, se for 'apenas 5 minutinhos'.","Grave, pois dificulta a mobilidade de outras pessoas.","Média, pois apenas atrapalha o acesso.",/Users/lucianodiisouza/Documents/projects/autocurso-2000/Banco Nacional de Questões.pdf
p2-m2-q10,2,2,Escolhas e Consequências,10,intermediario,"É permitido estacionar o veículo no sentido contrário ao fluxo da via, ainda que
esteja corretamente alinhado à calçada?",,"Não, é uma infração de trânsito média, pois pode confundir outros condutores.",Essa prática é uma infração pois surpreende outros motoristas e vai contra o fluxo da via.,"Não, mas é considerado apenas uma infração leve.","Sim, se não houver placa proibindo.","Sim, desde que seja durante a noite, quando o trânsito é menor.",/Users/lucianodiisouza/Documents/projects/autocurso-2000/Banco Nacional de Questões.pdf
p2-m2-q11,2,2,Escolhas e Consequências,11,intermediario,Estacionar sobre uma calçada ou ciclovia é uma infração de qual gravidade?,,Grave,"Desrespeitar o espaço exclusivo de pedestres e ciclistas, colocando-os em risco, é classificado
como uma infração de alto perigo.",Leve,Média,Gravíssima,/Users/lucianodiisouza/Documents/projects/autocurso-2000/Banco Nacional de Questões.pdf
p2-m2-q12,2,2,Escolhas e Consequências,12,intermediario,Fazer manobras perigosas como 'empinar' a moto em via pública é considerado:,,Uma infração gravíssima e também pode ser considerada crime de trânsito.,"Essas manobras são infrações gravíssimas e, quando geram situação de risco, podem
configurar crime. Art. 244, inciso III","Uma infração leve, pois não causa danos diretos a ninguém.","Apenas uma infração grave, com multa de valor moderado.","Uma demonstração de habilidade, permitida se não houver outros veículos por perto.",/Users/lucianodiisouza/Documents/projects/autocurso-2000/Banco Nacional de Questões.pdf
p2-m2-q13,2,2,Escolhas e Consequências,13,dificil,"Fugir do local de um sinistro para evitar a responsabilidade é considerado o que pela lei
de trânsito?",,"Um crime de trânsito, com pena de detenção ou multa.","O Código de Trânsito Brasileiro tipifica a fuga do local do sinistro como crime, pois demonstra a
intenção de não arcar com as responsabilidades.","Uma infração grave, com multa e pontos na CNH.","Uma infração média, se ninguém ficou ferido.","Uma atitude moralmente errada, mas sem punição legal específica.",/Users/lucianodiisouza/Documents/projects/autocurso-2000/Banco Nacional de Questões.pdf
p2-m2-q14,2,2,Escolhas e Consequências,14,facil,"Não usar o cinto de segurança, seja no banco da frente ou de trás, é classificado como
qual tipo de infração?",,Grave,O CTB classifica essa infração como grave.,Leve,Média,Gravíssima,/Users/lucianodiisouza/Documents/projects/autocurso-2000/Banco Nacional de Questões.pdf
p2-m2-q15,2,2,Escolhas e Consequências,15,dificil,"Qual o limite de pontos em 12 meses para o condutor que não tem nenhuma infração
gravíssima?",,40 (quarenta) pontos.,"Conforme o Art. 261, Inciso I, alínea 'c' do CTB, a penalidade de suspensão do direito de dirigir
será imposta quando o infrator atingir 40 (quarenta) pontos no período de 12 meses, caso não conste
nenhuma infração gravíssima na pontuação.",20 (vinte) pontos.,30 (trinta) pontos.,19 (dezenove) pontos.,/Users/lucianodiisouza/Documents/projects/autocurso-2000/Banco Nacional de Questões.pdf
p2-m2-q16,2,2,Escolhas e Consequências,16,facil,O que pode acontecer se você não pagar uma multa de trânsito dentro do prazo?,,"O veículo pode ficar com restrições no licenciamento, impedindo sua circulação e
transferência.","Conforme dispõe o Art. 131, § 2º do CTB, multas não pagas impedem a regularização do veículo
e acumulam juros.",O valor da multa é descontado diretamente do seu salário.,"Você perde pontos na CNH, mas não precisa pagar a multa.",A multa é perdoada automaticamente após um ano.,/Users/lucianodiisouza/Documents/projects/autocurso-2000/Banco Nacional de Questões.pdf
p2-m2-q17,2,2,Escolhas e Consequências,17,dificil,"Para um motociclista, qual é a infração por pilotar com a viseira do capacete levantada?",,Infração média,"Pilotar sem a proteção dos olhos (viseira ou óculos) é uma infração média. Art. 244, inciso X",Infração leve,Não é uma infração,Infração gravíssima,/Users/lucianodiisouza/Documents/projects/autocurso-2000/Banco Nacional de Questões.pdf
p2-m2-q18,2,2,Escolhas e Consequências,18,intermediario,Por que é proibido estacionar a menos de 5 metros de uma esquina?,,"Porque atrapalha a visão dos motoristas, dificulta manobras, além de ser uma infração de
trânsito.","Estacionar na esquina prejudica a visibilidade no cruzamento, aumentando o risco de sinistros.
Art. 181, inciso I",Porque a prefeitura costuma instalar lixeiras nesse local.,Porque é um espaço reservado para carga e descarga.,Porque essa área é de uso exclusivo dos pedestres.,/Users/lucianodiisouza/Documents/projects/autocurso-2000/Banco Nacional de Questões.pdf
p2-m2-q19,2,2,Escolhas e Consequências,19,facil,Qual atitude pode transformar uma infração de trânsito em um crime de trânsito?,,Dirigir sob efeito de álcool acima do limite previsto em lei.,"Quando o comportamento do condutor é tão perigoso que ultrapassa a esfera administrativa,
como dirigir embriagado, ela se torna um crime.",Não pagar a multa de trânsito dentro do prazo de vencimento.,Estacionar em local proibido por mais de duas horas.,Receber mais de três multas gravíssimas no mesmo ano.,/Users/lucianodiisouza/Documents/projects/autocurso-2000/Banco Nacional de Questões.pdf
p2-m2-q20,2,2,Escolhas e Consequências,20,facil,Qual das atitudes a seguir pode ser considerada um crime de trânsito?,,Participar de 'racha' ou exibição perigosa em via pública.,"Competições ilegais e manobras arriscadas geram um risco tão alto que são tipificadas como
crime, com pena de detenção.",Transitar pela faixa exclusiva de ônibus.,Estacionar em fila dupla para um desembarque rápido.,Fugir do pagamento do pedágio.,/Users/lucianodiisouza/Documents/projects/autocurso-2000/Banco Nacional de Questões.pdf
p2-m2-q21,2,2,Escolhas e Consequências,21,dificil,Qual das seguintes ações é classificada como uma infração de gravidade média?,,Transitar em velocidade até 20% superior à máxima permitida.,"O excesso de velocidade nesta faixa representa um risco moderado, de acordo com a
classificação do sistema de trânsito.",Avançar o sinal vermelho do semáforo.,Não usar o cinto de segurança.,Estacionar o veículo afastado um pouco da guia.,/Users/lucianodiisouza/Documents/projects/autocurso-2000/Banco Nacional de Questões.pdf
p2-m2-q22,2,2,Escolhas e Consequências,22,intermediario,"Qual das seguintes ações representa uma infração de trânsito grave e um risco
ambiental relacionado à poluição sonora e do ar?",,"Circular com o carro fazendo barulho pelo escapamento e soltando fumaça preta e
excessiva.","A fumaça preta indica problemas no motor, alta emissão de poluentes e constitui uma infração de
trânsito grave.",Dirigir com as palhetas do limpador de para-brisa gastas.,"Utilizar o farol alto em vias iluminadas, ofuscando outros motoristas.",Não realizar o rodízio de pneus a cada 10 mil km.,/Users/lucianodiisouza/Documents/projects/autocurso-2000/Banco Nacional de Questões.pdf
p2-m2-q23,2,2,Escolhas e Consequências,23,dificil,Qual é a classificação da infração de um motociclista que pilota sem usar o capacete?,,"Gravíssima, com multa e suspensão do direito de dirigir.","A falta do principal equipamento de segurança para motociclistas é uma das infrações mais
perigosas e acarreta, além da multa, a suspensão da CNH.","Leve, se for em um trajeto curto dentro do bairro.","Grave, com multa e retenção da moto.","Média, se estiver em baixa velocidade.",/Users/lucianodiisouza/Documents/projects/autocurso-2000/Banco Nacional de Questões.pdf
p2-m2-q24,2,2,Escolhas e Consequências,24,facil,"Qual é a classificação da infração por deixar de usar a seta para indicar uma mudança de
faixa?",,Grave,"A seta é um sistema de comunicação essencial, e não usá-la coloca outros em alto risco ao criar
uma situação imprevisível.",Média,Leve,Gravíssima,/Users/lucianodiisouza/Documents/projects/autocurso-2000/Banco Nacional de Questões.pdf
p2-m2-q25,2,2,Escolhas e Consequências,25,facil,"Qual é a classificação da infração por não dar passagem a um veículo de emergência com
sirene e luzes ligadas?",,Gravíssima.,Deve ser dada prioridade aos veículos de emergência.,"Leve, se o motorista não percebeu a tempo.","Média, pois é uma questão de gentileza.","Grave, pois atrapalha o trânsito.",/Users/lucianodiisouza/Documents/projects/autocurso-2000/Banco Nacional de Questões.pdf
p2-m2-q26,2,2,Escolhas e Consequências,26,facil,Qual é a gravidade da infração de transitar pelo acostamento?,,"Gravíssima, com multa multiplicada por 3.","Utilizar o acostamento para obter vantagem no trânsito gera um alto risco de sinistros e é punido
com severidade.","Grave, com multa e 5 pontos.","Leve, pois não interfere na faixa de rolamento.","Média, se for por um trecho curto.",/Users/lucianodiisouza/Documents/projects/autocurso-2000/Banco Nacional de Questões.pdf
p2-m2-q27,2,2,Escolhas e Consequências,27,facil,Qual é a gravidade da infração por desobedecer às ordens de um agente de trânsito?,,Grave.,"A autoridade do agente é fundamental para a segurança, e desrespeitá-la é uma infração de alto
risco.",Gravíssima.,"Média, se a desobediência não causar um sinistro.","Leve, pois o agente pode apenas dar uma advertência verbal.",/Users/lucianodiisouza/Documents/projects/autocurso-2000/Banco Nacional de Questões.pdf
p2-m2-q28,2,2,Escolhas e Consequências,28,dificil,"Qual o limite de pontos na CNH, em um período de 12 meses, para um condutor que não
cometeu nenhuma infração gravíssima?",,40 pontos.,"Conforme o art. 261, Inciso I, alínea 'c' do CTB, a penalidade de suspensão do direito de dirigir
será imposta quando o infrator atingir 40 (quarenta) pontos no período de 12 meses, caso não conste
nenhuma infração gravíssima na pontuação.",50 pontos.,20 pontos.,30 pontos.,/Users/lucianodiisouza/Documents/projects/autocurso-2000/Banco Nacional de Questões.pdf
p2-m2-q29,2,2,Escolhas e Consequências,29,dificil,"Quando um agente de trânsito retém o veículo no local da fiscalização, qual tipo de
consequência está sendo aplicada?",,Medida Administrativa,"Esta é a ação imediata realizada pelo agente no momento da fiscalização para impedir que o
perigo continue.",Crime de Trânsito,Pontuação na Carteira,Penalidade,/Users/lucianodiisouza/Documents/projects/autocurso-2000/Banco Nacional de Questões.pdf
p2-m2-q30,2,2,Escolhas e Consequências,30,facil,"Quando uma infração de trânsito, como dirigir alcoolizado, se torna também um crime de
trânsito?",,"Quando o comportamento é tão grave que ultrapassa a esfera administrativa, como atingir
um certo limite no bafômetro.","O crime ocorre quando a conduta é tão perigosa que a lei prevê processo criminal, como ao
exceder 0,3 mg/L no etilômetro (bafômetro).",Sempre que o motorista é parado em uma blitz.,Infrações de trânsito e crimes de trânsito são a mesma coisa.,Apenas se o motorista causar um sinistro com vítimas,/Users/lucianodiisouza/Documents/projects/autocurso-2000/Banco Nacional de Questões.pdf
p2-m2-q31,2,2,Escolhas e Consequências,31,facil,Quantos pontos são somados na CNH por uma infração de natureza Leve?,,3 pontos,"Infrações leves, que geram menor risco imediato, resultam nesta pontuação.",7 pontos,4 pontos,5 pontos,/Users/lucianodiisouza/Documents/projects/autocurso-2000/Banco Nacional de Questões.pdf
p2-m2-q32,2,2,Escolhas e Consequências,32,facil,"Transportar uma criança sem o dispositivo de retenção adequado (bebê-conforto,
cadeirinha, etc.) é uma infração de qual natureza?",,Gravíssima,"A vulnerabilidade de uma criança em um sinistro torna essa infração uma das mais perigosas,
sendo punida com a máxima severidade.",Leve,Grave,Média,/Users/lucianodiisouza/Documents/projects/autocurso-2000/Banco Nacional de Questões.pdf
p2-m2-q33,2,2,Escolhas e Consequências,33,intermediario,"Um motorista joga uma lata de refrigerante pela janela do carro. Além de ser uma
falta de educação, como essa atitude é classificada pela legislação?",,Como uma infração de trânsito média e um ato que prejudica o meio ambiente.,"Jogar lixo pela janela é classificado como infração média, além de ser um crime ambiental que
contribui para a poluição das cidades e entupimento de bueiros. Art. 172 do CTB","Como uma atitude inadequada, mas que não gera nenhuma penalidade.","Como uma infração leve, pois não coloca a vida de ninguém em risco.","Como uma infração grave, com a mesma penalidade de furar um sinal vermelho.",/Users/lucianodiisouza/Documents/projects/autocurso-2000/Banco Nacional de Questões.pdf
p2-m2-q34,2,2,Escolhas e Consequências,34,facil,"Um motorista que ultrapassa o limite de velocidade em mais de 50% comete uma infração
gravíssima que resulta em:",,Multa multiplicada por 3 e suspensão do direito de dirigir.,"Esta combinação de penalidades é aplicada para esse nível de excesso de velocidade, refletindo
o alto risco da conduta.",Multa multiplicada por 5 e cassação da CNH.,Apenas multa com valor normal e 7 pontos na CNH.,Apenas a suspensão do direito de dirigir.,/Users/lucianodiisouza/Documents/projects/autocurso-2000/Banco Nacional de Questões.pdf
p2-m3-q1,2,3,Na Direção da Segurança,1,intermediario,"Qual a finalidade de se manter uma distância mínima de 2 metros em relação ao
veículo que segue à frente?",,Espaço suficiente para frear com segurança em caso de imprevisto.,"Este tempo/distância permite que o motorista perceba o perigo, reaja e acione os freios sem
colidir com o veículo à frente.",Uma melhor aerodinâmica e economia de combustível.,Visibilidade dos semáforos e placas de trânsito.,Que o motorista da frente não se sinta pressionado.,/Users/lucianodiisouza/Documents/projects/autocurso-2000/Banco Nacional de Questões.pdf
p2-m3-q2,2,3,Na Direção da Segurança,2,facil,"Além de enxergar bem ao dirigir, ser visto pelos outros depende de:",,Faróis e lanternas limpos e funcionando.,"É muito perigoso dirigir sem esses equipamentos ligados, acione seus fárois e lanternas para
segurança de todos.",Faróis apagados para não “incomodar”.,Películas escuras no para-brisa.,Seta desligada para surpresa.,/Users/lucianodiisouza/Documents/projects/autocurso-2000/Banco Nacional de Questões.pdf
p2-m3-q3,2,3,Na Direção da Segurança,3,facil,"Ao dirigir em uma estrada de terra, qual comportamento é essencial para manter a
segurança e o controle do veículo?",,Aumentar a distância do veículo da frente e reduzir a velocidade.,"A poeira levantada pelo veículo da frente prejudica a visibilidade e a menor aderência do piso
exige mais espaço para frenagem, tornando essas duas ações cruciais.",Dirigir com as mãos relaxadas no volante para sentir melhor o terreno.,Manter a mesma velocidade de uma rodovia asfaltada para evitar que o carro 'flutue'.,Frear bruscamente antes das curvas para garantir a máxima aderência.,/Users/lucianodiisouza/Documents/projects/autocurso-2000/Banco Nacional de Questões.pdf
p2-m3-q4,2,3,Na Direção da Segurança,4,intermediario,"Ao dirigir em uma rodovia durante o dia, qual procedimento relacionado à
iluminação do veículo é recomendado?",,Manter o farol baixo sempre aceso.,"Esta prática aumenta a visibilidade do seu veículo para os outros condutores, mesmo sob a luz
do sol.",Ligar o farol alto para ser visto de longe.,Usar apenas as luzes de neblina.,Não é necessário usar os faróis durante o dia.,/Users/lucianodiisouza/Documents/projects/autocurso-2000/Banco Nacional de Questões.pdf
p2-m3-q5,2,3,Na Direção da Segurança,5,facil,"Ao realizar uma conversão à direita, como o motorista deve posicionar o veículo antes de
iniciar a manobra?",,O mais próximo possível do bordo direito da via.,"Esta posição impede que outros veículos passem pela direita e indica claramente a intenção de
virar.",O mais próximo possível do bordo esquerdo da via.,"No meio da faixa, para ter mais espaço de manobra.",O mais próximo possível do eixo central da via.,/Users/lucianodiisouza/Documents/projects/autocurso-2000/Banco Nacional de Questões.pdf
p2-m3-q6,2,3,Na Direção da Segurança,6,intermediario,"Ao realizar uma conversão à esquerda em uma via de mão dupla, qual o
posicionamento correto a ser adotado antes de iniciar a conversão?",,"Aproximar-se do eixo central da via, sem invadir a contramão.","Este posicionamento sinaliza corretamente a intenção de virar à esquerda e organiza o fluxo de
quem segue em frente.",Aproximar-se do bordo direito da pista.,Invadir a pista contrária para ter mais espaço na curva.,Manter-se no centro da faixa de rolamento.,/Users/lucianodiisouza/Documents/projects/autocurso-2000/Banco Nacional de Questões.pdf
p2-m3-q7,2,3,Na Direção da Segurança,7,intermediario,"Ao sair de uma rodovia, quando o condutor deve começar a reduzir a velocidade?",,Somente após ter entrado completamente na faixa de desaceleração.,"A faixa de desaceleração existe justamente para que a redução de velocidade seja feita fora do
fluxo principal, com segurança.",Assim que avistar a placa indicando a saída.,"Ainda na pista principal, antes de entrar na faixa de desaceleração.","Apenas no final da faixa de desaceleração, freando bruscamente.",/Users/lucianodiisouza/Documents/projects/autocurso-2000/Banco Nacional de Questões.pdf
p2-m3-q8,2,3,Na Direção da Segurança,8,facil,"Ao se deparar com uma rotatória, quem tem a preferência de passagem?",,O veículo que já está circulando dentro dela.,"Para manter a fluidez e a segurança, a prioridade é sempre de quem já está realizando a
manobra circular.",O veículo que está entrando na rotatória.,"O veículo que vem pela direita, mesmo que vá entrar na rotatória.",O veículo maior ou mais rápido.,/Users/lucianodiisouza/Documents/projects/autocurso-2000/Banco Nacional de Questões.pdf
p2-m3-q9,2,3,Na Direção da Segurança,9,facil,"Após uma pequena colisão em uma avenida movimentada que resultou apenas em
para-choques amassados, sem feridos, o que os condutores devem fazer prioritariamente?",,"Retirar os veículos para um local seguro, como o acostamento, para liberar o fluxo de
trânsito e evitar novos sinistros.","A legislação determina que, em casos de sinistro apenas com danos materiais, os veículos
devem ser removidos para garantir a segurança e a fluidez da via.",Iniciar a troca de informações e acionar o seguro antes de mover os carros do local.,Deixar os carros na posição da batida e aguardar a chegada da polícia para fazer o registro.,"Ligar imediatamente para o SAMU (192), mesmo que ninguém aparente estar machucado.",/Users/lucianodiisouza/Documents/projects/autocurso-2000/Banco Nacional de Questões.pdf
p2-m3-q10,2,3,Na Direção da Segurança,10,dificil,"As defensas metálicas instaladas nas margens de pontes e curvas perigosas são um
exemplo de quê?",,Dispositivo auxiliar,"As defensas metálicas são um exemplo de dispositivos auxiliares, elementos físicos que
compõem a sinalização projetado para proteger veículos e reduzir a gravidade de colisões em pontes e curvas
perigosas.",Sinalização temporária,Sinalização Horizontal,Sinalização vertical,/Users/lucianodiisouza/Documents/projects/autocurso-2000/Banco Nacional de Questões.pdf
p2-m3-q11,2,3,Na Direção da Segurança,11,facil,"Até que a criança atinja 1,45 m de altura, em qual local do veículo ela deve ser
transportada?",,"No banco traseiro, utilizando o dispositivo de retenção adequado.","A legislação determina que o transporte seja feito no banco traseiro com o equipamento de
segurança correto para a idade, peso e altura.","No banco traseiro, no colo de um adulto.","No banco dianteiro, se estiver usando assento de elevação.","Em qualquer assento, desde que use o cinto de segurança do veículo",/Users/lucianodiisouza/Documents/projects/autocurso-2000/Banco Nacional de Questões.pdf
p2-m3-q12,2,3,Na Direção da Segurança,12,intermediario,É permitido levar passageiros na caçamba de uma caminhonete?,,"Não, pois oferece alto risco de queda e lesões graves, além de ser uma infração
gravíssima.","Art. 230, inciso II do CTB","Sim, se todos os passageiros estiverem sentados e segurando firmemente.","Apenas em áreas rurais, onde não há fiscalização.","Sim, desde que seja em baixa velocidade e em trajetos curtos.",/Users/lucianodiisouza/Documents/projects/autocurso-2000/Banco Nacional de Questões.pdf
p2-m3-q13,2,3,Na Direção da Segurança,13,intermediario,"Em um cruzamento não sinalizado entre duas vias de mesmo porte, qual veículo
tem a preferência?",,O veículo que estiver à direita do condutor.,"Esta é a 'regra da direita', fundamental para a organização do trânsito em cruzamentos sem
sinalização específica. Art. 215, inciso I, alínea b",O veículo que for maior.,O veículo que buzinar.,Os dois têm preferência.,/Users/lucianodiisouza/Documents/projects/autocurso-2000/Banco Nacional de Questões.pdf
p2-m3-q14,2,3,Na Direção da Segurança,14,facil,"Em uma situação onde não há nenhuma sinalização, qual regra geral de preferência deve
ser aplicada?",,A preferência é do veículo que se aproxima pela direita do condutor.,"Em um cruzamento não sinalizado, a regra geral é dar preferência a quem vem da direita.",A preferência é do veículo que está trafegando em maior velocidade.,A preferência é do veículo que está na via da esquerda.,A preferência é do veículo maior.,/Users/lucianodiisouza/Documents/projects/autocurso-2000/Banco Nacional de Questões.pdf
p2-m3-q15,2,3,Na Direção da Segurança,15,intermediario,"Qual é a principal finalidade do uso da buzina, segundo os princípios da direção
defensiva e comunicação no trânsito?",,"Alertar outros usuários da via sobre um perigo iminente ou sua presença para evitar um
sinistro.","O Código de Trânsito prevê o uso da buzina em toques breves para fazer as advertências
necessárias a fim de evitar sinistros.",Cumprimentar pedestres ou outros motoristas conhecidos.,Apressar o motorista da frente quando o semáforo abre.,Expressar irritação com uma manobra incorreta de outro condutor.,/Users/lucianodiisouza/Documents/projects/autocurso-2000/Banco Nacional de Questões.pdf
p2-m3-q16,2,3,Na Direção da Segurança,16,facil,O que o condutor deve fazer ao perceber um pedestre atravessando fora da faixa?,,Reduzir a velocidade e manter a atenção redobrada.,"Mesmo fora da faixa, a vida tem prioridade. O condutor deve reduzir e manter a atenção, pois o
pedestre é o mais vulnerável no trânsito.","Ignorar e seguir, pois o pedestre está errado.",Buzinar para advertir.,Frear bruscamente.,/Users/lucianodiisouza/Documents/projects/autocurso-2000/Banco Nacional de Questões.pdf
p2-m3-q17,2,3,Na Direção da Segurança,17,facil,O que significa ver e ser visto na direção defensiva?,,Tornar-se visível e estar atento aos demais usuários da via.,"“Ver e ser visto” é um princípio da direção defensiva que busca garantir que o condutor perceba
os outros e seja percebido, prevenindo sinistros.",Manter o carro limpo e bonito.,Dirigir apenas de dia.,Usar o farol alto o tempo todo.,/Users/lucianodiisouza/Documents/projects/autocurso-2000/Banco Nacional de Questões.pdf
p2-m3-q18,2,3,Na Direção da Segurança,18,intermediario,"O que significa dizer que, no trânsito, o motorista precisa estar sempre atento?",,"Que tudo o que o motorista faz ou deixa de fazer gera um resultado, seguro ou perigoso.","Cada ação, como uma freada brusca ou uma pequena distração, tem uma consequência direta
na segurança.",Que as regras de trânsito são subjetivas e cada um interpreta de um jeito.,Que dirigir é uma atividade automática que não exige muitas decisões.,Que todas as decisões são punidas com multa.,/Users/lucianodiisouza/Documents/projects/autocurso-2000/Banco Nacional de Questões.pdf
p2-m3-q19,2,3,Na Direção da Segurança,19,facil,O que significa ser um bom motorista?,,Seguir as regras de trânsito.,Seguir as regras é o compromisso fundamental que o condutor assume para proteger vidas.,Dirigir rapidamente para não atrapalhar o trânsito.,Conhecer atalhos para chegar mais rápido ao destino.,Ter um carro novo todo ano.,/Users/lucianodiisouza/Documents/projects/autocurso-2000/Banco Nacional de Questões.pdf
p2-m3-q20,2,3,Na Direção da Segurança,20,facil,"O que um motorista deve fazer imediatamente ao ouvir a sirene e ver as luzes de uma
ambulância se aproximando?",,Reduzir a velocidade e deslocar-se para a faixa da direita para liberar a passagem.,"O procedimento correto é facilitar a passagem do veículo de emergência de forma segura,
movendo-se para a direita.",Parar bruscamente no meio da pista onde está.,Continuar no mesmo ritmo e esperar que a ambulância desvie.,Acelerar e não deixar ela passar.,/Users/lucianodiisouza/Documents/projects/autocurso-2000/Banco Nacional de Questões.pdf
p2-m3-q21,2,3,Na Direção da Segurança,21,facil,Por que ver e ser visto é essencial no trânsito?,,"Porque se você não vê ou não é visto, o risco de sinistro aumenta.","Uma atitude simples que evita sinistros de trânsito, ligar o sistema de iluminação do veículos
(faróis e lanternas)",Porque melhora apenas o conforto do motorista.,Porque serve só para rodovias.,Porque evita gastar com manutenção.,/Users/lucianodiisouza/Documents/projects/autocurso-2000/Banco Nacional de Questões.pdf
p2-m3-q22,2,3,Na Direção da Segurança,22,intermediario,Por que a palavra 'acidente' foi substituída por 'sinistro' no trânsito?,,Para indicar que a grande maioria desses eventos é evitável e não fruto do acaso.,"A mudança de terminologia reforça a ideia de que esses eventos são consequência de escolhas
e comportamentos, e não fatalidades inevitáveis.",Para padronizar a linguagem com as companhias de seguro.,Porque 'acidente' só se aplica a rodovias.,Porque a palavra 'acidente' se aplica apenas a eventos sem vítimas fatais.,/Users/lucianodiisouza/Documents/projects/autocurso-2000/Banco Nacional de Questões.pdf
p2-m3-q23,2,3,Na Direção da Segurança,23,intermediario,Crianças menores de 10 anos podem ser transportadas em motocicletas?,,"Sim, desde que tenham condições de cuidar de sua própria segurança","Além de ser infração gravíssima com multa e suspensão do direito de dirigir. Art. 244, § 1º, alínea
c","Não, pois a lei de trânsito proíbe o transporte de qualquer passageiro em motos.","Não, porque coloca em risco a criança.","Não, porque o capacete infantil é difícil de encontrar para comprar.",/Users/lucianodiisouza/Documents/projects/autocurso-2000/Banco Nacional de Questões.pdf
p2-m3-q24,2,3,Na Direção da Segurança,24,facil,Por que é importante não realizar o ziguezague entre as faixas de trânsito?,,Porque desorienta outros motoristas e aumenta o risco de colisões.,"Trocar de faixa repetidamente é perigoso e imprevisível. Mantenha-se em uma faixa até que seja
realmente necessário mudar.",Porque aumenta o consumo de combustível.,Porque reduz a velocidade do veículo.,Porque causa desgaste nos pneus.,/Users/lucianodiisouza/Documents/projects/autocurso-2000/Banco Nacional de Questões.pdf
p2-m3-q25,2,3,Na Direção da Segurança,25,facil,Por que um condutor não deve parar em fila dupla?,,Porque atrapalha o fluxo do trânsito,"Esta atitude obstrui uma faixa de rolamento e força pedestres a desviarem para a rua,
aumentando o risco de sinistro.",Porque pode causar um congestionamento sonoro.,Porque é uma infração que causa a suspensão da CNH.,Porque gasta mais combustível do que estacionar corretamente.,/Users/lucianodiisouza/Documents/projects/autocurso-2000/Banco Nacional de Questões.pdf
p2-m3-q26,2,3,Na Direção da Segurança,26,dificil,Por que não se deve usar farol alto em situações de neblina?,,Porque a luz forte reflete nas partículas de água e piora a visibilidade.,"A luz do farol alto é refletida de volta para os olhos do motorista, formando uma 'parede de luz'
que ofusca em vez de iluminar.",Porque gasta mais bateria do que o farol baixo.,Porque o farol alto pode superaquecer e queimar.,Porque é proibido por lei usar farol alto em rodovias.,/Users/lucianodiisouza/Documents/projects/autocurso-2000/Banco Nacional de Questões.pdf
p2-m3-q27,2,3,Na Direção da Segurança,27,intermediario,Por que o condutor deve ajustar o banco e os retrovisores antes de dirigir?,,Para garantir boa visibilidade e controle do veículo.,"Ajustar o banco e os retrovisores aumenta a segurança, permitindo melhor campo de visão e
reação a imprevistos.",Para conforto apenas.,Para seguir uma exigência burocrática.,Para o carro gastar menos combustível.,/Users/lucianodiisouza/Documents/projects/autocurso-2000/Banco Nacional de Questões.pdf
p2-m3-q28,2,3,Na Direção da Segurança,28,facil,Por que o motorista deve sempre usar a seta antes de mudar de faixa ou virar?,,Para avisar os outros motoristas e tornar o trânsito previsível.,"A seta é a principal forma de comunicação no trânsito. Usá-la com antecedência avisa os demais
condutores sobre suas intenções e evita sinistros.",Para cumprir uma formalidade da lei.,Para deixar o carro mais moderno.,Porque melhora o desempenho do veículo.,/Users/lucianodiisouza/Documents/projects/autocurso-2000/Banco Nacional de Questões.pdf
p2-m3-q29,2,3,Na Direção da Segurança,29,dificil,"Qual a importância de manter os faróis baixos acesos durante o dia, especialmente em
rodovias?",,"Para aumentar a visibilidade do seu veículo para os outros motoristas, tornando-o mais
perceptível.","Lembre-se do princípio de 'ver e ser visto', que explica que essa simples atitude aumenta muito a
visibilidade do carro para os demais usuários da via, prevenindo sinistros.",Para melhorar a iluminação da pista e a visibilidade de placas de sinalização durante o dia.,"Para economizar a bateria, pois o farol baixo consome menos energia que o farol de rodagem diurna (DRL).","Para evitar multas, pois é uma exigência legal em todas as vias urbanas e rurais durante o dia.",/Users/lucianodiisouza/Documents/projects/autocurso-2000/Banco Nacional de Questões.pdf
p2-m3-q30,2,3,Na Direção da Segurança,30,dificil,Qual a principal diferença entre uma rodovia e uma estrada?,,Rodovias são vias rurais pavimentadas e estradas são vias rurais não pavimentadas.,"A pavimentação (asfalto ou concreto) é o que caracteriza uma rodovia, enquanto estradas são
vias não pavimentadas. Glossário do CTB",Rodovias ligam cidades e estradas ligam bairros.,Rodovias possuem pedágio e estradas não.,Rodovias são para carros e estradas para caminhões.,/Users/lucianodiisouza/Documents/projects/autocurso-2000/Banco Nacional de Questões.pdf
p2-m3-q31,2,3,Na Direção da Segurança,31,facil,Qual comportamento demonstra direção defensiva?,,Ajustar a velocidade conforme o clima e as condições da via.,"A velocidade segura depende das condições do ambiente. Reduzir em caso de chuva, neblina
ou tráfego intenso é um sinal de prudência e consciência.",Tentar ultrapassar sempre que possível.,Ignorar motociclistas que passam pelo corredor.,Usar o celular apenas em semáforos vermelhos.,/Users/lucianodiisouza/Documents/projects/autocurso-2000/Banco Nacional de Questões.pdf
p2-m3-q32,2,3,Na Direção da Segurança,32,facil,Qual dispositivo de retenção infantil é indicado para uma criança de 2 anos com 13 kg?,,"Cadeirinha, virada para frente.","Para a faixa de 1 a 4 anos (ou de 9 a 18 kg), a cadeirinha instalada virada para frente é o
equipamento correto.",Assento de elevação.,Apenas o cinto de segurança do banco traseiro.,"Bebê conforto, virado para trás.",/Users/lucianodiisouza/Documents/projects/autocurso-2000/Banco Nacional de Questões.pdf
p2-m3-q33,2,3,Na Direção da Segurança,33,dificil,"Qual é a distância lateral mínima que um motorista deve manter ao ultrapassar um
ciclista?",,"1,5 metro.","Esta é a distância necessária para evitar provocar desequilíbrio e garantir a segurança, sendo o
desrespeito uma infração média. Art. 201 do CTB","2,0 metros.","0,5 metro.","1,0 metro.",/Users/lucianodiisouza/Documents/projects/autocurso-2000/Banco Nacional de Questões.pdf
p2-m3-q34,2,3,Na Direção da Segurança,34,dificil,Qual é a função da faixa de aceleração ao entrar em uma via de trânsito rápido?,,Aumentar a velocidade para se igualar ao fluxo da via principal.,"O propósito desta faixa é permitir que o veículo ganhe velocidade de forma segura antes de
ingressar no fluxo de tráfego intenso.",Aguardar parado até que haja uma brecha no trânsito.,Servir como acostamento temporário para emergências.,Reduzir a velocidade antes de entrar na pista principal.,/Users/lucianodiisouza/Documents/projects/autocurso-2000/Banco Nacional de Questões.pdf
p2-m3-q35,2,3,Na Direção da Segurança,35,facil,O que significa o princípio “o maior cuida do menor” no trânsito?,,"O condutor de um veículo motorizado tem a responsabilidade de zelar pela segurança de
ciclistas e pedestres.","O princípio ""o maior cuida do menor"" significa que veículos maiores ou mais rápidos devem ter
atenção redobrada e proteger os mais vulneráveis, como pedestres, ciclistas e motociclistas.","Veículos maiores, como caminhões, sempre têm a preferência.","Apenas veículos de emergência, como ambulâncias, precisam seguir esta regra.",Pedestres e ciclistas devem sempre ceder a passagem para os carros.,/Users/lucianodiisouza/Documents/projects/autocurso-2000/Banco Nacional de Questões.pdf
p2-m3-q36,2,3,Na Direção da Segurança,36,intermediario,"Qual é a principal razão para manter os faróis baixos acesos durante o dia em
rodovias, conforme a prática de 'ver e ser visto'?",,"Para que outros motoristas, mesmo a longas distâncias, percebam a presença do seu
veículo mais facilmente.","A luz acesa torna o veículo muito mais visível para os outros, tanto para quem vem em sentido
contrário quanto para quem olha pelo retrovisor, prevenindo sinistros.",Para evitar o desgaste do sistema de iluminação noturna do veículo.,Para iluminar a pista e enxergar buracos com mais facilidade sob o sol.,Porque o farol alto pode ser usado durante o dia e o baixo é uma alternativa.,/Users/lucianodiisouza/Documents/projects/autocurso-2000/Banco Nacional de Questões.pdf
p2-m3-q37,2,3,Na Direção da Segurança,37,dificil,"Qual é a principal razão pela qual crianças não devem ser transportadas no banco
dianteiro?",,Porque o airbag dianteiro pode ser perigoso para elas.,"A força de expansão do airbag é projetada para um adulto e pode causar lesões graves ou fatais
em uma criança.",Porque elas podem distrair o motorista.,Porque elas podem se distrair com a paisagem mais facilmente.,Porque a lei permite apenas maiores de 18 anos no banco da frente.,/Users/lucianodiisouza/Documents/projects/autocurso-2000/Banco Nacional de Questões.pdf
p2-m3-q38,2,3,Na Direção da Segurança,38,intermediario,Qual é a principal razão pela qual manusear o celular ao volante é tão perigoso?,,"Porque o desvio de atenção, mesmo por poucos segundos, faz o carro percorrer uma longa
distância sem o motorista estar prestando atenção.","A principal razão é que o ato de manusear o celular causa uma distração visual e cognitiva que,
devido à velocidade, faz o veículo percorrer longas distâncias sem a atenção do motorista, impedindo a reação
a eventos críticos e aumentando drasticamente o risco de acidentes.",Porque a multa é muito cara.,Porque pode danificar o aparelho celular em caso de freada brusca.,Porque é uma das infrações grave.,/Users/lucianodiisouza/Documents/projects/autocurso-2000/Banco Nacional de Questões.pdf
p2-m3-q39,2,3,Na Direção da Segurança,39,intermediario,"Qual é a principal restrição de peso para um veículo ser conduzido com a
Categoria B da CNH?",,O peso bruto total não pode passar de 3.500 kg.,"De acordo com o art. 143, inciso III do CTB, a principal restrição de peso para a Categoria B é
que o Peso Bruto Total (PBT) não exceda a 3.500 kg, pois veículos de carga acima desse peso exigem a
Categoria C.",O veículo não pode ter mais de 1.500 kg.,O peso do veículo não pode ultrapassar o do motorista.,"Não há restrição de peso, apenas de lugares.",/Users/lucianodiisouza/Documents/projects/autocurso-2000/Banco Nacional de Questões.pdf
p2-m3-q40,2,3,Na Direção da Segurança,40,facil,Qual é a recomendação para o uso do acostamento em uma rodovia?,,"Usá-lo apenas em casos de emergência, como pane mecânica.","O acostamento é uma área de segurança destinada exclusivamente a paradas emergenciais,
devidamente sinalizadas.",Parar para atender ao celular ou descansar.,Utilizá-lo para fazer ultrapassagens mais rápidas.,Trafegar por ele quando o trânsito na pista principal estiver lento.,/Users/lucianodiisouza/Documents/projects/autocurso-2000/Banco Nacional de Questões.pdf
p2-m3-q41,2,3,Na Direção da Segurança,41,facil,Qual é a regra fundamental ao se aproximar de uma faixa de pedestres?,,"Reduzir a velocidade e parar, pois a preferência é sempre do pedestre na faixa.","A lei é clara: se houver pedestre atravessando ou com intenção de atravessar, o condutor deve
parar.",Acelerar para passar antes que o pedestre comece a atravessar.,Manter a velocidade se o pedestre ainda não colocou o pé na faixa.,Buzinar para alertar o pedestre da sua aproximação.,/Users/lucianodiisouza/Documents/projects/autocurso-2000/Banco Nacional de Questões.pdf
p2-m3-q42,2,3,Na Direção da Segurança,42,dificil,"Qual é a velocidade máxima permitida em uma via local, como a rua de um bairro
residencial?",,30 km/h,"O art. 61, § 1º, I, ""d"" do CTB estabelece que a velocidade máxima, na ausência de sinalização, é
de 30 km/h nas Vias Locais",40 km/h,60 km/h,80 km/h,/Users/lucianodiisouza/Documents/projects/autocurso-2000/Banco Nacional de Questões.pdf
p2-m3-q43,2,3,Na Direção da Segurança,43,facil,"Qual equipamento de proteção, além do capacete, é altamente recomendado para proteger
as mãos em caso de queda de motocicleta?",,Luvas específicas para motociclismo.,"As mãos são frequentemente as primeiras a tocar o chão em uma queda, e luvas apropriadas
protegem contra abrasões e impactos.",Calçados abertos.,Bermudas.,Óculos de sol.,/Users/lucianodiisouza/Documents/projects/autocurso-2000/Banco Nacional de Questões.pdf
p2-m3-q44,2,3,Na Direção da Segurança,44,facil,"Qual prática de segurança é fundamental para aumentar a visibilidade do motociclista e
ajudar outros condutores a percebê-lo com mais facilidade no trânsito?",,"Manter o farol baixo sempre aceso, mesmo durante o dia.","O farol aceso cria um ponto de luz que se destaca na paisagem do trânsito, permitindo que
outros motoristas identifiquem a presença e a distância da motocicleta com mais antecedência.",Posicionar-se sempre no ponto cego dos carros para se proteger.,Buzinar frequentemente em cruzamentos para anunciar sua presença.,Utilizar roupas escuras para não distrair outros motoristas.,/Users/lucianodiisouza/Documents/projects/autocurso-2000/Banco Nacional de Questões.pdf
p2-m3-q45,2,3,Na Direção da Segurança,45,facil,"Se você perceber que passou da saída que precisava pegar, qual é a atitude mais segura a
ser tomada?",,Seguir em frente com segurança e procurar o próximo retorno.,Esta é a forma de evitar riscos que permite realizar a manobra com tranquilidade.,Parar no acostamento e esperar uma oportunidade para cruzar as faixas.,Fazer uma manobra brusca de última hora para tentar entrar na saída.,Dar ré na avenida para voltar até a saída.,/Users/lucianodiisouza/Documents/projects/autocurso-2000/Banco Nacional de Questões.pdf
p2-m3-q46,2,3,Na Direção da Segurança,46,intermediario,"Dirigir com segurança é, principalmente, um conjunto de:",,Hábitos e escolhas conscientes.,"O texto conclui que a direção segura é resultado de atitudes como respeito, empatia e escolhas
deliberadas, que se tornam hábitos.",Capacidade de dirigir em alta velocidade.,Conhecimento profundo da mecânica do veículo.,Habilidades naturais,/Users/lucianodiisouza/Documents/projects/autocurso-2000/Banco Nacional de Questões.pdf
p2-m3-q47,2,3,Na Direção da Segurança,47,facil,"Sobre o uso do cinto de segurança no banco de trás, o que podemos afirmar?",,É obrigatório para todos os passageiros.,"Em uma colisão, um passageiro solto no banco de trás pode ser arremessado com força fatal.
Art. 65 do CTB",É obrigatório apenas em viagens intermunicipais.,"É recomendado, mas não obrigatório.",É obrigatório apenas para crianças.,/Users/lucianodiisouza/Documents/projects/autocurso-2000/Banco Nacional de Questões.pdf
p2-m3-q48,2,3,Na Direção da Segurança,48,facil,"Um condutor com habilitação na categoria B está autorizado a dirigir qual dos seguintes
veículos?",,Uma picape leve com peso total de 3.000 kg e capacidade para 5 pessoas.,"A Categoria B permite a condução de veículos cujo peso bruto total não exceda 3.500 kg e cuja
lotação não exceda 8 lugares, excluído o do motorista. Artigo 143, inciso II",Uma motocicleta de 250 cilindradas.,Um caminhão pequeno com peso bruto total de 4.000 kg.,Uma van escolar com capacidade para 12 passageiros.,/Users/lucianodiisouza/Documents/projects/autocurso-2000/Banco Nacional de Questões.pdf
p2-m4-q1,2,4,"Cuidar, Agir e Preservar",1,facil,O que um condutor recém-habilitado com a Categoria A está autorizado a pilotar?,,"Motocicletas, motonetas e ciclomotores.","Esta categoria abrange todos os veículos motorizados de duas ou três rodas, conforme descrito
na fonte.","Qualquer tipo de motocicleta, exceto triciclos motorizados.",Apenas motocicletas de até 50 cilindradas.,Veículos de duas rodas e picapes leves.,/Users/lucianodiisouza/Documents/projects/autocurso-2000/Banco Nacional de Questões.pdf
p2-m4-q2,2,4,"Cuidar, Agir e Preservar",2,facil,"Sobre o uso de capacete danificado ou que já sofreu um impacto, o que deve ser feito?",,"Nunca deve ser utilizado, pois sua eficácia está comprometida.","Um capacete que sofreu impacto pode ter danos estruturais não visíveis que o tornam incapaz
de proteger adequadamente em um novo sinistro.",Deve ser consertado em um local especializado.,"Pode ser emprestado, desde que o novo usuário verifique a fivela.",Pode ser usado em trajetos curtos e de baixa velocidade.,/Users/lucianodiisouza/Documents/projects/autocurso-2000/Banco Nacional de Questões.pdf
p2-m4-q3,2,4,"Cuidar, Agir e Preservar",3,facil,"A citação ""No trânsito, o equilíbrio emocional é tão importante quanto o freio do carro""
significa que:",,O autocontrole emocional é um item de segurança essencial para prevenir sinistros.,"A citação compara o equilíbrio emocional (que controla os impulsos e permite tomar decisões
racionais) ao freio (que controla a velocidade e para o carro), ambos sendo cruciais para a segurança.",Dirigir triste ou com raiva pode causar problemas mecânicos no sistema de freios.,É desnecessário ter um controle emocional para saber usar o freio corretamente em uma emergência.,Pessoas muito emotivas não deveriam ser autorizadas a dirigir.,/Users/lucianodiisouza/Documents/projects/autocurso-2000/Banco Nacional de Questões.pdf
p2-m4-q4,2,4,"Cuidar, Agir e Preservar",4,facil,"Ao ligar para um número de emergência como o SAMU (192), qual das informações a seguir
é a mais crucial para agilizar o atendimento?",,A localização exata do sinistro e o número de vítimas.,"Saber onde ir e quantos recursos (ambulâncias, médicos) enviar é a informação mais crítica para
que o socorro chegue rápido e preparado.",O seu nome completo e número de telefone para contato.,"Quem foi o culpado pela colisão, para o registro da ocorrência.",O modelo e a cor dos veículos envolvidos no sinistro.,/Users/lucianodiisouza/Documents/projects/autocurso-2000/Banco Nacional de Questões.pdf
p2-m4-q5,2,4,"Cuidar, Agir e Preservar",5,intermediario,"Ao presenciar um sinistro, você vê um motociclista caído no chão, consciente, mas
reclamando de dor. Qual das seguintes ações é considerada um erro grave que pode piorar muito o
estado da vítima?",,Tentar remover o capacete do motociclista para ajudá-lo a respirar melhor.,"A retirada do capacete só deve ser feita por profissionais, pois um movimento incorreto pode
causar lesões gravíssimas na coluna cervical.",Sinalizar o local com o triângulo de segurança a uma distância adequada.,Conversar com a vítima para acalmá-la enquanto o socorro não chega.,Ligar para o número 193 (Bombeiros) para solicitar resgate.,/Users/lucianodiisouza/Documents/projects/autocurso-2000/Banco Nacional de Questões.pdf
p2-m4-q6,2,4,"Cuidar, Agir e Preservar",6,intermediario,"Ao prestar assistência a uma vítima de sinistro, o que significa 'não remova, não
movimente, não transporte'?",,"Que qualquer movimento pode agravar lesões ocultas, especialmente na coluna, e só deve
ser feito por profissionais ou em caso de perigo iminente.","Esta é a essência da regra: a movimentação inadequada é um risco grave de agravar fraturas e
lesões na coluna, sendo a exceção apenas situações extremas como incêndio.",Que a vítima deve permanecer exatamente na mesma posição em que foi encontrada até a conclusão da perícia técnica.,"Que a vítima não deve ser tocada em nenhuma circunstância, nem mesmo para confortá-la.","Que é ilegal mover uma vítima de sinistro, configurando crime de lesão corporal culposa.",/Users/lucianodiisouza/Documents/projects/autocurso-2000/Banco Nacional de Questões.pdf
p2-m4-q7,2,4,"Cuidar, Agir e Preservar",7,facil,"Ao registrar um sinistro sem vítimas, por que é importante que os motoristas tirem fotos
dos danos nos veículos e dos documentos um do outro?",,"Para ter um registro claro que pode ser usado no acionamento no momento de reparação
do dano.","As fotografias servem como prova documental dos danos e dos dados dos envolvidos, facilitando
os procedimentos com a seguradora e, se necessário, com as autoridades.",Apenas para ter uma lembrança do que aconteceu e evitar que se repita.,Para enviar para a oficina mecânica e já obter um orçamento dos reparos.,Para postar nas redes sociais e alertar os amigos sobre o ocorrido.,/Users/lucianodiisouza/Documents/projects/autocurso-2000/Banco Nacional de Questões.pdf
p2-m4-q8,2,4,"Cuidar, Agir e Preservar",8,dificil,"Ao se deparar com um sinistro envolvendo um veículo que transporta cargas perigosas,
identificado pelo painel laranja, qual é o procedimento mais seguro a ser seguido?",,"Manter uma distância mínima de 50 metros, posicionar-se contra o vento e informar o
número do painel aos bombeiros.","Este procedimento combina as principais recomendações de segurança: manter distância, evitar
a inalação de gases tóxicos (posicionando-se a favor do vento, não contra) e fornecer informações cruciais
para o socorro especializado.",Utilizar o extintor do seu carro para conter qualquer princípio de incêndio e evacuar as vítimas do local.,Sinalizar o local com o triângulo a 30 metros e aguardar dentro do seu veículo a chegada do socorro.,Aproximar-se para identificar o número no painel e prestar os primeiros socorros imediatamente.,/Users/lucianodiisouza/Documents/projects/autocurso-2000/Banco Nacional de Questões.pdf
p2-m4-q9,2,4,"Cuidar, Agir e Preservar",9,intermediario,"Ao se deparar com uma vítima de sinistro que não responde e parece não respirar,
o que uma pessoa sem treinamento em reanimação deve fazer?",,Informar imediatamente ao SAMU (192) e seguir as orientações do atendente por telefone.,"O atendente do SAMU é treinado para dar instruções precisas por telefone, guiando a pessoa no
local sobre como proceder de forma segura até a chegada da ambulância.",Virar a vítima de lado para que ela possa respirar melhor.,Jogar água no rosto da vítima para tentar acordá-la.,"Tentar fazer massagem cardíaca de qualquer jeito, pois é melhor que nada.",/Users/lucianodiisouza/Documents/projects/autocurso-2000/Banco Nacional de Questões.pdf
p2-m4-q10,2,4,"Cuidar, Agir e Preservar",10,dificil,"Dirigir com pneus murchos, além de perigoso, causa um impacto negativo específico.
Qual é ele?",,Aumenta o consumo de combustível.,"Pneus com pressão abaixo da ideal aumentam a área de contato com o solo e,
consequentemente, o arrasto, forçando o motor a trabalhar mais.",Aumenta a poluição sonora do veículo.,Danifica o sistema de escapamento do carro.,Causa superaquecimento no sistema de freios.,/Users/lucianodiisouza/Documents/projects/autocurso-2000/Banco Nacional de Questões.pdf
p2-m4-q11,2,4,"Cuidar, Agir e Preservar",11,dificil,Dirigir com sono é tão perigoso quanto dirigir alcoolizado. Por qual motivo principal?,,"Porque a sonolência reduz os reflexos, a atenção e a capacidade de reagir.","A comparação é feita porque o sono, assim como o álcool, afeta gravemente as funções
neurológicas essenciais para uma direção segura, como tempo de reação e percepção de perigo.",Porque tanto o sono quanto o álcool causam visão dupla no motorista.,Porque te deixa alegre e agitado.,Porque dirigir com sono pode causar multas de trânsito,/Users/lucianodiisouza/Documents/projects/autocurso-2000/Banco Nacional de Questões.pdf
p2-m4-q12,2,4,"Cuidar, Agir e Preservar",12,intermediario,"Durante o atendimento a uma vítima de sinistro que está consciente e com frio, o
que é permitido fazer enquanto o socorro não chega?",,Cobri-la com um casaco ou cobertor para aquecê-la.,"Manter a vítima aquecida ajuda a estabilizar sua condição e a mantê-la confortável, sendo uma
das poucas intervenções seguras que uma pessoa leiga pode fazer.","Movê-la para um local mais confortável, como a sombra.",Dar um copo de água com açúcar para acalmá-la.,Passar um remédio para dor que você tenha no carro.,/Users/lucianodiisouza/Documents/projects/autocurso-2000/Banco Nacional de Questões.pdf
p2-m4-q13,2,4,"Cuidar, Agir e Preservar",13,intermediario,"Durante uma longa viagem noturna, um motorista percebe que está bocejando
com frequência e que, por alguns instantes, teve dificuldade em manter o foco na estrada. Qual a ação
correta e imediata a ser tomada?",,"Procurar um local seguro, como um posto de gasolina ou ponto de parada, para estacionar
e descansar por um tempo.",Dirigir com sono é tão perigoso quanto dirigir alcoolizado,"Acelerar para diminuir o tempo de viagem e, assim, poder descansar ao chegar ao destino.",Beber um café forte ou um energético e continuar a viagem para chegar ao destino mais rápido.,"Aumentar o volume do rádio e abrir as janelas, pois isso é suficiente para despertar.",/Users/lucianodiisouza/Documents/projects/autocurso-2000/Banco Nacional de Questões.pdf
p2-m4-q14,2,4,"Cuidar, Agir e Preservar",14,facil,"Em um sinistro sem vítimas, onde os veículos obstruem o trânsito, qual é a ação prioritária
que os condutores devem tomar após garantirem a própria segurança?",,"Retirar os veículos da via para um local seguro para não obstruir o tráfego e evitar novos
sinistros.","Se não houver feridos e os veículos estiverem bloqueando o trânsito, eles devem ser removidos
para liberar a via e aumentar a segurança. Art. 178 do CTB","Ligar para o SAMU (192) como precaução, mesmo que ninguém aparente estar ferido.",Aguardar a chegada da autoridade policial para registrar a ocorrência antes de mover os veículos.,Fotografar os danos e a posição dos veículos na via antes de qualquer movimentação para garantir o registro.,/Users/lucianodiisouza/Documents/projects/autocurso-2000/Banco Nacional de Questões.pdf
p2-m4-q15,2,4,"Cuidar, Agir e Preservar",15,intermediario,"Joana teve uma discussão estressante no trabalho e, ao entrar no carro para
voltar para casa, sente muita raiva. No trânsito, outro motorista a fecha. Qual é a atitude mais segura e
responsável que Joana pode tomar nessa situação?",,"Respirar fundo algumas vezes, reconhecer que está com raiva e focar em dirigir com calma
para chegar em segurança.","O gerenciamento das emoções, como reconhecer o sentimento e agir com calma, é fundamental
para manter a segurança e evitar decisões impulsivas no trânsito.",Anotar a placa do outro carro para registrar uma queixa formal contra o motorista depois.,Ligar para um colega para desabafar sobre a discussão e sobre o motorista que a fechou.,Acelerar para alcançar o outro veículo e buzinar para expressar sua indignação.,/Users/lucianodiisouza/Documents/projects/autocurso-2000/Banco Nacional de Questões.pdf
p2-m4-q16,2,4,"Cuidar, Agir e Preservar",16,dificil,O que significa dizer que os pneus são responsáveis pela 'aquaplanagem'?,,"Que pneus gastos perdem a capacidade de expulsar a água da pista, fazendo o veículo
flutuar sobre ela e perder o controle.","Os sulcos dos pneus são projetados para drenar a água. Quando estão gastos ('carecas'), essa
drenagem falha, e uma camada de água se forma entre o pneu e o asfalto.",Que pneus de baixa qualidade podem absorver água e aumentar o peso do veículo na chuva.,Que a calibragem não é importante.,Que os pneus podem ser velhos que funcionarão.,/Users/lucianodiisouza/Documents/projects/autocurso-2000/Banco Nacional de Questões.pdf
p2-m4-q17,2,4,"Cuidar, Agir e Preservar",17,intermediario,"O que um motociclista deve verificar em seu capacete para garantir que ele está
em conformidade para circular?",,"Verificar se o capacete sofreu algum impacto ou dano estrutural e não usar se estiver
danificado.","É importante fazer a verificação do equipamento de segurança para garantir a segurança do
motociclista e a eficiência do equipamento.",Se a marca do capacete é igual ao da moto.,Se ele possui adesivos.,Se a viseira é espelhada.,/Users/lucianodiisouza/Documents/projects/autocurso-2000/Banco Nacional de Questões.pdf
p2-m4-q18,2,4,"Cuidar, Agir e Preservar",18,intermediario,"Para garantir a segurança e a durabilidade do veículo, a manutenção preventiva é
essencial. Com que frequência e em que condição os pneus devem ser calibrados?",,"Semanalmente, com os pneus frios, seguindo a pressão indicada no manual do veículo.","Esta é a recomendação correta para garantir a pressão ideal, o que melhora a segurança, a
durabilidade dos pneus e a economia de combustível.","Apenas quando parecerem visivelmente murchos, usando qualquer pressão.","Uma vez por mês, enchendo-os um pouco acima do recomendado para durar mais.","A cada seis meses, com os pneus quentes para a pressão se ajustar melhor.",/Users/lucianodiisouza/Documents/projects/autocurso-2000/Banco Nacional de Questões.pdf
p2-m4-q19,2,4,"Cuidar, Agir e Preservar",19,facil,"Para proteger o meio ambiente, qual das atitudes abaixo deve ser EVITADA por um
condutor consciente?",,Circular com o carro soltando fumaça preta e com o escapamento furado.,"Fumaça preta indica queima incorreta de combustível, liberando altos níveis de poluição, e um
escapamento furado causa poluição sonora excessiva.",Calibrar os pneus do carro toda semana.,Fazer a manutenção preventiva do veículo regularmente.,Planejar a rota antes de sair para evitar engarrafamentos.,/Users/lucianodiisouza/Documents/projects/autocurso-2000/Banco Nacional de Questões.pdf
p2-m4-q20,2,4,"Cuidar, Agir e Preservar",20,dificil,"Para que o airbag funcione de forma eficaz e segura, o uso de qual outro item é crucial?",,Cinto de segurança.,"O cinto mantém o corpo do ocupante na posição correta, evitando que ele seja lançado contra o
airbag em expansão.",Calçados adequados.,Freios ABS.,limpador de parabrisas.,/Users/lucianodiisouza/Documents/projects/autocurso-2000/Banco Nacional de Questões.pdf
p2-m4-q21,2,4,"Cuidar, Agir e Preservar",21,intermediario,"Por que é errado fotografar ou filmar vítimas em um local de sinistro para divulgar
na internet?",,Porque desrespeita a dignidade das pessoas envolvidas e atrapalha o trabalho do socorro.,"A legislação protege a imagem e a dignidade da pessoa. Além disso, a ação de filmar desvia o
foco de quem poderia estar ajudando e interfere no trabalho dos profissionais.",Porque a câmera do celular pode atrapalhar os equipamentos da equipe de resgate.,Porque as imagens podem ser consideradas falsas e gerar pânico.,Porque apenas jornalistas profissionais têm autorização para registrar essas cenas.,/Users/lucianodiisouza/Documents/projects/autocurso-2000/Banco Nacional de Questões.pdf
p2-m4-q22,2,4,"Cuidar, Agir e Preservar",22,intermediario,"Por que o manual do proprietário é considerado a ferramenta mais importante
para a manutenção preventiva do veículo?",,"Porque traz um cronograma de revisões desenvolvido pelos engenheiros que projetaram o
carro, detalhando o que e quando verificar.","O manual contém o cronograma exato de revisões, criado por quem conhece o veículo em
profundidade, e seguir essas recomendações é fundamental.",Porque ensina o proprietário a ser mecânico.,Porque sem ele o veículo não anda.,Porque contém os contatos de todas as oficinas mecânicas credenciadas pela montadora.,/Users/lucianodiisouza/Documents/projects/autocurso-2000/Banco Nacional de Questões.pdf
p2-m4-q23,2,4,"Cuidar, Agir e Preservar",23,facil,"Qual das alternativas de mobilidade é apresentada como ideal para trajetos pequenos,
combinando benefícios para a saúde, custo zero e impacto ambiental nulo?",,Caminhada.,"A caminhada para trajetos pequenos é uma das melhores formas de deslocamento, trazendo os
benefícios à saúde e o custo e poluição zero.",Caronas Solidárias.,utilziar a motocicleta,utilizar o ciclomotor,/Users/lucianodiisouza/Documents/projects/autocurso-2000/Banco Nacional de Questões.pdf
p2-m4-q24,2,4,"Cuidar, Agir e Preservar",24,intermediario,"Qual dos seguintes meios de transporte é considerado o mais sustentável para a
preservação do meio ambiente?",,Bicicleta.,"A bicicleta é o meio de transporte mais sustentável para a preservação do meio ambiente, pois
não utiliza combustíveis fósseis, não emite poluentes e contribui para a redução do tráfego e da poluição
sonora.",Transporte Público.,Carro elétrico.,Motocicleta.,/Users/lucianodiisouza/Documents/projects/autocurso-2000/Banco Nacional de Questões.pdf
p2-m4-q25,2,4,"Cuidar, Agir e Preservar",25,intermediario,"Qual das seguintes ações é um exemplo de condução ecológica que ajuda a
reduzir o consumo de combustível e a poluição do ar?",,"Acelerar de forma suave e progressiva, antecipando as paradas para evitar freadas
bruscas.","Dirigir de maneira suave mantém o motor em uma faixa de rotação mais eficiente, economizando
combustível e diminuindo a emissão de poluentes.",Manter o ar-condicionado sempre ligado na potência máxima para o motor funcionar melhor.,Retirar o catalisador do escapamento para dar mais potência ao veículo.,Acelerar e frear bruscamente para tornar o fluxo do trânsito mais dinâmico.,/Users/lucianodiisouza/Documents/projects/autocurso-2000/Banco Nacional de Questões.pdf
p2-m4-q26,2,4,"Cuidar, Agir e Preservar",26,dificil,"Qual das seguintes práticas de 'Condução Ecológica' tem o maior impacto na economia
de combustível?",,Manter os pneus sempre bem calibrados.,"A calibragem correta dos pneus pode gerar uma economia de até 8% no consumo de
combustível, um valor percentual direto mencionado.",Acelerar forte.,Deixar o porta-malas cheio de coisa desnecessária.,Deixar de desligar o motor em paradas longas.,/Users/lucianodiisouza/Documents/projects/autocurso-2000/Banco Nacional de Questões.pdf
p2-m4-q27,2,4,"Cuidar, Agir e Preservar",27,facil,"Qual dos números de emergência listados é o mais indicado para ligar em caso de um
sinistro em uma rodovia federal?",,191 - Polícia Rodoviária Federal (PRF),"A PRF é a autoridade responsável pela fiscalização e atendimento de ocorrências em rodovias
federais.",190 - Polícia Militar,192 - SAMU,193 - Bombeiros,/Users/lucianodiisouza/Documents/projects/autocurso-2000/Banco Nacional de Questões.pdf
p2-m4-q28,2,4,"Cuidar, Agir e Preservar",28,intermediario,Qual é a principal vantagem ambiental do etanol como combustível no Brasil?,,"É um combustível renovável que contribui para a redução da emissão de gases de efeito
estufa na frota de veículos.","É um combustível renovável (de cana-de-açúcar, etc.) e um dos principais responsáveis pela
redução das emissões de gases poluentes no país.",Não deve ser considerado como opção.,É feito de petróleo.,Pode ser utilizado em veículos feito para gasolina.,/Users/lucianodiisouza/Documents/projects/autocurso-2000/Banco Nacional de Questões.pdf
p2-m4-q29,2,4,"Cuidar, Agir e Preservar",29,dificil,"Qual é o principal motivo para NÃO oferecer água, comida ou medicamentos a uma vítima
de sinistro de trânsito?",,"Porque pode causar complicações médicas graves, como durante uma cirurgia.","A ingestão de qualquer substância pode interferir na anestesia ou em outros procedimentos
médicos de emergência que a vítima possa precisar.",Porque a vítima pode não estar com sede ou fome no momento.,"Para evitar engasgos, já que a vítima pode estar deitada.",Porque é responsabilidade exclusiva da família oferecer alimentos à vítima.,/Users/lucianodiisouza/Documents/projects/autocurso-2000/Banco Nacional de Questões.pdf
p2-m4-q30,2,4,"Cuidar, Agir e Preservar",30,dificil,"Qual é o princípio fundamental da filosofia 'Visão Zero', que influencia as estratégias
modernas de segurança no trânsito?",,"A responsabilidade pela prevenção de mortes e lesões graves é compartilhada por todo o
sistema viário, não apenas pelo condutor.","Visão Zero parte da premissa de que o erro humano é inevitável e, portanto, o sistema (vias,
veículos, leis) deve ser projetado para que esses erros não tenham consequências fatais.",A meta é eliminar completamente os erros humanos na condução por meio de tecnologia autônoma.,"A prioridade máxima é a fluidez do tráfego, pois congestionamentos geram comportamentos de risco.",O objetivo é zerar o número de multas de trânsito através de uma educação mais rigorosa dos condutores.,/Users/lucianodiisouza/Documents/projects/autocurso-2000/Banco Nacional de Questões.pdf
p2-m4-q31,2,4,"Cuidar, Agir e Preservar",31,intermediario,"Se a luz indicadora do airbag no painel do carro permanecer acesa após ligar o
veículo, o que isso pode indicar?",,Uma possível falha no sistema do airbag.,"A permanência da luz acesa é um sinal de alerta de que o sistema pode não funcionar
corretamente em caso de colisão.",Que o sistema está ativado e pronto para uso.,Que o veículo está em modo de segurança para estacionamento.,Que o óleo está baixo.,/Users/lucianodiisouza/Documents/projects/autocurso-2000/Banco Nacional de Questões.pdf
p2-m4-q32,2,4,"Cuidar, Agir e Preservar",32,facil,"Se um motorista sai do carro para se alongar durante uma viagem longa, qual benefício
direto essa ação traz para a segurança?",,Ajuda a combater o cansaço e a sonolência.,"Ao sair do carro, caminhar e respirar ar fresco são medidas eficazes para recuperar o estado de
alerta durante pausas.",Diminui o tempo total da viagem.,Permite verificar a calibragem dos pneus.,Melhora o consumo de combustível do veículo.,/Users/lucianodiisouza/Documents/projects/autocurso-2000/Banco Nacional de Questões.pdf
p2-m4-q33,2,4,"Cuidar, Agir e Preservar",33,intermediario,"Um carro bate em um poste, e cabos elétricos caem sobre ele. O que o motorista,
que não se feriu, deve fazer enquanto está dentro do veículo?",,"Permanecer dentro do veículo sem tocar nas partes metálicas e ligar para os bombeiros
(193).","O interior do veículo é o local mais seguro. A recomendação é ficar imóvel, evitar contato com o
metal e acionar os bombeiros, que são treinados para lidar com riscos elétricos.",Tentar empurrar os cabos para longe do carro com um objeto não condutor.,"Sair imediatamente do carro, tomando cuidado para não tocar nos fios.",Abrir a porta do veículo.,/Users/lucianodiisouza/Documents/projects/autocurso-2000/Banco Nacional de Questões.pdf
p2-m4-q34,2,4,"Cuidar, Agir e Preservar",34,facil,"Um motorista envolvido em um sinistro percebe um cheiro de combustível e fumaça
saindo de um dos carros. Qual deve ser a sua prioridade máxima?",,"Garantir a própria segurança e a de outros, afastando-se do local e acionando os
bombeiros.","Fumaça e vazamento de combustível indicam risco de incêndio ou explosão. A primeira ação
deve ser sempre proteger a vida, afastando-se e chamando socorro especializado.",Tentar ligar o carro novamente para tirá-lo do local.,Avaliar os danos materiais para acionar o seguro.,Pegar o extintor de incêndio e tentar apagar a fumaça.,/Users/lucianodiisouza/Documents/projects/autocurso-2000/Banco Nacional de Questões.pdf
p2-m4-q35,2,4,"Cuidar, Agir e Preservar",35,facil,"Dirigir com sono, mesmo que por poucos segundos, pode causar:",,Perda de controle do veículo e maior chance de acidente.,"Cochilar, mesmo por poucos segundos, pode fazer o carro percorrer metros sem controle,
aumentando muito o risco de acidentes.","Nenhum problema, se o cochilo for rápido.","Apenas distração leve, sem risco real.","O carro desacelera automaticamente, prevenindo acidente.",/Users/lucianodiisouza/Documents/projects/autocurso-2000/Banco Nacional de Questões.pdf
p2-m4-q36,2,4,"Cuidar, Agir e Preservar",36,facil,"Um motorista nota que as palhetas do limpador de para-brisa estão deixando marcas e
rastros de água no vidro, dificultando a visão. O que isso indica?",,Que as palhetas estão ressecadas ou gastas e precisam ser trocadas.,"Quando a borracha das palhetas perde a flexibilidade ou se danifica, ela não consegue mais
remover a água de forma uniforme, devendo ser substituídas.",Que o reservatório de água do limpador está vazio.,Que o motor do limpador de para-brisa está sem força.,Que está tudo funcionando corretamente,/Users/lucianodiisouza/Documents/projects/autocurso-2000/Banco Nacional de Questões.pdf
